Num,Place,Date,Time_UT,Magnitude,Depth,Easting,Northing,Field,Province
1,Groningen,05/12/1991,00:24:55,2.4,3.00,239542.07,597591.65,Groningen,Groningen
2,Groningen,06/12/1992,20:34:32,1.3,3.00,245147.22,593463.70,Groningen,Groningen
3,Groningen,11/12/1992,13:00:50,1.4,3.00,245844.83,581231.95,Groningen,Groningen
4,Groningen,12/02/1993,11:46:00,1.0,3.00,253735.57,590738.41,Groningen,Groningen
5,Groningen,12/03/1993,22:12:41,0.9,3.00,249828.85,575742.99,Groningen,Groningen
6,Groningen,26/03/1993,18:34:21,1.1,3.00,248888.15,589639.26,Groningen,Groningen
7,Groningen,14/05/1993,19:39:42,1.1,3.00,248711.32,591862.20,Groningen,Groningen
8,Groningen,27/06/1993,02:08:51,1.4,3.00,239158.07,592909.60,Groningen,Groningen
9,Groningen,27/06/1993,02:57:10,1.0,3.00,239826.43,592810.05,Groningen,Groningen
10,Groningen,10/07/1993,00:22:34,1.4,3.00,251581.35,595036.16,Groningen,Groningen
11,Groningen,27/07/1993,13:39:18,0.8,3.00,249643.03,595331.47,Groningen,Groningen
12,Groningen,23/08/1993,00:51:21,0.7,3.00,252316.33,594939.70,Groningen,Groningen
13,Groningen,04/09/1993,02:24:50,1.4,3.00,246721.40,598280.35,Groningen,Groningen
14,Groningen,22/09/1993,17:37:03,2.0,3.00,240720.49,598725.78,Groningen,Groningen
15,Groningen,25/09/1993,00:21:33,0.9,3.00,250191.36,581093.34,Groningen,Groningen
16,Groningen,23/11/1993,12:31:47,2.2,3.00,250739.07,580436.30,Groningen,Groningen
17,Groningen,22/12/1993,02:04:42,1.6,3.00,246068.34,590586.80,Groningen,Groningen
18,Groningen,04/02/1994,21:32:38,1.3,3.00,247642.69,591952.77,Groningen,Groningen
19,Groningen,28/02/1994,21:00:16,0.6,3.00,243711.51,599002.89,Groningen,Groningen
20,Groningen,02/03/1994,10:36:38,1.5,3.00,249701.55,588987.31,Groningen,Groningen
21,Groningen,06/03/1994,20:02:31,1.0,3.00,249471.71,593880.90,Groningen,Groningen
22,Groningen,14/03/1994,09:31:01,1.3,3.00,249623.26,596332.98,Groningen,Groningen
23,Groningen,14/03/1994,10:44:00,1.6,3.00,241009.29,601179.98,Groningen,Groningen
24,Groningen,14/03/1994,22:32:09,1.1,3.00,245928.86,576780.96,Groningen,Groningen
25,Groningen,24/03/1994,05:29:03,0.8,3.00,259949.01,593319.47,Groningen,Groningen
26,Groningen,04/04/1994,18:46:11,1.3,3.00,251111.05,588570.03,Groningen,Groningen
27,Groningen,07/05/1994,20:08:53,1.0,3.00,249286.61,579517.09,Groningen,Groningen
28,Groningen,10/05/1994,01:34:11,0.8,3.00,251687.59,583126.92,Groningen,Groningen
29,Groningen,05/06/1994,02:14:50,1.0,3.00,259202.54,590853.99,Groningen,Groningen
30,Groningen,06/06/1994,04:08:26,1.0,3.00,251041.54,575321.74,Groningen,Groningen
31,Groningen,08/06/1994,22:20:24,1.5,3.00,241204.43,597732.60,Groningen,Groningen
32,Groningen,26/06/1994,17:44:38,1.0,3.00,252575.98,595278.95,Groningen,Groningen
33,Groningen,27/06/1994,20:58:53,1.7,3.00,246925.87,604963.65,Groningen,Groningen
34,Groningen,19/07/1994,08:17:29,2.0,3.00,245238.08,599254.06,Groningen,Groningen
35,Groningen,30/07/1994,09:18:20,2.7,1.00,237624.84,596778.99,Groningen,Groningen
36,Groningen,30/07/1994,09:53:29,1.3,1.00,234203.19,598279.61,Groningen,Groningen
37,Groningen,26/10/1994,21:41:01,1.2,3.00,245101.72,585225.34,Groningen,Groningen
38,Groningen,13/12/1994,21:50:46,1.0,3.00,250228.49,589331.69,Groningen,Groningen
39,Groningen,24/01/1995,09:38:39,1.3,3.00,255617.67,593226.64,Groningen,Groningen
40,Groningen,21/03/1995,16:37:44,1.1,3.00,256395.91,606825.07,Groningen,Groningen
41,Groningen,06/04/1995,08:03:43,2.0,3.00,241069.28,597841.49,Groningen,Groningen
42,Groningen,15/05/1995,09:52:39,1.8,3.00,258833.06,592515.89,Groningen,Groningen
43,Groningen,15/07/1995,16:05:39,1.0,3.00,250930.64,580885.39,Groningen,Groningen
44,Groningen,21/07/1995,23:24:40,1.1,3.00,260113.09,588869.97,Groningen,Groningen
45,Groningen,13/09/1995,21:34:36,1.1,3.00,244316.53,595117.94,Groningen,Groningen
46,Groningen,02/11/1995,01:07:00,1.6,3.00,243615.45,596997.36,Groningen,Groningen
47,Groningen,04/11/1995,05:50:43,1.8,3.00,243638.08,610133.77,Groningen,Groningen
48,Groningen,20/11/1995,02:20:54,1.1,3.00,246623.75,592935.08,Groningen,Groningen
49,Groningen,12/02/1996,14:02:24,0.9,3.00,247082.80,586376.06,Groningen,Groningen
50,Groningen,29/02/1996,08:07:34,2.0,3.00,238439.37,595902.57,Groningen,Groningen
51,Groningen,16/03/1996,04:16:32,1.4,3.00,252393.12,591156.27,Groningen,Groningen
52,Groningen,15/04/1996,03:41:31,0.9,3.00,241744.66,589950.13,Groningen,Groningen
53,Groningen,17/04/1996,19:05:12,0.9,3.00,254589.92,597769.54,Groningen,Groningen
54,Groningen,21/04/1996,21:36:02,0.5,3.00,235380.80,599523.71,Groningen,Groningen
55,Groningen,25/04/1996,23:22:20,0.9,3.00,253260.74,597630.76,Groningen,Groningen
56,Groningen,07/06/1996,08:34:07,1.3,3.00,247702.89,592287.89,Groningen,Groningen
57,Groningen,09/08/1996,06:38:47,1.6,3.00,259752.89,590086.69,Groningen,Groningen
58,Groningen,16/11/1996,03:33:49,1.3,3.00,246072.67,597377.40,Groningen,Groningen
59,Groningen,26/12/1996,19:52:05,-0.2,3.00,246938.69,586929.89,Groningen,Groningen
60,Groningen,08/01/1997,01:20:54,1.5,3.00,243311.24,595433.27,Groningen,Groningen
61,Groningen,17/02/1997,07:20:55,1.6,3.00,245805.38,600934.61,Groningen,Groningen
62,Groningen,25/03/1997,00:13:07,-0.2,3.00,245823.32,585906.82,Groningen,Groningen
63,Groningen,09/04/1997,22:21:43,0.5,3.00,253750.24,580274.51,Groningen,Groningen
64,Groningen,29/04/1997,18:16:46,1.4,3.00,249500.42,585643.76,Groningen,Groningen
65,Groningen,04/05/1997,02:42:39,1.1,3.00,257854.83,591492.88,Groningen,Groningen
66,Groningen,04/05/1997,04:29:09,0.8,3.00,245314.42,573875.26,Groningen,Groningen
67,Groningen,06/06/1997,19:39:18,1.2,3.00,254206.87,590525.48,Groningen,Groningen
68,Groningen,19/06/1997,23:19:25,1.8,3.00,245920.50,598376.40,Groningen,Groningen
69,Groningen,23/07/1997,06:44:36,1.2,3.00,246167.56,585356.75,Groningen,Groningen
70,Groningen,23/08/1997,19:39:35,1.6,3.00,241511.40,584380.17,Groningen,Groningen
71,Groningen,13/09/1997,21:30:41,1.1,3.00,245575.79,595475.53,Groningen,Groningen
72,Groningen,01/11/1997,22:56:25,1.4,3.00,242596.97,605327.67,Groningen,Groningen
73,Groningen,04/11/1997,19:55:01,1.7,3.00,248661.32,594421.61,Groningen,Groningen
74,Groningen,20/11/1997,17:35:21,1.2,3.00,248859.60,580844.55,Groningen,Groningen
75,Groningen,26/11/1997,02:35:37,0.2,3.00,246953.59,586150.95,Groningen,Groningen
76,Groningen,03/12/1997,14:47:19,1.8,3.00,255704.03,589109.45,Groningen,Groningen
77,Groningen,03/12/1997,15:01:03,1.3,3.00,253182.53,585160.97,Groningen,Groningen
78,Groningen,31/01/1998,08:39:39,0.7,3.00,245656.68,584122.61,Groningen,Groningen
79,Groningen,05/02/1998,21:11:49,1.1,3.00,258209.67,590498.56,Groningen,Groningen
80,Groningen,15/02/1998,07:24:16,2.6,3.00,247268.93,597511.61,Groningen,Groningen
81,Groningen,29/03/1998,06:06:40,1.3,3.00,244428.98,596233.23,Groningen,Groningen
82,Groningen,19/04/1998,08:00:12,1.5,3.00,243975.22,595556.87,Groningen,Groningen
83,Groningen,19/04/1998,15:32:35,1.6,3.00,241072.23,605077.33,Groningen,Groningen
84,Groningen,30/04/1998,01:08:41,0.9,3.00,243199.24,579735.65,Groningen,Groningen
85,Groningen,18/05/1998,22:03:42,1.3,3.00,244439.44,602801.36,Groningen,Groningen
86,Groningen,30/05/1998,09:43:15,0.9,3.00,247863.93,580491.28,Groningen,Groningen
87,Groningen,14/08/1998,19:25:16,1.1,3.00,249625.11,579301.10,Groningen,Groningen
88,Groningen,24/08/1998,04:28:58,2.4,3.00,249859.84,591105.53,Groningen,Groningen
89,Groningen,04/10/1998,03:28:32,1.0,3.00,245610.83,597146.00,Groningen,Groningen
90,Groningen,12/12/1998,07:51:39,2.0,3.00,242202.68,601424.22,Groningen,Groningen
91,Groningen,26/12/1998,23:48:02,1.6,3.00,251378.23,581896.20,Groningen,Groningen
92,Groningen,13/01/1999,19:36:37,2.1,3.00,247528.78,597850.59,Groningen,Groningen
93,Groningen,31/01/1999,04:53:00,0.4,3.00,250955.39,586340.51,Groningen,Groningen
94,Groningen,06/03/1999,05:56:39,1.6,3.00,247668.48,594068.36,Groningen,Groningen
95,Groningen,21/04/1999,10:59:56,1.4,3.00,251828.36,592703.36,Groningen,Groningen
96,Groningen,08/05/1999,20:40:18,1.6,3.00,242471.76,593970.74,Groningen,Groningen
97,Groningen,21/05/1999,00:09:38,0.7,3.00,250488.82,576201.29,Groningen,Groningen
98,Groningen,10/08/1999,23:24:18,1.4,3.00,244152.53,600346.93,Groningen,Groningen
99,Groningen,11/08/1999,01:18:00,0.7,3.00,242562.32,596310.08,Groningen,Groningen
100,Groningen,08/12/1999,05:39:28,0.3,3.00,249586.69,577853.23,Groningen,Groningen
101,Groningen,09/12/1999,09:38:00,1.1,3.00,249506.98,585309.94,Groningen,Groningen
102,Groningen,09/12/1999,09:52:12,1.0,3.00,249310.58,578293.08,Groningen,Groningen
103,Groningen,10/12/1999,06:13:32,1.4,3.00,248926.88,577395.05,Groningen,Groningen
104,Groningen,20/12/1999,12:29:29,1.5,3.00,243082.78,596987.53,Groningen,Groningen
105,Groningen,21/12/1999,04:52:37,1.0,3.00,247089.84,579029.31,Groningen,Groningen
106,Groningen,24/12/1999,23:52:41,1.8,3.00,258939.83,593742.80,Groningen,Groningen
107,Groningen,12/02/2000,19:48:10,1.7,3.50,250608.81,593680.79,Groningen,Groningen
108,Groningen,19/03/2000,16:13:36,1.6,3.00,242302.03,595971.38,Groningen,Groningen
109,Groningen,08/04/2000,11:07:29,1.2,3.00,238172.11,580536.65,Groningen,Groningen
110,Groningen,08/04/2000,21:13:17,1.1,3.00,252030.82,599164.24,Groningen,Groningen
111,Groningen,14/04/2000,23:07:47,1.2,3.00,247305.14,592168.91,Groningen,Groningen
112,Groningen,16/05/2000,01:11:14,1.9,3.00,243025.49,600103.44,Groningen,Groningen
113,Groningen,11/06/2000,04:12:20,2.0,3.00,246620.19,596608.59,Groningen,Groningen
114,Groningen,12/06/2000,15:48:23,2.5,3.00,245238.58,595691.81,Groningen,Groningen
115,Groningen,15/06/2000,01:42:24,2.5,3.00,252367.08,589151.94,Groningen,Groningen
116,Groningen,06/07/2000,23:09:56,1.2,3.00,245904.59,595704.39,Groningen,Groningen
117,Groningen,16/07/2000,01:34:12,1.5,3.00,247844.38,598747.27,Groningen,Groningen
118,Groningen,26/12/2000,16:33:57,1.4,3.00,256535.74,590796.83,Groningen,Groningen
119,Groningen,18/03/2001,04:14:20,1.6,3.00,242104.16,584836.14,Groningen,Groningen
120,Groningen,21/06/2001,03:50:49,1.7,3.00,249199.74,590758.56,Groningen,Groningen
121,Groningen,10/10/2001,14:06:43,1.0,3.00,246852.02,584479.25,Groningen,Groningen
122,Groningen,10/10/2001,14:06:57,0.8,3.00,246849.89,584590.52,Groningen,Groningen
123,Groningen,04/12/2001,19:08:31,0.2,3.00,248396.27,580612.90,Groningen,Groningen
124,Groningen,04/12/2001,19:08:37,0.0,3.00,248396.27,580612.90,Groningen,Groningen
125,Groningen,04/12/2001,22:33:37,1.0,3.00,245577.62,581226.91,Groningen,Groningen
126,Groningen,11/12/2001,15:17:17,0.7,3.00,248568.57,582063.37,Groningen,Groningen
127,Groningen,25/12/2001,23:28:11,1.1,3.00,241128.32,601961.36,Groningen,Groningen
128,Groningen,05/02/2002,10:30:39,2.2,3.00,243616.73,593323.86,Groningen,Groningen
129,Groningen,27/02/2002,03:52:14,1.1,3.00,250906.33,595467.90,Groningen,Groningen
130,Groningen,10/05/2002,10:33:48,1.7,3.00,252811.27,600070.73,Groningen,Groningen
131,Groningen,18/07/2002,05:31:16,1.6,3.00,248297.15,578829.92,Groningen,Groningen
132,Groningen,29/08/2002,21:13:22,0.0,3.00,245767.09,585349.17,Groningen,Groningen
133,Groningen,17/12/2002,00:23:18,0.9,3.00,253209.04,590393.64,Groningen,Groningen
134,Groningen,18/12/2002,20:31:09,0.8,3.00,252603.92,577468.16,Groningen,Groningen
135,Groningen,01/01/2003,19:16:15,1.0,3.00,245311.47,595359.22,Groningen,Groningen
136,Groningen,18/01/2003,18:12:43,1.0,3.00,247216.73,589829.50,Groningen,Groningen
137,Groningen,23/01/2003,07:46:16,1.6,3.00,245974.24,592032.16,Groningen,Groningen
138,Groningen,30/01/2003,01:27:30,1.5,3.00,248630.89,595979.52,Groningen,Groningen
139,Groningen,31/01/2003,15:20:47,0.3,3.00,248135.49,583724.72,Groningen,Groningen
140,Groningen,06/02/2003,19:25:24,0.3,3.00,247143.13,586711.17,Groningen,Groningen
141,Groningen,11/02/2003,19:29:49,1.3,3.00,247277.50,597066.49,Groningen,Groningen
142,Groningen,12/02/2003,06:22:20,0.8,3.00,250072.46,587102.20,Groningen,Groningen
143,Groningen,28/02/2003,21:54:18,0.7,3.00,244408.21,597346.04,Groningen,Groningen
144,Groningen,03/03/2003,20:51:21,2.2,3.00,239871.00,597820.11,Groningen,Groningen
145,Groningen,06/03/2003,20:15:18,0.9,3.00,246391.22,573561.61,Groningen,Groningen
146,Groningen,09/03/2003,05:31:26,1.1,3.00,238383.17,599129.78,Groningen,Groningen
147,Groningen,23/03/2003,16:00:03,1.5,3.00,247716.58,608763.99,Groningen,Groningen
148,Groningen,29/03/2003,21:09:01,0.4,3.00,241448.64,584156.42,Groningen,Groningen
149,Groningen,01/04/2003,00:25:52,0.3,3.00,252510.29,598506.03,Groningen,Groningen
150,Groningen,02/04/2003,20:19:48,1.9,3.00,243640.14,595661.98,Groningen,Groningen
151,Groningen,05/04/2003,16:49:48,0.3,3.00,238030.81,580979.45,Groningen,Groningen
152,Groningen,06/04/2003,00:07:50,0.1,3.00,248916.44,588192.65,Groningen,Groningen
153,Groningen,06/04/2003,00:57:27,1.0,3.00,246055.77,580679.36,Groningen,Groningen
154,Groningen,06/04/2003,23:02:04,0.7,3.00,246922.17,580807.15,Groningen,Groningen
155,Groningen,16/04/2003,16:20:42,0.7,3.00,247563.02,589168.25,Groningen,Groningen
156,Groningen,18/04/2003,23:59:55,0.0,3.00,246186.56,584355.26,Groningen,Groningen
157,Groningen,20/04/2003,00:19:39,0.1,3.00,245969.43,585241.68,Groningen,Groningen
158,Groningen,28/04/2003,21:56:11,1.0,3.00,244357.64,589330.16,Groningen,Groningen
159,Groningen,29/04/2003,02:55:04,1.3,3.00,244555.63,589445.16,Groningen,Groningen
160,Groningen,14/05/2003,20:52:15,0.8,3.00,253626.93,586283.28,Groningen,Groningen
161,Groningen,14/05/2003,22:23:46,0.8,3.00,252418.97,586592.61,Groningen,Groningen
162,Groningen,31/05/2003,23:12:25,0.8,3.00,254310.35,585518.11,Groningen,Groningen
163,Groningen,03/06/2003,16:15:38,1.5,3.00,241315.09,595285.59,Groningen,Groningen
164,Groningen,06/06/2003,14:27:16,0.7,3.00,241472.65,582821.09,Groningen,Groningen
165,Groningen,08/06/2003,05:30:47,1.0,3.00,248622.67,579281.50,Groningen,Groningen
166,Groningen,08/06/2003,08:14:16,1.5,3.00,245049.57,588007.28,Groningen,Groningen
167,Groningen,07/08/2003,08:24:21,1.7,3.00,246285.12,596713.51,Groningen,Groningen
168,Groningen,07/08/2003,10:56:39,1.3,3.00,245627.67,596255.75,Groningen,Groningen
169,Groningen,22/09/2003,17:50:11,2.4,3.00,241531.43,601745.99,Groningen,Groningen
170,Groningen,27/09/2003,13:57:54,2.7,3.00,242225.30,596526.57,Groningen,Groningen
171,Groningen,24/10/2003,01:52:41,3.0,3.00,248666.38,590748.12,Groningen,Groningen
172,Groningen,26/10/2003,09:17:00,1.2,3.00,248380.21,591744.43,Groningen,Groningen
173,Groningen,29/10/2003,14:30:09,1.0,3.00,248288.52,579275.01,Groningen,Groningen
174,Groningen,10/11/2003,00:22:38,3.0,3.00,241805.51,593958.64,Groningen,Groningen
175,Groningen,10/11/2003,02:40:55,1.4,3.00,243088.92,596653.69,Groningen,Groningen
176,Groningen,16/11/2003,20:04:11,2.7,3.00,242566.38,596087.52,Groningen,Groningen
177,Groningen,26/12/2003,10:09:58,1.4,3.00,249278.40,593543.13,Groningen,Groningen
178,Groningen,29/12/2003,13:09:59,1.5,3.00,258285.01,596289.18,Groningen,Groningen
179,Groningen,12/01/2004,01:05:47,1.6,3.00,245755.28,578892.65,Groningen,Groningen
180,Groningen,24/01/2004,13:53:44,1.0,3.00,243915.53,587986.15,Groningen,Groningen
181,Groningen,30/01/2004,11:47:40,1.2,3.00,253689.79,592963.94,Groningen,Groningen
182,Groningen,08/03/2004,01:41:16,0.4,3.00,255540.34,590553.23,Groningen,Groningen
183,Groningen,21/03/2004,17:05:44,1.4,3.00,257161.38,586468.45,Groningen,Groningen
184,Groningen,26/03/2004,02:32:45,0.5,3.00,253383.42,588393.41,Groningen,Groningen
185,Groningen,30/04/2004,22:12:43,0.5,3.00,243465.81,583413.91,Groningen,Groningen
186,Groningen,10/06/2004,01:13:26,2.1,3.00,239876.39,601271.08,Groningen,Groningen
187,Groningen,27/07/2004,22:49:45,1.2,3.00,254089.55,596200.60,Groningen,Groningen
188,Groningen,21/08/2004,01:06:32,1.8,3.00,249019.79,576061.08,Groningen,Groningen
189,Groningen,22/09/2004,12:44:33,1.5,3.00,245365.98,592465.94,Groningen,Groningen
190,Groningen,30/10/2004,11:40:52,1.4,3.00,247601.81,597518.03,Groningen,Groningen
191,Groningen,13/11/2004,12:15:57,1.2,3.00,249341.83,590316.07,Groningen,Groningen
192,Groningen,24/11/2004,18:18:57,1.9,3.00,246078.90,590030.41,Groningen,Groningen
193,Groningen,25/11/2004,14:25:54,0.6,3.00,247549.12,579483.37,Groningen,Groningen
194,Groningen,26/11/2004,06:58:01,1.6,3.00,244959.84,592792.27,Groningen,Groningen
195,Groningen,16/12/2004,21:14:30,0.8,3.00,239457.53,583453.15,Groningen,Groningen
196,Groningen,09/01/2005,23:59:38,1.7,3.00,248938.70,593870.43,Groningen,Groningen
197,Groningen,17/01/2005,00:00:55,1.1,3.00,249684.78,593217.17,Groningen,Groningen
198,Groningen,30/01/2005,02:31:34,1.0,3.00,242035.59,588619.61,Groningen,Groningen
199,Groningen,08/02/2005,13:20:33,2.3,3.00,238358.39,592895.63,Groningen,Groningen
200,Groningen,16/02/2005,10:46:17,1.3,3.00,248496.07,602878.93,Groningen,Groningen
201,Groningen,18/02/2005,12:55:46,1.3,3.00,244772.37,595683.05,Groningen,Groningen
202,Groningen,18/02/2005,18:49:25,0.5,3.00,246001.02,583572.53,Groningen,Groningen
203,Groningen,18/02/2005,22:05:52,1.6,3.00,244448.75,584433.93,Groningen,Groningen
204,Groningen,20/02/2005,06:03:24,0.0,3.00,249125.27,577510.24,Groningen,Groningen
205,Groningen,25/02/2005,03:46:09,1.6,3.00,249909.46,595336.74,Groningen,Groningen
206,Groningen,01/03/2005,16:31:59,1.2,3.00,257259.85,594374.64,Groningen,Groningen
207,Groningen,08/03/2005,23:00:58,0.9,3.00,256947.02,587131.84,Groningen,Groningen
208,Groningen,10/03/2005,02:04:39,2.0,3.00,249763.05,596001.77,Groningen,Groningen
209,Groningen,21/03/2005,10:58:33,0.9,3.00,247080.66,586487.33,Groningen,Groningen
210,Groningen,02/04/2005,23:21:08,1.2,3.00,249120.92,587974.02,Groningen,Groningen
211,Groningen,18/04/2005,19:11:16,1.0,3.00,249467.60,587312.91,Groningen,Groningen
212,Groningen,21/04/2005,20:49:21,0.9,3.00,254875.92,590428.03,Groningen,Groningen
213,Groningen,22/04/2005,00:14:49,0.8,3.00,252977.90,595175.82,Groningen,Groningen
214,Groningen,30/04/2005,19:28:02,1.0,3.00,242402.74,597754.31,Groningen,Groningen
215,Groningen,17/05/2005,08:50:14,1.0,3.00,255546.64,583873.98,Groningen,Groningen
216,Groningen,25/05/2005,21:33:46,1.1,3.00,252761.56,579586.41,Groningen,Groningen
217,Groningen,30/05/2005,15:36:45,2.3,3.00,243101.19,595986.00,Groningen,Groningen
218,Groningen,22/06/2005,16:02:02,1.5,3.00,250322.38,594676.99,Groningen,Groningen
219,Groningen,09/07/2005,17:01:37,1.1,3.00,241646.92,584271.30,Groningen,Groningen
220,Groningen,17/07/2005,18:07:07,1.8,3.00,245615.74,593361.21,Groningen,Groningen
221,Groningen,25/07/2005,03:21:58,0.8,3.00,243502.65,581410.93,Groningen,Groningen
222,Groningen,05/08/2005,19:23:02,2.2,3.00,250141.27,576862.31,Groningen,Groningen
223,Groningen,10/09/2005,02:05:11,1.2,3.00,247288.01,593059.14,Groningen,Groningen
224,Groningen,05/10/2005,09:16:02,1.7,3.00,238595.85,594569.50,Groningen,Groningen
225,Groningen,23/10/2005,17:03:38,1.9,3.00,240724.48,598503.21,Groningen,Groningen
226,Groningen,11/11/2005,17:02:29,1.4,3.00,242476.37,582727.92,Groningen,Groningen
227,Groningen,02/01/2006,12:00:45,1.1,3.00,242318.56,584060.82,Groningen,Groningen
228,Groningen,14/01/2006,22:29:54,0.3,3.00,247251.22,577585.30,Groningen,Groningen
229,Groningen,18/01/2006,08:12:46,1.5,3.00,246876.93,590156.94,Groningen,Groningen
230,Groningen,18/01/2006,22:08:15,1.6,3.00,247444.63,588386.73,Groningen,Groningen
231,Groningen,20/01/2006,20:22:50,1.3,3.00,245113.75,595244.18,Groningen,Groningen
232,Groningen,23/01/2006,11:17:39,1.9,3.00,242450.06,584174.53,Groningen,Groningen
233,Groningen,28/01/2006,03:00:42,1.1,3.00,250211.73,600240.97,Groningen,Groningen
234,Groningen,11/02/2006,20:01:35,1.3,3.00,252421.23,586481.33,Groningen,Groningen
235,Groningen,12/02/2006,14:36:38,1.5,3.00,248862.04,590974.59,Groningen,Groningen
236,Groningen,24/02/2006,04:50:30,1.3,3.00,248362.88,592634.66,Groningen,Groningen
237,Groningen,04/03/2006,04:32:33,1.8,3.00,245648.94,573881.54,Groningen,Groningen
238,Groningen,21/03/2006,14:50:33,2.4,3.00,246184.77,591479.57,Groningen,Groningen
239,Groningen,23/03/2006,03:12:23,2.2,3.00,247758.79,589394.66,Groningen,Groningen
240,Groningen,05/04/2006,01:41:09,1.4,3.00,255086.15,596332.64,Groningen,Groningen
241,Groningen,12/04/2006,05:20:29,1.2,3.00,251722.56,588025.71,Groningen,Groningen
242,Groningen,13/04/2006,07:38:51,1.5,3.00,239106.15,584448.81,Groningen,Groningen
243,Groningen,16/04/2006,13:51:52,1.9,3.00,248033.98,592405.62,Groningen,Groningen
244,Groningen,16/04/2006,18:44:54,1.1,3.00,247161.15,592722.74,Groningen,Groningen
245,Groningen,19/04/2006,17:39:15,1.6,3.00,241450.31,595176.71,Groningen,Groningen
246,Groningen,22/04/2006,03:41:54,1.5,3.00,245936.25,594035.19,Groningen,Groningen
247,Groningen,22/04/2006,17:03:13,0.4,3.00,235569.20,600194.77,Groningen,Groningen
248,Groningen,23/04/2006,01:18:18,0.9,3.00,254633.87,595655.26,Groningen,Groningen
249,Groningen,02/05/2006,16:52:01,1.0,3.00,248958.32,592868.92,Groningen,Groningen
250,Groningen,03/05/2006,19:16:37,1.2,3.00,247010.28,590159.49,Groningen,Groningen
251,Groningen,07/05/2006,16:11:32,1.4,3.00,243563.26,596217.16,Groningen,Groningen
252,Groningen,22/05/2006,20:23:40,0.9,3.00,242508.72,584620.85,Groningen,Groningen
253,Groningen,06/06/2006,03:17:34,1.4,3.00,249991.79,584428.94,Groningen,Groningen
254,Groningen,08/06/2006,23:31:06,0.8,3.00,241976.69,584499.88,Groningen,Groningen
255,Groningen,16/06/2006,21:06:46,1.6,3.00,247206.04,590385.89,Groningen,Groningen
256,Groningen,17/06/2006,02:43:08,1.2,3.00,247062.02,590939.72,Groningen,Groningen
257,Groningen,17/06/2006,13:16:21,1.4,3.00,252587.31,594722.56,Groningen,Groningen
258,Groningen,23/06/2006,22:35:43,1.7,3.00,246686.14,593158.91,Groningen,Groningen
259,Groningen,24/06/2006,16:42:19,1.2,3.00,250631.03,595907.69,Groningen,Groningen
260,Groningen,12/07/2006,00:13:56,0.9,3.00,249903.30,599010.28,Groningen,Groningen
261,Groningen,12/07/2006,22:56:23,1.3,3.00,253701.23,592407.56,Groningen,Groningen
262,Groningen,16/07/2006,08:10:39,1.5,3.00,253648.31,591738.53,Groningen,Groningen
263,Groningen,08/08/2006,05:04:00,3.5,3.00,242221.25,596749.14,Groningen,Groningen
264,Groningen,08/08/2006,09:49:23,2.5,3.00,242889.16,596650.02,Groningen,Groningen
265,Groningen,11/08/2006,06:21:23,1.1,3.00,240816.77,582141.46,Groningen,Groningen
266,Groningen,26/08/2006,22:41:18,2.3,3.00,243234.39,595988.45,Groningen,Groningen
267,Groningen,27/09/2006,23:30:44,1.6,3.00,241521.21,598628.86,Groningen,Groningen
268,Groningen,06/10/2006,00:10:28,1.6,3.00,248517.86,591524.47,Groningen,Groningen
269,Groningen,23/10/2006,13:38:05,2.3,3.00,244905.32,599247.80,Groningen,Groningen
270,Groningen,25/10/2006,09:45:41,1.4,3.00,257328.84,594264.79,Groningen,Groningen
271,Groningen,26/10/2006,13:59:37,1.4,3.00,242664.25,601655.29,Groningen,Groningen
272,Groningen,05/11/2006,15:00:25,1.2,3.00,248714.15,588300.02,Groningen,Groningen
273,Groningen,10/01/2007,18:36:28,1.5,3.00,254629.25,595877.81,Groningen,Groningen
274,Groningen,18/01/2007,22:29:44,0.9,3.00,247044.41,588379.05,Groningen,Groningen
275,Groningen,26/01/2007,00:20:09,2.3,3.00,246079.01,597043.55,Groningen,Groningen
276,Groningen,31/01/2007,01:03:35,1.2,3.00,240520.82,598722.21,Groningen,Groningen
277,Groningen,04/02/2007,04:47:35,0.6,3.00,239632.23,596257.44,Groningen,Groningen
278,Groningen,16/02/2007,11:14:09,1.5,3.00,242802.15,583179.12,Groningen,Groningen
279,Groningen,17/02/2007,01:41:14,2.6,3.00,242870.96,583069.06,Groningen,Groningen
280,Groningen,17/02/2007,02:21:08,0.9,3.00,241533.43,583156.12,Groningen,Groningen
281,Groningen,17/02/2007,19:58:01,0.9,3.00,252872.65,597066.19,Groningen,Groningen
282,Groningen,03/03/2007,06:43:33,1.1,3.00,243188.52,583965.39,Groningen,Groningen
283,Groningen,11/03/2007,01:08:14,1.1,3.00,247799.58,594182.21,Groningen,Groningen
284,Groningen,21/03/2007,23:04:36,1.2,3.00,244112.90,584539.01,Groningen,Groningen
285,Groningen,30/03/2007,16:25:05,1.2,3.00,243119.71,584075.44,Groningen,Groningen
286,Groningen,01/04/2007,15:42:37,0.7,3.00,241996.83,583387.11,Groningen,Groningen
287,Groningen,13/04/2007,14:57:28,1.2,3.00,245544.11,583007.33,Groningen,Groningen
288,Groningen,14/05/2007,12:19:24,2.0,3.00,242592.82,594640.86,Groningen,Groningen
289,Groningen,19/05/2007,05:33:22,0.4,3.00,251360.38,576107.32,Groningen,Groningen
290,Groningen,09/06/2007,20:07:33,2.1,3.00,245544.25,597144.74,Groningen,Groningen
291,Groningen,10/06/2007,17:27:40,1.7,3.00,236673.44,593979.79,Groningen,Groningen
292,Groningen,11/06/2007,02:18:12,1.1,3.00,239348.20,593469.52,Groningen,Groningen
293,Groningen,23/06/2007,02:01:45,1.2,3.00,242687.92,593084.15,Groningen,Groningen
294,Groningen,15/08/2007,05:49:24,1.5,3.00,244512.25,598906.47,Groningen,Groningen
295,Groningen,17/09/2007,05:01:20,1.5,3.00,249092.70,596211.21,Groningen,Groningen
296,Groningen,18/09/2007,06:16:33,0.9,3.00,249328.58,584193.25,Groningen,Groningen
297,Groningen,28/09/2007,05:26:40,1.2,3.00,237316.75,595326.58,Groningen,Groningen
298,Groningen,30/09/2007,14:17:35,2.1,3.00,248618.34,579504.05,Groningen,Groningen
299,Groningen,27/10/2007,01:57:51,2.0,3.00,245652.92,594920.39,Groningen,Groningen
300,Groningen,13/11/2007,10:26:05,1.7,3.00,250737.59,590566.35,Groningen,Groningen
301,Groningen,07/01/2008,21:53:16,1.1,3.00,239834.59,584795.55,Groningen,Groningen
302,Groningen,24/01/2008,19:21:01,1.5,3.00,247611.66,579707.21,Groningen,Groningen
303,Groningen,12/02/2008,02:48:49,0.9,3.00,248031.82,592516.90,Groningen,Groningen
304,Groningen,19/02/2008,15:44:51,0.9,3.00,246904.21,578246.55,Groningen,Groningen
305,Groningen,29/03/2008,16:57:22,1.4,3.00,252006.63,590480.51,Groningen,Groningen
306,Groningen,31/03/2008,07:06:02,1.2,3.00,242429.13,596307.65,Groningen,Groningen
307,Groningen,07/04/2008,04:32:22,1.2,3.00,255669.02,590778.58,Groningen,Groningen
308,Groningen,11/04/2008,22:51:26,1.1,3.00,254227.57,589524.00,Groningen,Groningen
309,Groningen,28/04/2008,02:47:01,1.3,3.00,253284.16,586721.55,Groningen,Groningen
310,Groningen,09/05/2008,21:33:03,1.3,3.00,244218.05,589661.51,Groningen,Groningen
311,Groningen,10/05/2008,23:20:35,1.2,3.00,244333.11,594227.70,Groningen,Groningen
312,Groningen,18/05/2008,13:23:46,2.2,2.80,244233.58,599569.20,Groningen,Groningen
313,Groningen,19/05/2008,15:07:29,1.9,3.00,245136.76,594020.10,Groningen,Groningen
314,Groningen,30/05/2008,14:48:08,1.3,3.00,237847.92,603127.94,Groningen,Groningen
315,Groningen,01/06/2008,11:00:58,1.3,3.00,247971.64,592181.78,Groningen,Groningen
316,Groningen,10/06/2008,20:51:05,0.9,3.00,248167.27,592408.21,Groningen,Groningen
317,Groningen,22/06/2008,21:06:15,0.9,3.00,252105.57,585584.38,Groningen,Groningen
318,Groningen,10/07/2008,06:57:33,2.5,3.00,254539.53,596989.21,Groningen,Groningen
319,Groningen,23/07/2008,20:05:12,1.2,3.00,240229.46,581351.83,Groningen,Groningen
320,Groningen,23/08/2008,19:49:07,0.9,3.00,244127.04,594557.82,Groningen,Groningen
321,Groningen,14/09/2008,20:32:12,1.1,3.00,237263.52,594546.46,Groningen,Groningen
322,Groningen,20/09/2008,08:45:58,1.3,3.00,243115.63,584298.00,Groningen,Groningen
323,Groningen,29/09/2008,10:20:44,1.8,3.00,235840.99,599865.41,Groningen,Groningen
324,Groningen,26/10/2008,02:48:50,1.1,3.00,249647.05,584978.74,Groningen,Groningen
325,Groningen,29/10/2008,16:36:21,1.4,3.00,243127.79,594539.35,Groningen,Groningen
326,Groningen,30/10/2008,05:54:29,3.2,3.00,243779.53,595330.60,Groningen,Groningen
327,Groningen,07/11/2008,16:40:01,2.2,3.00,244686.90,600245.59,Groningen,Groningen
328,Groningen,10/12/2008,03:22:38,1.1,3.00,251102.14,589015.14,Groningen,Groningen
329,Groningen,15/12/2008,20:41:17,1.5,3.00,235788.57,595077.95,Groningen,Groningen
330,Groningen,23/12/2008,15:16:58,1.4,3.00,242978.43,602662.95,Groningen,Groningen
331,Groningen,01/01/2009,09:35:46,1.2,3.00,255918.06,594791.52,Groningen,Groningen
332,Groningen,01/01/2009,16:54:46,1.7,3.00,247180.93,598623.13,Groningen,Groningen
333,Groningen,08/01/2009,01:17:01,1.7,3.00,243557.09,596551.00,Groningen,Groningen
334,Groningen,09/01/2009,20:16:58,1.9,3.00,243305.09,595767.12,Groningen,Groningen
335,Groningen,15/01/2009,12:41:13,1.0,3.00,253898.95,595751.36,Groningen,Groningen
336,Groningen,17/01/2009,06:05:03,1.1,3.00,249138.32,576842.60,Groningen,Groningen
337,Groningen,01/02/2009,04:23:24,2.2,3.00,245063.53,597914.92,Groningen,Groningen
338,Groningen,03/02/2009,06:53:52,1.2,3.00,254153.97,593084.84,Groningen,Groningen
339,Groningen,04/02/2009,12:23:50,1.7,3.00,245163.15,599697.93,Groningen,Groningen
340,Groningen,05/02/2009,11:56:12,1.1,3.00,257321.72,594598.61,Groningen,Groningen
341,Groningen,16/02/2009,09:24:55,1.4,3.00,249193.19,591092.40,Groningen,Groningen
342,Groningen,13/03/2009,14:33:32,1.2,3.00,255871.21,597017.06,Groningen,Groningen
343,Groningen,27/03/2009,02:51:28,1.0,3.00,249837.85,592218.30,Groningen,Groningen
344,Groningen,14/04/2009,21:05:25,2.6,3.00,241099.28,596172.25,Groningen,Groningen
345,Groningen,14/04/2009,23:35:02,0.9,3.00,247730.65,597743.17,Groningen,Groningen
346,Groningen,16/04/2009,17:12:15,2.6,3.00,252159.32,592821.37,Groningen,Groningen
347,Groningen,20/04/2009,14:42:51,1.5,3.00,249730.91,590880.34,Groningen,Groningen
348,Groningen,01/05/2009,14:13:01,1.2,3.00,244016.46,582533.55,Groningen,Groningen
349,Groningen,04/05/2009,11:31:16,1.8,3.00,247868.11,597523.19,Groningen,Groningen
350,Groningen,07/05/2009,01:20:23,1.4,3.00,247552.33,600077.49,Groningen,Groningen
351,Groningen,07/05/2009,03:42:12,1.6,3.00,244355.92,593003.62,Groningen,Groningen
352,Groningen,07/05/2009,13:14:42,1.2,3.00,244152.82,585986.85,Groningen,Groningen
353,Groningen,08/05/2009,05:23:11,3.0,3.00,246540.84,597275.00,Groningen,Groningen
354,Groningen,26/05/2009,00:07:59,1.3,3.00,257850.06,591715.43,Groningen,Groningen
355,Groningen,26/05/2009,11:00:36,1.3,3.00,257688.16,593047.87,Groningen,Groningen
356,Groningen,01/06/2009,02:32:25,0.9,3.00,254549.75,583630.59,Groningen,Groningen
357,Groningen,15/06/2009,15:32:50,1.0,3.00,250086.29,589774.16,Groningen,Groningen
358,Groningen,05/07/2009,10:42:46,1.8,3.00,246174.19,592035.96,Groningen,Groningen
359,Groningen,05/07/2009,18:52:42,1.2,3.00,251687.59,583126.92,Groningen,Groningen
360,Groningen,22/07/2009,00:00:00,1.7,3.00,246876.93,590156.94,Groningen,Groningen
361,Groningen,19/08/2009,01:49:38,0.7,3.00,238122.10,583429.88,Groningen,Groningen
362,Groningen,14/09/2009,00:32:51,1.3,3.00,252238.20,588926.69,Groningen,Groningen
363,Groningen,29/09/2009,02:23:10,1.6,3.00,249291.52,592875.46,Groningen,Groningen
364,Groningen,18/11/2009,05:17:49,1.6,3.00,246048.27,574000.38,Groningen,Groningen
365,Groningen,20/11/2009,09:27:32,1.2,3.00,245611.54,593583.77,Groningen,Groningen
366,Groningen,02/12/2009,08:53:31,1.1,3.00,251408.79,590357.14,Groningen,Groningen
367,Groningen,04/12/2009,04:12:32,2.3,3.00,245422.57,589461.41,Groningen,Groningen
368,Groningen,21/12/2009,04:55:28,1.5,3.00,245548.30,582784.78,Groningen,Groningen
369,Groningen,23/12/2009,18:38:25,1.5,3.00,246503.21,592264.86,Groningen,Groningen
370,Groningen,25/12/2009,23:37:52,0.7,3.00,246009.44,583127.43,Groningen,Groningen
371,Groningen,09/01/2010,12:31:12,1.7,3.00,240056.88,598602.63,Groningen,Groningen
372,Groningen,14/01/2010,17:12:22,1.2,3.00,250337.55,590558.39,Groningen,Groningen
373,Groningen,17/02/2010,15:55:01,1.2,3.00,248889.99,579286.71,Groningen,Groningen
374,Groningen,19/02/2010,23:12:51,1.8,3.00,249348.39,589982.24,Groningen,Groningen
375,Groningen,04/03/2010,19:59:57,1.4,3.00,248564.29,595978.22,Groningen,Groningen
376,Groningen,31/03/2010,15:15:02,2.4,3.00,247891.84,579044.71,Groningen,Groningen
377,Groningen,03/04/2010,11:50:56,1.4,3.00,239632.23,596257.44,Groningen,Groningen
378,Groningen,25/04/2010,00:46:00,1.6,3.00,249149.50,593317.96,Groningen,Groningen
379,Groningen,25/04/2010,13:13:17,1.0,3.00,252845.16,575469.34,Groningen,Groningen
380,Groningen,03/05/2010,09:26:16,2.3,3.00,249664.02,601009.38,Groningen,Groningen
381,Groningen,05/05/2010,03:38:03,1.6,3.00,247299.03,602855.68,Groningen,Groningen
382,Groningen,08/05/2010,23:36:07,1.0,3.00,253572.11,588953.89,Groningen,Groningen
383,Groningen,09/05/2010,17:05:09,1.7,3.00,257780.99,585591.08,Groningen,Groningen
384,Groningen,21/05/2010,02:34:09,0.9,3.00,253898.71,589294.57,Groningen,Groningen
385,Groningen,26/05/2010,12:53:59,0.9,3.00,251533.93,584125.70,Groningen,Groningen
386,Groningen,30/05/2010,18:58:36,1.5,3.00,241179.60,584262.90,Groningen,Groningen
387,Groningen,30/05/2010,18:58:57,1.2,3.00,241179.60,584262.90,Groningen,Groningen
388,Groningen,08/06/2010,02:20:28,1.0,3.00,252549.80,580138.71,Groningen,Groningen
389,Groningen,09/06/2010,19:19:22,2.0,3.00,247775.32,578151.94,Groningen,Groningen
390,Groningen,10/06/2010,19:57:35,1.1,3.00,239467.30,582896.76,Groningen,Groningen
391,Groningen,16/06/2010,01:07:57,1.5,3.00,252590.45,597839.71,Groningen,Groningen
392,Groningen,21/06/2010,00:40:07,1.3,3.00,245629.40,585569.21,Groningen,Groningen
393,Groningen,21/06/2010,04:02:58,1.5,3.00,237345.61,581969.48,Groningen,Groningen
394,Groningen,04/07/2010,01:58:04,0.8,3.00,249295.83,585862.38,Groningen,Groningen
395,Groningen,24/07/2010,00:46:43,1.8,3.00,244897.40,589006.28,Groningen,Groningen
396,Groningen,14/08/2010,07:43:20,2.5,3.00,242512.90,602654.41,Groningen,Groningen
397,Groningen,29/08/2010,18:13:30,1.6,3.00,251258.00,581225.88,Groningen,Groningen
398,Groningen,31/08/2010,17:54:56,1.4,3.00,241236.93,599625.61,Groningen,Groningen
399,Groningen,03/09/2010,10:54:04,1.0,3.00,250216.30,583208.88,Groningen,Groningen
400,Groningen,06/10/2010,20:22:23,0.9,3.00,247698.14,582157.83,Groningen,Groningen
401,Groningen,22/10/2010,19:31:11,1.0,3.00,244905.13,577874.87,Groningen,Groningen
402,Groningen,31/10/2010,14:46:38,1.0,3.00,253960.94,592746.88,Groningen,Groningen
403,Groningen,15/11/2010,11:42:45,1.4,3.00,242624.84,596533.86,Groningen,Groningen
404,Groningen,24/11/2010,04:10:25,0.6,3.00,259567.39,589414.68,Groningen,Groningen
405,Groningen,07/12/2010,14:42:50,1.2,3.00,253292.23,592844.45,Groningen,Groningen
406,Groningen,08/12/2010,15:02:05,1.1,3.00,244820.31,593123.61,Groningen,Groningen
407,Groningen,06/01/2011,06:17:36,1.3,3.00,247866.33,590732.58,Groningen,Groningen
408,Groningen,07/01/2011,21:34:37,1.7,3.00,260455.57,585426.37,Groningen,Groningen
409,Groningen,19/01/2011,19:39:31,2.4,3.00,238819.04,593237.61,Groningen,Groningen
410,Groningen,22/01/2011,09:28:17,1.1,3.00,249013.28,576394.90,Groningen,Groningen
411,Groningen,28/01/2011,15:07:02,1.5,3.00,243320.42,591314.67,Groningen,Groningen
412,Groningen,30/01/2011,09:28:04,1.4,3.00,243984.98,591438.27,Groningen,Groningen
413,Groningen,08/02/2011,04:16:25,1.3,3.00,246811.62,586593.50,Groningen,Groningen
414,Groningen,11/03/2011,04:32:41,1.4,3.00,253472.94,587282.02,Groningen,Groningen
415,Groningen,13/03/2011,20:16:10,1.5,3.00,247584.47,588055.47,Groningen,Groningen
416,Groningen,14/03/2011,20:02:45,0.8,3.00,250261.79,577532.59,Groningen,Groningen
417,Groningen,26/03/2011,02:31:48,1.2,3.00,250626.16,586111.31,Groningen,Groningen
418,Groningen,26/03/2011,20:45:54,1.5,3.00,244582.97,595122.91,Groningen,Groningen
419,Groningen,28/03/2011,03:14:48,2.0,3.00,249811.33,576633.17,Groningen,Groningen
420,Groningen,08/04/2011,01:04:59,1.3,3.00,251726.53,607618.90,Groningen,Groningen
421,Groningen,13/04/2011,20:28:22,0.9,3.00,249215.03,589979.62,Groningen,Groningen
422,Groningen,15/04/2011,04:38:53,1.5,3.00,251879.38,580236.48,Groningen,Groningen
423,Groningen,24/04/2011,06:40:08,0.5,3.00,253048.07,575362.15,Groningen,Groningen
424,Groningen,28/04/2011,02:41:04,1.4,3.00,252422.48,589709.68,Groningen,Groningen
425,Groningen,28/04/2011,08:48:41,1.4,3.00,244297.57,592557.25,Groningen,Groningen
426,Groningen,02/05/2011,23:44:10,1.2,3.00,258735.71,572252.93,Groningen,Groningen
427,Groningen,05/05/2011,00:04:18,0.8,3.00,258288.94,577475.40,Groningen,Groningen
428,Groningen,07/05/2011,12:44:10,1.1,3.00,247262.31,594394.49,Groningen,Groningen
429,Groningen,08/05/2011,13:40:23,0.9,3.00,249370.26,588869.47,Groningen,Groningen
430,Groningen,10/05/2011,03:38:15,1.0,3.00,253274.43,596963.09,Groningen,Groningen
431,Groningen,10/05/2011,17:20:11,1.2,3.00,239805.12,582680.08,Groningen,Groningen
432,Groningen,12/05/2011,16:44:29,1.8,3.00,246544.60,579575.48,Groningen,Groningen
433,Groningen,12/05/2011,16:51:05,1.1,3.00,251191.21,584564.11,Groningen,Groningen
434,Groningen,18/05/2011,00:02:26,0.8,3.00,247146.18,593501.69,Groningen,Groningen
435,Groningen,18/05/2011,17:48:25,1.9,3.00,252305.79,585588.43,Groningen,Groningen
436,Groningen,19/05/2011,00:09:04,0.9,3.00,255104.24,605016.57,Groningen,Groningen
437,Groningen,19/05/2011,18:16:04,1.2,3.00,251922.48,597937.47,Groningen,Groningen
438,Groningen,19/05/2011,19:41:52,1.4,3.00,247449.24,601967.99,Groningen,Groningen
439,Groningen,23/05/2011,05:15:13,0.9,3.00,250709.32,575203.82,Groningen,Groningen
440,Groningen,23/05/2011,07:49:31,1.2,3.00,247052.94,587933.94,Groningen,Groningen
441,Groningen,26/05/2011,15:56:08,1.9,3.00,247292.59,603189.53,Groningen,Groningen
442,Groningen,27/05/2011,23:04:12,1.7,3.00,239219.04,577994.70,Groningen,Groningen
443,Groningen,02/06/2011,00:19:40,1.0,3.00,244830.42,599691.68,Groningen,Groningen
444,Groningen,02/06/2011,16:43:17,0.8,3.00,250713.06,588450.76,Groningen,Groningen
445,Groningen,10/06/2011,00:59:00,1.0,3.00,239045.79,587898.46,Groningen,Groningen
446,Groningen,18/06/2011,15:42:19,1.3,3.00,252416.17,580136.00,Groningen,Groningen
447,Groningen,23/06/2011,09:14:46,1.7,3.00,247477.19,593619.38,Groningen,Groningen
448,Groningen,24/06/2011,00:49:47,1.1,3.00,244732.77,597797.39,Groningen,Groningen
449,Groningen,27/06/2011,04:10:28,1.0,3.00,245420.48,589572.69,Groningen,Groningen
450,Groningen,27/06/2011,15:48:09,3.2,3.00,248315.71,591631.85,Groningen,Groningen
451,Groningen,27/06/2011,16:27:36,1.4,3.00,247666.32,590728.71,Groningen,Groningen
452,Groningen,27/06/2011,22:55:34,1.1,3.00,249311.21,591873.96,Groningen,Groningen
453,Groningen,23/07/2011,19:14:19,1.2,3.00,247638.09,585273.55,Groningen,Groningen
454,Groningen,27/07/2011,00:17:14,1.2,3.00,254556.39,589753.46,Groningen,Groningen
455,Groningen,27/07/2011,17:44:22,1.2,3.00,259421.91,589968.15,Groningen,Groningen
456,Groningen,27/07/2011,18:42:09,1.1,3.00,239817.76,600824.76,Groningen,Groningen
457,Groningen,29/07/2011,22:48:33,1.8,3.00,244312.38,595340.50,Groningen,Groningen
458,Groningen,01/08/2011,11:20:05,0.9,3.00,248907.14,598879.32,Groningen,Groningen
459,Groningen,17/08/2011,21:18:04,1.0,3.00,248315.71,591631.85,Groningen,Groningen
460,Groningen,18/08/2011,21:44:40,1.3,3.00,244761.93,589115.06,Groningen,Groningen
461,Groningen,20/08/2011,09:39:42,1.5,3.00,237562.88,588763.25,Groningen,Groningen
462,Groningen,23/08/2011,15:08:00,1.6,3.00,250613.73,576649.03,Groningen,Groningen
463,Groningen,31/08/2011,04:51:40,1.1,3.00,241914.51,598969.94,Groningen,Groningen
464,Groningen,31/08/2011,06:23:57,2.5,3.00,241366.36,607197.75,Groningen,Groningen
465,Groningen,04/09/2011,13:00:56,0.8,3.00,241023.97,592942.70,Groningen,Groningen
466,Groningen,06/09/2011,21:48:10,2.5,3.00,249441.02,595438.81,Groningen,Groningen
467,Groningen,07/09/2011,04:14:57,1.5,3.00,246792.48,587595.00,Groningen,Groningen
468,Groningen,15/09/2011,00:20:29,1.6,3.00,250671.00,593904.68,Groningen,Groningen
469,Groningen,25/09/2011,00:49:10,1.0,3.00,244289.57,596564.59,Groningen,Groningen
470,Groningen,25/09/2011,12:59:01,2.0,3.00,244258.47,598233.81,Groningen,Groningen
471,Groningen,08/10/2011,00:47:42,1.9,3.00,253410.78,587058.10,Groningen,Groningen
472,Groningen,09/10/2011,21:43:14,1.5,3.00,240026.72,589028.87,Groningen,Groningen
473,Groningen,24/10/2011,17:27:27,1.3,3.00,260148.92,593323.84,Groningen,Groningen
474,Groningen,04/11/2011,18:02:12,1.5,3.00,249627.65,596110.42,Groningen,Groningen
475,Groningen,06/11/2011,05:37:42,0.7,3.00,241470.65,582932.36,Groningen,Groningen
476,Groningen,07/11/2011,19:26:31,1.2,3.00,241630.88,585161.53,Groningen,Groningen
477,Groningen,09/11/2011,15:08:52,1.6,3.00,259830.59,586525.95,Groningen,Groningen
478,Groningen,15/11/2011,08:14:11,1.5,3.00,260340.81,590656.19,Groningen,Groningen
479,Groningen,18/11/2011,21:27:20,0.2,3.00,247590.25,580819.96,Groningen,Groningen
480,Groningen,27/11/2011,05:00:00,1.7,3.00,250626.55,592790.57,Groningen,Groningen
481,Groningen,04/12/2011,15:34:52,1.3,3.00,250870.94,590569.01,Groningen,Groningen
482,Groningen,20/12/2011,21:35:39,0.9,3.00,250664.52,574089.77,Groningen,Groningen
483,Groningen,23/12/2011,11:37:17,1.1,3.00,237841.89,580308.33,Groningen,Groningen
484,Groningen,30/12/2011,06:20:12,2.2,3.00,239553.86,596923.96,Groningen,Groningen
485,Groningen,06/01/2012,17:13:53,1.9,3.00,240205.84,597714.73,Groningen,Groningen
486,Groningen,07/01/2012,06:57:12,1.6,3.00,237795.58,586874.93,Groningen,Groningen
487,Groningen,16/01/2012,21:11:00,1.3,3.00,248680.89,593420.10,Groningen,Groningen
488,Groningen,21/01/2012,00:07:26,1.1,3.00,241448.64,584156.42,Groningen,Groningen
489,Groningen,24/01/2012,11:35:38,1.3,3.00,246157.27,592926.19,Groningen,Groningen
490,Groningen,28/01/2012,13:42:59,0.9,3.00,246218.54,596712.25,Groningen,Groningen
491,Groningen,30/01/2012,09:06:24,1.5,3.00,245532.86,590687.99,Groningen,Groningen
492,Groningen,31/01/2012,19:37:06,1.4,3.00,254016.03,590076.25,Groningen,Groningen
493,Groningen,01/02/2012,00:42:38,0.9,3.00,249703.84,575295.27,Groningen,Groningen
494,Groningen,04/02/2012,09:56:22,1.8,3.00,243871.46,597558.70,Groningen,Groningen
495,Groningen,05/02/2012,16:53:38,1.4,3.00,248659.15,594532.89,Groningen,Groningen
496,Groningen,05/02/2012,16:58:44,1.5,3.00,256044.53,588782.63,Groningen,Groningen
497,Groningen,07/02/2012,00:19:03,1.4,3.00,253733.29,590849.69,Groningen,Groningen
498,Groningen,16/02/2012,00:05:59,1.9,3.00,241975.08,591958.00,Groningen,Groningen
499,Groningen,17/02/2012,08:08:44,1.7,3.00,242937.36,597652.78,Groningen,Groningen
500,Groningen,19/02/2012,18:57:10,1.8,3.00,254082.59,586849.27,Groningen,Groningen
501,Groningen,04/03/2012,17:29:39,0.9,3.00,238169.62,584543.82,Groningen,Groningen
502,Groningen,07/03/2012,09:51:16,1.3,3.00,254816.83,583636.13,Groningen,Groningen
503,Groningen,07/03/2012,17:22:26,1.0,3.00,250870.94,590569.01,Groningen,Groningen
504,Groningen,08/03/2012,03:54:56,0.5,3.00,249134.00,587306.36,Groningen,Groningen
505,Groningen,08/03/2012,11:03:35,1.0,3.00,248474.00,576607.04,Groningen,Groningen
506,Groningen,18/03/2012,18:28:27,0.9,3.00,255981.30,591787.06,Groningen,Groningen
507,Groningen,23/03/2012,03:46:56,0.4,3.00,245911.64,581233.21,Groningen,Groningen
508,Groningen,27/03/2012,14:40:11,1.0,3.00,244828.64,592678.49,Groningen,Groningen
509,Groningen,31/03/2012,02:58:03,1.6,3.00,257108.84,585799.40,Groningen,Groningen
510,Groningen,04/04/2012,21:16:33,1.7,3.00,254016.03,590076.25,Groningen,Groningen
511,Groningen,07/04/2012,02:25:47,1.5,3.00,249066.40,590755.95,Groningen,Groningen
512,Groningen,13/04/2012,01:14:49,0.7,3.00,251809.45,587025.57,Groningen,Groningen
513,Groningen,16/04/2012,21:01:47,1.1,3.00,248302.73,592299.52,Groningen,Groningen
514,Groningen,18/04/2012,12:07:05,1.2,3.00,244637.09,595791.84,Groningen,Groningen
515,Groningen,21/04/2012,21:39:11,0.3,3.00,251272.42,597145.09,Groningen,Groningen
516,Groningen,25/04/2012,17:25:24,2.0,3.00,250658.49,577763.08,Groningen,Groningen
517,Groningen,06/05/2012,04:23:33,0.8,3.00,250781.98,588340.82,Groningen,Groningen
518,Groningen,10/05/2012,21:07:21,0.8,3.00,254510.58,585522.25,Groningen,Groningen
519,Groningen,11/05/2012,00:23:25,0.9,3.00,254783.29,594879.09,Groningen,Groningen
520,Groningen,13/05/2012,16:22:44,0.9,3.00,251526.48,591138.76,Groningen,Groningen
521,Groningen,15/05/2012,14:10:52,0.8,3.00,255507.08,585765.63,Groningen,Groningen
522,Groningen,17/05/2012,02:54:19,0.9,3.00,252772.99,585597.91,Groningen,Groningen
523,Groningen,24/05/2012,15:52:39,1.5,3.00,240405.56,597718.29,Groningen,Groningen
524,Groningen,28/05/2012,07:41:37,0.6,3.00,250237.31,588886.59,Groningen,Groningen
525,Groningen,02/06/2012,01:12:22,0.7,3.00,250578.39,578429.40,Groningen,Groningen
526,Groningen,08/06/2012,05:54:32,0.9,3.00,246770.52,578244.00,Groningen,Groningen
527,Groningen,14/06/2012,03:05:08,1.7,3.00,257430.68,586362.86,Groningen,Groningen
528,Groningen,15/06/2012,05:23:37,1.5,3.00,253511.71,585390.35,Groningen,Groningen
529,Groningen,21/06/2012,08:01:36,1.7,3.00,248008.08,593740.97,Groningen,Groningen
530,Groningen,21/06/2012,23:44:22,1.1,3.00,250013.55,593446.32,Groningen,Groningen
531,Groningen,22/06/2012,13:31:43,1.4,3.00,246197.45,590811.89,Groningen,Groningen
532,Groningen,22/06/2012,15:10:28,0.8,3.00,246076.78,590141.69,Groningen,Groningen
533,Groningen,27/06/2012,00:31:57,0.5,3.00,252858.71,574801.71,Groningen,Groningen
534,Groningen,27/06/2012,00:39:12,0.3,3.00,252992.50,574804.43,Groningen,Groningen
535,Groningen,03/07/2012,16:55:05,1.1,3.00,247121.78,587823.94,Groningen,Groningen
536,Groningen,07/07/2012,00:13:05,0.8,3.00,249212.85,590090.90,Groningen,Groningen
537,Groningen,07/07/2012,00:28:08,0.7,3.00,247322.50,594729.61,Groningen,Groningen
538,Groningen,12/07/2012,17:02:02,1.0,3.00,252571.68,588933.45,Groningen,Groningen
539,Groningen,16/07/2012,20:21:29,0.6,3.00,247015.05,593387.85,Groningen,Groningen
540,Groningen,19/07/2012,12:42:57,0.9,3.00,249591.06,577630.69,Groningen,Groningen
541,Groningen,25/07/2012,18:12:15,0.8,3.00,250737.59,590566.35,Groningen,Groningen
542,Groningen,27/07/2012,17:12:53,1.2,3.00,241159.25,592833.81,Groningen,Groningen
543,Groningen,30/07/2012,11:36:46,1.3,3.00,244439.36,595676.83,Groningen,Groningen
544,Groningen,30/07/2012,13:14:11,1.0,3.00,248272.43,593857.43,Groningen,Groningen
545,Groningen,30/07/2012,21:09:02,0.5,3.00,248320.86,577605.91,Groningen,Groningen
546,Groningen,01/08/2012,03:24:11,0.7,3.00,249116.73,594987.14,Groningen,Groningen
547,Groningen,08/08/2012,14:11:23,0.8,3.00,240699.04,581248.86,Groningen,Groningen
548,Groningen,14/08/2012,03:01:59,1.0,3.00,248178.08,591851.82,Groningen,Groningen
549,Groningen,15/08/2012,19:17:36,2.4,3.00,249405.94,597219.28,Groningen,Groningen
550,Groningen,16/08/2012,07:54:51,1.2,3.00,245858.16,598152.57,Groningen,Groningen
551,Groningen,16/08/2012,20:30:33,3.6,3.00,240566.52,596162.71,Groningen,Groningen
552,Groningen,17/08/2012,00:26:41,0.6,3.00,239271.86,597809.53,Groningen,Groningen
553,Groningen,17/08/2012,06:34:52,0.8,3.00,255866.46,584548.61,Groningen,Groningen
554,Groningen,23/08/2012,21:06:49,0.7,3.00,251388.68,591358.63,Groningen,Groningen
555,Groningen,28/08/2012,23:27:17,0.9,3.00,251504.09,592251.53,Groningen,Groningen
556,Groningen,23/09/2012,04:54:19,0.9,3.00,238766.52,596242.23,Groningen,Groningen
557,Groningen,28/09/2012,10:32:23,1.2,3.00,251369.31,582341.29,Groningen,Groningen
558,Groningen,30/09/2012,01:09:22,0.6,3.00,246183.06,581015.72,Groningen,Groningen
559,Groningen,13/10/2012,22:36:46,0.9,3.00,252569.42,589044.73,Groningen,Groningen
560,Groningen,23/10/2012,17:05:29,1.3,3.00,247631.94,592509.16,Groningen,Groningen
561,Groningen,27/10/2012,10:55:23,1.0,3.00,236838.30,584298.35,Groningen,Groningen
562,Groningen,30/10/2012,21:05:10,0.7,3.00,246728.68,590933.34,Groningen,Groningen
563,Groningen,13/11/2012,16:47:51,1.0,3.00,241970.74,603201.13,Groningen,Groningen
564,Groningen,14/11/2012,13:45:00,0.9,3.00,251771.33,588917.26,Groningen,Groningen
565,Groningen,17/11/2012,07:57:39,1.1,3.00,248543.88,590189.13,Groningen,Groningen
566,Groningen,18/11/2012,01:18:06,0.7,3.00,255253.44,588320.76,Groningen,Groningen
567,Groningen,22/11/2012,22:20:11,1.1,3.00,253820.77,593077.96,Groningen,Groningen
568,Groningen,27/11/2012,20:01:11,1.4,3.00,248385.47,581169.27,Groningen,Groningen
569,Groningen,27/11/2012,20:02:59,0.5,3.00,249675.53,583532.16,Groningen,Groningen
570,Groningen,30/11/2012,16:17:50,1.0,3.00,251475.84,587018.86,Groningen,Groningen
571,Groningen,30/11/2012,16:17:53,1.1,3.00,251291.28,586235.91,Groningen,Groningen
572,Groningen,30/11/2012,20:02:03,0.9,3.00,252262.98,587702.66,Groningen,Groningen
573,Groningen,17/12/2012,09:13:57,1.2,3.00,244474.66,593785.06,Groningen,Groningen
574,Groningen,20/12/2012,20:25:20,0.6,3.00,253152.37,576811.40,Groningen,Groningen
575,Groningen,25/12/2012,20:36:29,1.2,3.00,247889.35,599861.37,Groningen,Groningen
576,Groningen,05/01/2013,04:08:41,0.9,3.00,250708.74,592012.96,Groningen,Groningen
577,Groningen,11/01/2013,12:51:47,1.4,3.00,259742.78,596654.81,Groningen,Groningen
578,Groningen,11/01/2013,22:36:50,1.8,3.00,235788.37,602981.40,Groningen,Groningen
579,Groningen,11/01/2013,22:38:57,0.8,3.00,252734.50,587489.58,Groningen,Groningen
580,Groningen,12/01/2013,01:28:24,0.5,3.00,254291.35,576723.42,Groningen,Groningen
581,Groningen,12/01/2013,16:24:40,0.9,3.00,253219.25,596405.33,Groningen,Groningen
582,Groningen,12/01/2013,22:37:32,0.9,3.00,252582.98,588377.07,Groningen,Groningen
583,Groningen,18/01/2013,16:44:00,1.2,3.00,239880.34,601048.51,Groningen,Groningen
584,Groningen,19/01/2013,20:10:06,2.4,3.00,248554.72,589632.75,Groningen,Groningen
585,Groningen,27/01/2013,08:49:38,1.2,3.00,247633.07,578594.47,Groningen,Groningen
586,Groningen,28/01/2013,17:43:53,1.5,3.00,256713.86,588685.44,Groningen,Groningen
587,Groningen,03/02/2013,14:13:24,1.4,3.00,242864.86,583402.89,Groningen,Groningen
588,Groningen,04/02/2013,04:20:40,0.9,3.00,248734.66,580396.85,Groningen,Groningen
589,Groningen,05/02/2013,14:53:08,1.5,3.00,238874.05,582441.13,Groningen,Groningen
590,Groningen,07/02/2013,22:31:58,2.7,3.00,240174.16,599495.26,Groningen,Groningen
591,Groningen,07/02/2013,23:19:08,3.2,3.00,240146.45,601053.23,Groningen,Groningen
592,Groningen,09/02/2013,05:26:10,2.7,3.00,246249.08,598605.29,Groningen,Groningen
593,Groningen,10/02/2013,08:15:08,1.5,3.00,252880.20,590164.28,Groningen,Groningen
594,Groningen,10/02/2013,08:16:41,1.1,3.00,254406.89,590529.62,Groningen,Groningen
595,Groningen,11/02/2013,06:08:52,2.0,3.00,248062.03,590959.01,Groningen,Groningen
596,Groningen,11/02/2013,08:07:08,1.8,3.00,247072.69,590383.33,Groningen,Groningen
597,Groningen,11/02/2013,12:01:45,1.8,3.00,246562.71,582136.08,Groningen,Groningen
598,Groningen,13/02/2013,05:16:46,1.8,3.00,252035.33,598941.68,Groningen,Groningen
599,Groningen,15/02/2013,14:28:42,2.0,3.00,248814.15,593422.71,Groningen,Groningen
600,Groningen,16/02/2013,07:42:50,0.8,3.00,251495.95,586017.38,Groningen,Groningen
601,Groningen,18/02/2013,00:06:46,1.9,3.00,260804.57,587771.89,Groningen,Groningen
602,Groningen,18/02/2013,05:54:00,0.7,3.00,247883.21,596744.23,Groningen,Groningen
603,Groningen,21/02/2013,21:14:08,0.7,3.00,245920.50,598376.40,Groningen,Groningen
604,Groningen,25/02/2013,01:36:40,1.0,3.00,247982.42,591625.38,Groningen,Groningen
605,Groningen,27/02/2013,23:49:13,0.4,3.00,247256.21,580813.54,Groningen,Groningen
606,Groningen,02/03/2013,05:31:14,0.9,3.00,238987.75,595021.62,Groningen,Groningen
607,Groningen,13/03/2013,01:57:10,0.8,3.00,251222.15,589685.47,Groningen,Groningen
608,Groningen,14/03/2013,03:09:18,1.0,3.00,258618.70,593179.21,Groningen,Groningen
609,Groningen,29/03/2013,14:28:06,0.9,3.00,243793.50,583753.89,Groningen,Groningen
610,Groningen,02/04/2013,13:49:15,1.1,3.00,254165.19,582843.40,Groningen,Groningen
611,Groningen,15/04/2013,22:56:03,0.9,3.00,245032.15,599584.15,Groningen,Groningen
612,Groningen,23/04/2013,12:31:42,0.6,3.00,249501.00,575402.60,Groningen,Groningen
613,Groningen,23/04/2013,18:51:36,0.5,3.00,248993.73,577396.36,Groningen,Groningen
614,Groningen,27/04/2013,21:12:24,1.0,3.00,246435.28,595825.81,Groningen,Groningen
615,Groningen,28/04/2013,18:18:03,1.3,3.00,244664.14,594345.19,Groningen,Groningen
616,Groningen,29/04/2013,20:32:18,0.8,3.00,239995.63,583240.01,Groningen,Groningen
617,Groningen,30/04/2013,15:28:00,0.7,3.00,244909.90,588338.61,Groningen,Groningen
618,Groningen,01/05/2013,04:07:29,0.9,3.00,238428.92,584993.57,Groningen,Groningen
619,Groningen,02/05/2013,21:11:08,0.7,3.00,248646.10,595200.57,Groningen,Groningen
620,Groningen,10/05/2013,04:25:24,1.4,3.00,252814.81,586823.29,Groningen,Groningen
621,Groningen,13/05/2013,03:46:56,1.1,3.00,257447.28,585583.95,Groningen,Groningen
622,Groningen,19/05/2013,12:15:16,0.8,3.00,253055.22,591392.40,Groningen,Groningen
623,Groningen,22/05/2013,08:35:18,1.2,3.00,247919.75,577598.15,Groningen,Groningen
624,Groningen,22/05/2013,11:38:07,1.2,3.00,250017.40,589884.11,Groningen,Groningen
625,Groningen,24/05/2013,11:10:02,1.2,3.00,242794.70,594533.24,Groningen,Groningen
626,Groningen,25/05/2013,14:07:51,1.1,3.00,242199.16,583279.46,Groningen,Groningen
627,Groningen,25/05/2013,16:18:29,1.0,3.00,243325.59,594654.31,Groningen,Groningen
628,Groningen,25/05/2013,16:44:39,0.9,3.00,236312.80,603435.55,Groningen,Groningen
629,Groningen,30/05/2013,23:51:13,1.2,3.00,251762.36,589362.36,Groningen,Groningen
630,Groningen,31/05/2013,01:40:24,1.0,3.00,251771.33,588917.26,Groningen,Groningen
631,Groningen,03/06/2013,18:07:36,1.2,3.00,253613.99,593407.68,Groningen,Groningen
632,Groningen,05/06/2013,17:51:28,0.7,3.00,247872.79,590398.74,Groningen,Groningen
633,Groningen,05/06/2013,22:10:56,0.9,3.00,238432.78,584771.01,Groningen,Groningen
634,Groningen,07/06/2013,06:33:49,1.3,3.00,261563.14,589681.22,Groningen,Groningen
635,Groningen,08/06/2013,23:21:35,0.7,3.00,242840.75,581064.86,Groningen,Groningen
636,Groningen,14/06/2013,22:20:12,0.7,3.00,251346.20,593472.91,Groningen,Groningen
637,Groningen,14/06/2013,22:36:04,0.6,3.00,254149.13,583622.32,Groningen,Groningen
638,Groningen,18/06/2013,21:39:20,0.7,3.00,243999.98,583423.76,Groningen,Groningen
639,Groningen,23/06/2013,09:21:18,1.1,3.00,253655.18,591404.70,Groningen,Groningen
640,Groningen,27/06/2013,20:45:03,1.3,3.00,238662.46,594570.66,Groningen,Groningen
641,Groningen,30/06/2013,01:27:48,0.8,3.00,250550.18,583215.50,Groningen,Groningen
642,Groningen,30/06/2013,21:55:11,0.8,3.00,246352.95,593152.56,Groningen,Groningen
643,Groningen,30/06/2013,22:52:10,0.7,3.00,246000.76,594147.74,Groningen,Groningen
644,Groningen,02/07/2013,23:03:55,3.0,3.00,248201.85,590627.76,Groningen,Groningen
645,Groningen,03/07/2013,05:10:41,0.9,3.00,238216.38,597234.49,Groningen,Groningen
646,Groningen,13/07/2013,13:23:12,0.9,3.00,253781.80,594969.67,Groningen,Groningen
647,Groningen,14/07/2013,21:01:59,1.1,3.00,248117.56,594967.63,Groningen,Groningen
648,Groningen,20/07/2013,03:33:13,2.4,3.00,249338.46,593878.28,Groningen,Groningen
649,Groningen,20/07/2013,05:05:18,1.9,3.00,247472.90,593841.94,Groningen,Groningen
650,Groningen,21/07/2013,02:44:47,1.3,3.00,251257.83,587905.05,Groningen,Groningen
651,Groningen,21/07/2013,08:29:57,0.7,3.00,247750.19,589839.77,Groningen,Groningen
652,Groningen,26/07/2013,15:36:18,0.9,3.00,238499.54,584772.17,Groningen,Groningen
653,Groningen,30/07/2013,18:23:40,0.7,3.00,251244.64,581893.52,Groningen,Groningen
654,Groningen,31/07/2013,11:01:09,1.0,3.00,243884.95,582419.80,Groningen,Groningen
655,Groningen,07/08/2013,01:13:46,0.6,3.00,248249.70,577827.16,Groningen,Groningen
656,Groningen,07/08/2013,22:52:44,0.9,3.00,249469.78,587201.63,Groningen,Groningen
657,Groningen,08/08/2013,15:08:56,1.0,3.00,249151.45,586416.15,Groningen,Groningen
658,Groningen,14/08/2013,13:17:42,1.1,3.00,239520.38,583676.88,Groningen,Groningen
659,Groningen,16/08/2013,11:35:02,2.1,3.00,242435.89,584953.47,Groningen,Groningen
660,Groningen,21/08/2013,15:50:11,0.9,3.00,248769.99,588857.71,Groningen,Groningen
661,Groningen,25/08/2013,02:06:04,1.3,3.00,247494.36,592729.15,Groningen,Groningen
662,Groningen,27/08/2013,05:05:48,1.1,3.00,253519.57,591513.23,Groningen,Groningen
663,Groningen,01/09/2013,13:04:37,1.5,3.00,243434.18,595992.13,Groningen,Groningen
664,Groningen,04/09/2013,01:33:32,2.8,3.00,247228.05,596174.96,Groningen,Groningen
665,Groningen,18/09/2013,03:42:25,0.9,3.00,251206.53,590464.41,Groningen,Groningen
666,Groningen,22/09/2013,02:25:53,1.7,3.00,240297.90,585026.37,Groningen,Groningen
667,Groningen,22/09/2013,02:44:18,1.0,3.00,241291.15,585489.36,Groningen,Groningen
668,Groningen,22/09/2013,14:50:19,1.6,3.00,240649.49,584030.80,Groningen,Groningen
669,Groningen,25/09/2013,07:16:11,1.1,3.00,248346.01,590073.96,Groningen,Groningen
670,Groningen,25/09/2013,19:55:34,1.2,3.00,253362.91,589394.89,Groningen,Groningen
671,Groningen,28/09/2013,02:20:41,1.9,3.00,244150.45,600458.22,Groningen,Groningen
672,Groningen,29/09/2013,18:11:30,1.3,3.00,239157.32,585340.21,Groningen,Groningen
673,Groningen,30/09/2013,14:56:35,1.2,3.00,243682.54,582527.38,Groningen,Groningen
674,Groningen,01/10/2013,00:59:51,1.1,3.00,243820.21,582307.29,Groningen,Groningen
675,Groningen,01/10/2013,21:49:51,1.2,3.00,243528.48,583637.69,Groningen,Groningen
676,Groningen,02/10/2013,08:57:44,1.4,3.00,248296.24,592633.36,Groningen,Groningen
677,Groningen,02/10/2013,20:24:26,1.9,3.00,248618.60,593196.24,Groningen,Groningen
678,Groningen,02/10/2013,22:32:21,0.9,3.00,263385.11,591725.94,Groningen,Groningen
679,Groningen,03/10/2013,00:42:21,1.2,3.00,247625.50,592843.00,Groningen,Groningen
680,Groningen,10/10/2013,18:31:05,1.5,3.00,243245.62,598994.29,Groningen,Groningen
681,Groningen,23/10/2013,00:59:46,1.1,3.00,244801.46,587000.78,Groningen,Groningen
682,Groningen,23/10/2013,23:57:37,1.1,3.00,253486.62,586614.37,Groningen,Groningen
683,Groningen,07/11/2013,01:23:00,1.5,3.00,254432.24,589305.59,Groningen,Groningen
684,Groningen,10/11/2013,01:47:40,1.2,3.00,247326.55,591056.12,Groningen,Groningen
685,Groningen,15/11/2013,17:46:36,1.6,3.00,243485.51,593210.12,Groningen,Groningen
686,Groningen,18/11/2013,13:31:02,1.4,3.00,245609.44,593695.05,Groningen,Groningen
687,Groningen,26/11/2013,23:54:53,2.0,3.00,252127.76,594379.26,Groningen,Groningen
688,Groningen,06/12/2013,08:12:24,1.3,3.00,244342.11,582984.85,Groningen,Groningen
689,Groningen,08/12/2013,03:32:48,1.1,3.00,257364.25,589478.53,Groningen,Groningen
690,Groningen,20/12/2013,05:12:37,1.3,3.00,250915.11,581664.31,Groningen,Groningen
691,Groningen,22/12/2013,21:51:44,1.0,3.00,250209.69,583542.70,Groningen,Groningen
692,Groningen,23/12/2013,00:48:12,1.2,3.00,241892.35,596520.52,Groningen,Groningen
693,Groningen,02/01/2014,04:00:06,1.4,3.00,246387.70,580796.97,Groningen,Groningen
694,Groningen,04/01/2014,23:38:42,1.1,3.00,239125.62,583336.02,Groningen,Groningen
695,Groningen,12/01/2014,23:33:00,0.9,3.00,247199.63,590719.72,Groningen,Groningen
696,Groningen,16/01/2014,19:48:32,1.2,3.00,260777.61,588995.89,Groningen,Groningen
697,Groningen,23/01/2014,03:50:26,0.6,3.00,244828.33,599802.96,Groningen,Groningen
698,Groningen,23/01/2014,16:18:10,1.1,3.00,255261.90,578302.00,Groningen,Groningen
699,Groningen,26/01/2014,14:21:17,1.5,3.00,241183.59,584040.35,Groningen,Groningen
700,Groningen,03/02/2014,06:30:48,1.5,3.00,246250.31,595043.04,Groningen,Groningen
701,Groningen,05/02/2014,18:11:34,0.9,3.00,248430.39,585734.16,Groningen,Groningen
702,Groningen,06/02/2014,21:39:09,1.3,3.00,248437.30,578498.69,Groningen,Groningen
703,Groningen,11/02/2014,01:18:13,0.8,3.00,259402.55,590858.34,Groningen,Groningen
704,Groningen,13/02/2014,02:13:14,3.0,3.00,247865.96,597634.47,Groningen,Groningen
705,Groningen,17/02/2014,04:54:12,0.8,3.00,245314.00,591685.73,Groningen,Groningen
706,Groningen,18/02/2014,05:03:32,1.7,3.00,239916.35,595260.61,Groningen,Groningen
707,Groningen,28/02/2014,04:38:52,1.2,3.00,245899.92,588913.84,Groningen,Groningen
708,Groningen,10/03/2014,03:39:10,0.9,3.00,246946.72,596948.81,Groningen,Groningen
709,Groningen,11/03/2014,09:05:33,1.1,3.00,250750.14,579879.93,Groningen,Groningen
710,Groningen,11/03/2014,09:08:23,2.3,3.00,250815.06,583332.09,Groningen,Groningen
711,Groningen,14/03/2014,03:59:28,0.8,3.00,239496.61,581227.59,Groningen,Groningen
712,Groningen,14/03/2014,22:25:15,1.0,3.00,251033.09,592464.73,Groningen,Groningen
713,Groningen,15/03/2014,19:09:24,1.9,3.00,254041.36,592080.59,Groningen,Groningen
714,Groningen,18/03/2014,21:15:18,2.1,3.00,236884.73,601107.63,Groningen,Groningen
715,Groningen,21/03/2014,16:22:29,1.1,3.00,251258.00,581225.88,Groningen,Groningen
716,Groningen,23/03/2014,10:28:48,1.6,3.00,249347.62,576401.44,Groningen,Groningen
717,Groningen,27/03/2014,08:25:18,1.4,3.00,253482.06,586836.92,Groningen,Groningen
718,Groningen,30/03/2014,20:58:47,1.4,3.00,262099.11,589581.82,Groningen,Groningen
719,Groningen,31/03/2014,19:01:17,0.7,3.00,240779.04,584255.74,Groningen,Groningen
720,Groningen,02/04/2014,05:47:36,1.1,3.00,250027.29,575858.21,Groningen,Groningen
721,Groningen,02/04/2014,05:48:51,1.2,3.00,249621.66,576072.86,Groningen,Groningen
722,Groningen,03/04/2014,01:27:41,1.0,3.00,250589.43,577873.03,Groningen,Groningen
723,Groningen,04/04/2014,07:39:00,1.2,3.00,240421.51,585585.14,Groningen,Groningen
724,Groningen,09/04/2014,04:43:43,1.1,3.00,256139.34,587448.74,Groningen,Groningen
725,Groningen,17/04/2014,20:18:35,1.3,3.00,244000.01,594221.50,Groningen,Groningen
726,Groningen,20/04/2014,08:36:03,1.4,3.00,245282.12,596917.15,Groningen,Groningen
727,Groningen,26/04/2014,08:50:55,1.3,3.00,250194.27,584321.63,Groningen,Groningen
728,Groningen,27/04/2014,21:49:25,0.5,3.00,242891.53,578282.96,Groningen,Groningen
729,Groningen,12/05/2014,22:18:23,1.3,3.00,244838.64,581435.69,Groningen,Groningen
730,Groningen,13/05/2014,18:16:05,1.4,3.00,238458.74,594789.74,Groningen,Groningen
731,Groningen,17/05/2014,02:35:04,1.6,3.00,245748.99,579226.47,Groningen,Groningen
732,Groningen,19/05/2014,17:25:50,1.0,3.00,258576.65,588947.91,Groningen,Groningen
733,Groningen,12/06/2014,07:13:32,1.2,3.00,246920.05,580918.42,Groningen,Groningen
734,Groningen,12/06/2014,22:10:29,0.8,3.00,246218.91,579124.04,Groningen,Groningen
735,Groningen,16/06/2014,15:16:40,1.8,3.00,243088.92,596653.69,Groningen,Groningen
736,Groningen,29/06/2014,13:40:23,0.7,3.00,250848.32,581662.97,Groningen,Groningen
737,Groningen,02/07/2014,07:06:51,1.3,3.00,257047.36,588692.51,Groningen,Groningen
738,Groningen,02/07/2014,17:34:16,2.1,3.00,248708.65,581732.14,Groningen,Groningen
739,Groningen,07/07/2014,19:56:54,1.2,3.00,241843.18,584497.47,Groningen,Groningen
740,Groningen,07/07/2014,23:13:44,1.0,3.00,246054.41,587803.59,Groningen,Groningen
741,Groningen,08/07/2014,11:37:16,1.2,3.00,243103.40,584965.66,Groningen,Groningen
742,Groningen,15/07/2014,16:24:51,0.7,3.00,251177.85,581892.19,Groningen,Groningen
743,Groningen,22/07/2014,17:45:07,0.9,3.00,253438.13,585722.81,Groningen,Groningen
744,Groningen,09/08/2014,15:54:59,1.3,3.00,251470.51,593920.70,Groningen,Groningen
745,Groningen,09/08/2014,15:55:32,2.0,3.00,251466.04,594143.25,Groningen,Groningen
746,Groningen,19/08/2014,19:25:24,1.2,3.00,244031.87,599676.76,Groningen,Groningen
747,Groningen,21/08/2014,11:03:55,1.2,3.00,244171.18,599345.39,Groningen,Groningen
748,Groningen,25/08/2014,10:27:14,0.8,3.00,248139.80,583502.17,Groningen,Groningen
749,Groningen,01/09/2014,01:40:14,0.5,3.00,237645.14,583978.22,Groningen,Groningen
750,Groningen,01/09/2014,07:17:42,2.6,3.00,248551.52,579502.75,Groningen,Groningen
751,Groningen,01/09/2014,07:53:58,1.6,3.00,250282.39,579870.65,Groningen,Groningen
752,Groningen,23/09/2014,16:32:54,1.4,3.00,243979.39,584536.54,Groningen,Groningen
753,Groningen,23/09/2014,17:34:48,1.0,3.00,244509.29,584769.00,Groningen,Groningen
754,Groningen,24/09/2014,23:49:36,1.0,3.00,241952.89,596855.58,Groningen,Groningen
755,Groningen,25/09/2014,20:49:09,1.5,3.00,258378.95,588832.32,Groningen,Groningen
756,Groningen,30/09/2014,11:42:03,2.8,3.00,239604.94,586461.20,Groningen,Groningen
757,Groningen,21/10/2014,06:49:15,1.5,3.00,245533.73,597701.14,Groningen,Groningen
758,Groningen,05/11/2014,01:12:34,2.9,3.00,240908.19,599397.06,Groningen,Groningen
759,Groningen,16/11/2014,00:41:51,0.9,3.00,253552.76,583387.42,Groningen,Groningen
760,Groningen,16/11/2014,19:54:16,0.6,3.00,246808.63,583253.93,Groningen,Groningen
761,Groningen,22/11/2014,04:09:03,1.3,3.00,242277.70,597306.76,Groningen,Groningen
762,Groningen,29/11/2014,20:23:31,1.0,3.00,251785.67,594817.63,Groningen,Groningen
763,Groningen,30/11/2014,01:03:48,1.4,3.00,240536.71,597831.95,Groningen,Groningen
764,Groningen,03/12/2014,04:12:36,0.9,3.00,251567.62,579117.04,Groningen,Groningen
765,Groningen,05/12/2014,02:46:11,1.1,3.00,240781.03,584144.46,Groningen,Groningen
766,Groningen,28/12/2014,15:13:06,1.3,3.00,245950.07,596818.46,Groningen,Groningen
767,Groningen,30/12/2014,02:37:36,2.8,3.00,244579.73,580985.60,Groningen,Groningen
768,Groningen,30/12/2014,06:46:42,0.8,3.00,246184.45,584466.54,Groningen,Groningen
769,Groningen,06/01/2015,06:55:28,2.7,3.00,247004.38,593944.25,Groningen,Groningen
770,Groningen,06/01/2015,18:26:44,1.0,3.00,258268.74,593950.96,Groningen,Groningen
771,Groningen,11/01/2015,23:05:24,1.5,3.00,249269.87,576956.49,Groningen,Groningen
772,Groningen,14/01/2015,11:54:56,1.1,3.00,252485.70,586593.96,Groningen,Groningen
773,Groningen,18/01/2015,10:54:10,1.5,3.00,243993.80,583757.60,Groningen,Groningen
774,Groningen,22/01/2015,03:44:16,0.6,3.00,250777.37,585223.77,Groningen,Groningen
775,Groningen,23/01/2015,11:45:37,1.2,3.00,249261.16,577401.59,Groningen,Groningen
776,Groningen,26/01/2015,18:07:23,1.1,3.00,249147.32,593429.24,Groningen,Groningen
777,Groningen,27/01/2015,15:11:42,0.5,3.00,248987.22,577730.18,Groningen,Groningen
778,Groningen,31/01/2015,05:29:29,0.8,3.00,248933.39,577061.23,Groningen,Groningen
779,Groningen,31/01/2015,16:21:48,1.6,3.00,258484.05,599410.68,Groningen,Groningen
780,Groningen,02/02/2015,23:15:33,0.9,3.00,245456.10,587680.96,Groningen,Groningen
781,Groningen,04/02/2015,22:34:47,1.1,3.00,251259.46,594473.07,Groningen,Groningen
782,Groningen,10/02/2015,07:42:52,0.9,3.00,244287.50,596675.87,Groningen,Groningen
783,Groningen,11/02/2015,02:02:00,0.4,3.00,249559.53,599560.10,Groningen,Groningen
784,Groningen,12/02/2015,16:05:53,1.9,3.00,246320.09,573782.89,Groningen,Groningen
785,Groningen,13/02/2015,04:09:00,0.8,3.00,251231.07,589240.36,Groningen,Groningen
786,Groningen,22/02/2015,06:08:50,0.8,3.00,252936.92,587382.38,Groningen,Groningen
787,Groningen,22/02/2015,06:21:33,0.6,3.00,249778.48,578302.27,Groningen,Groningen
788,Groningen,22/02/2015,19:00:52,1.4,3.00,258543.04,590505.74,Groningen,Groningen
789,Groningen,24/02/2015,17:34:09,0.8,3.00,250661.59,584330.91,Groningen,Groningen
790,Groningen,25/02/2015,10:02:56,2.3,3.00,252936.29,593950.41,Groningen,Groningen
791,Groningen,01/03/2015,10:16:30,1.2,3.00,249917.03,588212.32,Groningen,Groningen
792,Groningen,16/03/2015,23:57:29,0.6,3.00,248567.73,588965.08,Groningen,Groningen
793,Groningen,24/03/2015,03:23:35,1.1,3.00,243858.21,583866.40,Groningen,Groningen
794,Groningen,24/03/2015,13:27:56,2.3,3.00,252805.31,593836.41,Groningen,Groningen
795,Groningen,25/03/2015,06:46:02,1.2,3.00,245110.13,606042.32,Groningen,Groningen
796,Groningen,06/04/2015,13:10:26,1.3,3.00,260876.64,590556.65,Groningen,Groningen
797,Groningen,06/04/2015,17:31:10,0.7,3.00,240154.78,581795.76,Groningen,Groningen
798,Groningen,15/04/2015,00:23:10,0.9,3.00,254841.19,592097.17,Groningen,Groningen
799,Groningen,15/04/2015,03:33:03,0.8,3.00,254146.84,583733.59,Groningen,Groningen
800,Groningen,22/04/2015,00:33:55,0.8,3.00,249561.68,582528.06,Groningen,Groningen
801,Groningen,03/05/2015,16:50:08,1.1,3.00,257378.49,588810.89,Groningen,Groningen
802,Groningen,07/05/2015,13:17:22,1.1,3.00,248887.82,579397.98,Groningen,Groningen
803,Groningen,07/05/2015,19:11:17,1.0,3.00,245290.51,596472.03,Groningen,Groningen
804,Groningen,13/05/2015,01:09:51,1.2,3.00,255943.86,587221.98,Groningen,Groningen
805,Groningen,16/05/2015,14:14:49,1.6,3.00,252308.40,592045.13,Groningen,Groningen
806,Groningen,21/05/2015,21:08:47,1.8,3.00,249978.60,585096.60,Groningen,Groningen
807,Groningen,27/05/2015,10:52:10,2.0,3.00,240183.25,602723.68,Groningen,Groningen
808,Groningen,02/06/2015,23:37:38,0.7,3.00,251426.26,592806.58,Groningen,Groningen
809,Groningen,04/06/2015,20:11:25,1.0,3.00,253221.50,576701.49,Groningen,Groningen
810,Groningen,06/06/2015,23:39:15,1.9,3.00,245771.39,595701.87,Groningen,Groningen
811,Groningen,07/06/2015,13:54:36,0.5,3.00,246282.08,593373.85,Groningen,Groningen
812,Groningen,10/06/2015,02:26:07,1.8,3.00,245962.75,596150.78,Groningen,Groningen
813,Groningen,10/06/2015,09:18:07,0.4,3.00,243300.99,595989.68,Groningen,Groningen
814,Groningen,10/06/2015,14:21:27,0.8,3.00,243296.88,596212.24,Groningen,Groningen
815,Groningen,10/06/2015,14:36:18,0.8,3.00,240845.63,599173.30,Groningen,Groningen
816,Groningen,26/06/2015,22:06:42,0.0,3.00,244075.00,582979.89,Groningen,Groningen
817,Groningen,29/06/2015,11:31:54,0.6,3.00,244874.25,583106.08,Groningen,Groningen
818,Groningen,30/06/2015,00:53:00,0.5,3.00,241570.70,588499.89,Groningen,Groningen
819,Groningen,02/07/2015,15:53:59,0.5,3.00,244043.23,581086.96,Groningen,Groningen
820,Groningen,04/07/2015,04:18:02,0.5,3.00,249647.88,574737.59,Groningen,Groningen
821,Groningen,04/07/2015,11:05:47,0.6,3.00,237063.52,586751.06,Groningen,Groningen
822,Groningen,04/07/2015,18:07:58,1.1,3.00,242019.47,596856.79,Groningen,Groningen
823,Groningen,06/07/2015,04:25:08,0.5,3.00,251516.40,578336.79,Groningen,Groningen
824,Groningen,07/07/2015,03:09:00,2.1,3.00,237995.74,586878.38,Groningen,Groningen
825,Groningen,08/07/2015,02:47:32,0.4,3.00,251522.00,591361.31,Groningen,Groningen
826,Groningen,10/07/2015,15:49:22,0.5,3.00,253878.74,577271.53,Groningen,Groningen
827,Groningen,16/07/2015,02:27:14,0.8,3.00,250333.13,590780.94,Groningen,Groningen
828,Groningen,16/07/2015,08:58:19,0.4,3.00,243438.29,595769.57,Groningen,Groningen
829,Groningen,18/07/2015,07:37:14,0.7,3.00,253594.96,587841.13,Groningen,Groningen
830,Groningen,18/07/2015,23:47:29,0.5,3.00,246816.15,579358.02,Groningen,Groningen
831,Groningen,19/07/2015,20:06:44,0.6,3.00,252536.54,593942.26,Groningen,Groningen
832,Groningen,20/07/2015,22:06:08,0.4,3.00,239893.33,589026.51,Groningen,Groningen
833,Groningen,21/07/2015,02:18:04,1.3,3.00,249318.76,594879.79,Groningen,Groningen
834,Groningen,21/07/2015,09:54:11,0.6,3.00,239703.04,584681.91,Groningen,Groningen
835,Groningen,30/07/2015,15:34:52,0.7,3.00,247570.51,578370.63,Groningen,Groningen
836,Groningen,02/08/2015,01:32:43,0.6,3.00,238367.11,588554.52,Groningen,Groningen
837,Groningen,07/08/2015,12:27:43,0.8,3.00,246372.92,595601.98,Groningen,Groningen
838,Groningen,11/08/2015,10:08:33,0.9,3.00,244652.76,580653.02,Groningen,Groningen
839,Groningen,12/08/2015,23:01:31,0.3,3.00,249924.88,594557.78,Groningen,Groningen
840,Groningen,13/08/2015,05:47:47,0.6,3.00,250315.74,595010.83,Groningen,Groningen
841,Groningen,17/08/2015,00:10:12,0.6,3.00,246482.76,596828.60,Groningen,Groningen
842,Groningen,18/08/2015,07:06:12,2.0,3.00,246365.24,578458.93,Groningen,Groningen
843,Groningen,22/08/2015,00:12:30,1.4,3.00,245667.17,583566.23,Groningen,Groningen
844,Groningen,22/08/2015,10:11:10,1.6,3.00,235810.93,601645.97,Groningen,Groningen
845,Groningen,23/08/2015,07:08:32,0.3,3.00,249927.52,577525.99,Groningen,Groningen
846,Groningen,24/08/2015,20:33:30,0.5,3.00,248270.26,593968.70,Groningen,Groningen
847,Groningen,26/08/2015,18:16:34,0.4,3.00,251905.85,582240.75,Groningen,Groningen
848,Groningen,27/08/2015,04:48:24,0.2,3.00,245400.09,583561.20,Groningen,Groningen
849,Groningen,28/08/2015,02:52:33,0.8,3.00,258669.18,590842.44,Groningen,Groningen
850,Groningen,28/08/2015,08:07:27,1.3,3.00,251119.95,581445.76,Groningen,Groningen
851,Groningen,05/09/2015,03:34:30,0.5,3.00,244593.65,576644.62,Groningen,Groningen
852,Groningen,09/09/2015,20:01:51,1.2,3.00,242753.65,582176.40,Groningen,Groningen
853,Groningen,10/09/2015,16:08:08,0.8,3.00,243241.52,599216.85,Groningen,Groningen
854,Groningen,30/09/2015,18:05:37,3.1,3.00,251602.93,584015.77,Groningen,Groningen
855,Groningen,09/10/2015,00:27:19,0.3,3.00,251530.95,590916.21,Groningen,Groningen
856,Groningen,10/10/2015,02:44:06,0.2,3.00,257669.06,587703.84,Groningen,Groningen
857,Groningen,10/10/2015,05:51:48,0.2,3.00,249280.54,586641.32,Groningen,Groningen
858,Groningen,11/10/2015,04:41:42,0.3,3.00,253016.37,576919.95,Groningen,Groningen
859,Groningen,24/10/2015,02:35:33,0.7,3.00,254780.06,582188.19,Groningen,Groningen
860,Groningen,27/10/2015,15:46:28,1.2,3.00,245817.75,593253.71,Groningen,Groningen
861,Groningen,29/10/2015,06:05:10,0.8,3.00,259772.32,589196.50,Groningen,Groningen
862,Groningen,29/10/2015,08:08:46,1.1,3.00,260293.66,589764.54,Groningen,Groningen
863,Groningen,30/10/2015,16:07:18,1.7,3.00,247601.80,590616.15,Groningen,Groningen
864,Groningen,30/10/2015,18:49:01,2.3,3.00,257223.77,589809.51,Groningen,Groningen
865,Groningen,30/10/2015,22:26:39,0.9,3.00,257545.30,590373.00,Groningen,Groningen
866,Groningen,09/11/2015,13:17:37,0.7,3.00,259444.72,585849.59,Groningen,Groningen
867,Groningen,10/11/2015,16:32:23,0.6,3.00,249130.47,584078.05,Groningen,Groningen
868,Groningen,12/11/2015,12:30:09,0.6,3.00,243045.24,580845.97,Groningen,Groningen
869,Groningen,15/11/2015,23:01:42,0.9,3.00,245269.54,597584.84,Groningen,Groningen
870,Groningen,02/12/2015,06:40:02,1.6,3.00,251389.25,584679.40,Groningen,Groningen
871,Groningen,03/12/2015,04:40:48,0.5,3.00,238686.23,585554.61,Groningen,Groningen
872,Groningen,08/12/2015,03:54:22,0.8,3.00,240451.19,595158.80,Groningen,Groningen
873,Groningen,13/12/2015,15:18:13,0.4,3.00,239252.28,598922.36,Groningen,Groningen
874,Groningen,15/12/2015,00:01:50,1.6,3.00,255247.26,595000.09,Groningen,Groningen
875,Groningen,15/12/2015,07:43:55,1.7,3.00,236167.88,588405.53,Groningen,Groningen
876,Groningen,25/12/2015,04:19:36,1.3,3.00,244824.47,592901.05,Groningen,Groningen
877,Groningen,02/01/2016,00:04:28,0.5,3.00,241189.23,591164.60,Groningen,Groningen
878,Groningen,07/01/2016,05:25:55,1.6,3.00,250413.13,576645.05,Groningen,Groningen
879,Groningen,11/01/2016,05:31:35,0.6,3.00,250308.82,578535.37,Groningen,Groningen
880,Groningen,13/01/2016,06:41:42,1.3,3.00,252973.21,585601.99,Groningen,Groningen
881,Groningen,17/01/2016,11:57:33,1.5,3.00,251949.63,586694.43,Groningen,Groningen
882,Groningen,19/01/2016,13:19:07,0.6,3.00,247056.37,598175.45,Groningen,Groningen
883,Groningen,20/01/2016,03:57:08,0.6,3.00,243574.75,584751.69,Groningen,Groningen
884,Groningen,26/01/2016,22:22:33,1.5,3.00,244055.58,580419.30,Groningen,Groningen
885,Groningen,05/02/2016,21:11:38,0.4,3.00,240398.25,583135.83,Groningen,Groningen
886,Groningen,17/02/2016,00:20:52,0.9,3.00,259523.56,585294.68,Groningen,Groningen
887,Groningen,18/02/2016,08:14:44,0.4,3.00,245032.75,592459.68,Groningen,Groningen
888,Groningen,18/02/2016,08:19:44,0.7,3.00,245034.84,592348.40,Groningen,Groningen
889,Groningen,19/02/2016,03:04:21,0.1,3.00,245553.31,593137.39,Groningen,Groningen
890,Groningen,19/02/2016,21:48:37,1.3,3.00,237065.42,586639.78,Groningen,Groningen
891,Groningen,20/02/2016,03:44:58,0.7,3.00,237550.58,597222.97,Groningen,Groningen
892,Groningen,21/02/2016,05:09:14,0.2,3.00,245001.15,597691.11,Groningen,Groningen
893,Groningen,25/02/2016,22:26:30,2.4,3.00,248172.09,578382.23,Groningen,Groningen
894,Groningen,29/02/2016,01:19:57,0.3,3.00,247975.86,578155.81,Groningen,Groningen
895,Groningen,01/03/2016,07:29:47,0.3,3.00,243398.36,594321.69,Groningen,Groningen
896,Groningen,03/03/2016,19:54:29,0.2,3.00,247555.53,579149.55,Groningen,Groningen
897,Groningen,04/03/2016,13:00:29,0.9,3.00,241378.05,599182.87,Groningen,Groningen
898,Groningen,07/03/2016,10:16:53,1.2,3.00,250993.21,587788.43,Groningen,Groningen
899,Groningen,09/03/2016,22:51:07,0.4,3.00,251986.10,581574.46,Groningen,Groningen
900,Groningen,11/03/2016,11:33:23,0.9,3.00,251616.58,580008.57,Groningen,Groningen
901,Groningen,16/03/2016,14:58:02,0.5,3.00,248733.70,587298.53,Groningen,Groningen
902,Groningen,20/03/2016,22:02:13,0.5,3.00,252759.41,586265.56,Groningen,Groningen
903,Groningen,24/03/2016,08:00:35,0.6,3.00,254478.18,590308.45,Groningen,Groningen
904,Groningen,25/03/2016,01:26:59,1.8,3.00,256270.19,574872.18,Groningen,Groningen
905,Groningen,25/03/2016,09:46:39,0.7,3.00,238964.86,584891.59,Groningen,Groningen
906,Groningen,31/03/2016,13:33:42,0.7,3.00,237517.21,587538.02,Groningen,Groningen
907,Groningen,02/04/2016,00:47:53,1.1,3.00,239756.06,585462.04,Groningen,Groningen
908,Groningen,04/04/2016,18:12:49,0.5,3.00,239559.87,592805.35,Groningen,Groningen
909,Groningen,09/04/2016,17:45:57,0.3,3.00,247532.98,590726.14,Groningen,Groningen
910,Groningen,13/04/2016,11:00:45,0.7,3.00,259789.32,588417.59,Groningen,Groningen
911,Groningen,24/04/2016,06:58:58,0.4,3.00,252611.22,590270.12,Groningen,Groningen
912,Groningen,24/04/2016,15:36:47,1.1,3.00,251008.72,583669.91,Groningen,Groningen
913,Groningen,01/05/2016,07:32:50,0.4,3.00,242774.83,602881.85,Groningen,Groningen
914,Groningen,06/05/2016,17:27:39,0.7,3.00,242037.66,595855.25,Groningen,Groningen
915,Groningen,15/05/2016,11:57:15,1.0,3.00,261867.02,588018.06,Groningen,Groningen
916,Groningen,16/05/2016,20:38:41,1.1,3.00,256942.85,590471.49,Groningen,Groningen
917,Groningen,16/05/2016,22:24:37,0.4,3.00,256223.50,589788.32,Groningen,Groningen
918,Groningen,28/05/2016,02:08:20,1.2,3.00,238310.85,584101.02,Groningen,Groningen
919,Groningen,29/05/2016,14:27:54,1.1,3.00,251553.33,589803.44,Groningen,Groningen
920,Groningen,01/06/2016,08:02:54,1.2,3.00,245727.13,598038.77,Groningen,Groningen
921,Groningen,02/06/2016,18:43:13,1.5,3.00,257576.01,585809.34,Groningen,Groningen
922,Groningen,16/06/2016,00:56:16,0.3,3.00,241403.87,582931.16,Groningen,Groningen
923,Groningen,16/06/2016,03:27:08,0.5,3.00,251542.87,583680.60,Groningen,Groningen
924,Groningen,16/06/2016,20:17:43,0.2,3.00,253504.87,585724.17,Groningen,Groningen
925,Groningen,18/06/2016,11:10:46,0.1,3.00,249023.92,596321.18,Groningen,Groningen
926,Groningen,18/06/2016,23:58:25,1.2,3.00,247169.46,578362.94,Groningen,Groningen
927,Groningen,22/06/2016,13:10:10,0.7,3.00,249825.24,596225.65,Groningen,Groningen
928,Groningen,29/06/2016,00:47:12,0.4,3.00,261068.97,587889.04,Groningen,Groningen
929,Groningen,06/07/2016,21:54:00,0.3,3.00,239783.13,595258.25,Groningen,Groningen
930,Groningen,17/07/2016,12:01:18,0.5,3.00,255261.90,578302.00,Groningen,Groningen
931,Groningen,18/07/2016,08:58:11,1.7,3.00,242963.04,599879.65,Groningen,Groningen
932,Groningen,22/07/2016,10:55:15,0.3,3.00,252900.62,589162.79,Groningen,Groningen
933,Groningen,23/07/2016,17:59:45,0.1,3.00,255910.82,582434.42,Groningen,Groningen
934,Groningen,26/07/2016,14:02:10,0.9,3.00,256375.67,588900.93,Groningen,Groningen
935,Groningen,28/07/2016,05:32:13,0.2,3.00,253231.80,589280.88,Groningen,Groningen
936,Groningen,28/07/2016,15:57:28,0.8,3.00,250899.76,585782.80,Groningen,Groningen
937,Groningen,07/08/2016,20:40:22,1.3,3.00,238645.50,599356.99,Groningen,Groningen
938,Groningen,08/08/2016,00:03:39,0.4,3.00,255624.01,576973.71,Groningen,Groningen
939,Groningen,10/08/2016,18:16:25,0.5,3.00,240432.15,592486.86,Groningen,Groningen
940,Groningen,14/08/2016,01:50:44,0.7,3.00,263954.04,584279.80,Groningen,Groningen
941,Groningen,14/08/2016,04:07:50,0.2,3.00,241215.51,582259.90,Groningen,Groningen
942,Groningen,23/08/2016,02:11:16,0.6,3.00,264513.47,583179.23,Groningen,Groningen
943,Groningen,23/08/2016,03:53:30,1.0,3.00,265117.01,583081.68,Groningen,Groningen
944,Groningen,24/08/2016,13:09:08,0.8,3.00,256043.27,592011.01,Groningen,Groningen
945,Groningen,24/08/2016,18:44:23,0.6,3.00,243973.59,599230.40,Groningen,Groningen
946,Groningen,24/08/2016,23:44:03,1.1,3.00,259057.55,597530.51,Groningen,Groningen
947,Groningen,28/08/2016,03:27:53,1.3,3.00,238060.94,602352.41,Groningen,Groningen
948,Groningen,01/09/2016,00:07:52,0.4,3.00,243650.60,580634.45,Groningen,Groningen
949,Groningen,02/09/2016,13:16:00,2.1,3.00,252306.58,582248.84,Groningen,Groningen
950,Groningen,09/09/2016,12:21:23,0.8,3.00,249840.65,595446.70,Groningen,Groningen
951,Groningen,11/09/2016,23:22:55,0.2,3.00,245501.85,588795.00,Groningen,Groningen
952,Groningen,21/09/2016,14:21:32,1.2,3.00,258965.51,586395.83,Groningen,Groningen
953,Groningen,27/09/2016,23:22:14,0.9,3.00,237029.08,584858.16,Groningen,Groningen
954,Groningen,02/10/2016,01:47:17,0.3,3.00,247728.65,594403.48,Groningen,Groningen
955,Groningen,04/10/2016,14:46:19,0.5,3.00,248137.33,590515.19,Groningen,Groningen
956,Groningen,06/10/2016,02:56:46,0.4,3.00,250189.86,584544.18,Groningen,Groningen
957,Groningen,07/10/2016,00:16:17,0.9,3.00,259670.61,602999.06,Groningen,Groningen
958,Groningen,12/10/2016,07:12:46,0.5,3.00,244178.76,591775.82,Groningen,Groningen
959,Groningen,24/10/2016,09:43:47,0.6,3.00,253346.95,590173.82,Groningen,Groningen
960,Groningen,29/10/2016,14:36:14,0.6,3.00,252282.34,590040.80,Groningen,Groningen
961,Groningen,01/11/2016,00:12:28,1.9,3.00,249653.26,591435.41,Groningen,Groningen
962,Groningen,01/11/2016,00:57:46,2.2,3.00,249775.59,591994.43,Groningen,Groningen
963,Groningen,05/11/2016,16:58:15,0.8,3.00,258603.05,587723.90,Groningen,Groningen
964,Groningen,08/11/2016,11:23:17,1.4,3.00,248788.03,594758.05,Groningen,Groningen
965,Groningen,08/11/2016,11:25:33,0.9,3.00,248725.77,594534.19,Groningen,Groningen
966,Groningen,10/11/2016,06:35:42,0.7,3.00,254261.99,584626.54,Groningen,Groningen
967,Groningen,20/11/2016,15:20:07,1.0,3.00,245457.80,591131.85,Groningen,Groningen
968,Groningen,20/11/2016,17:58:40,1.2,3.00,249322.15,591317.57,Groningen,Groningen
969,Groningen,20/11/2016,18:57:56,1.6,3.00,251641.23,595371.34,Groningen,Groningen
970,Groningen,22/11/2016,12:46:03,0.6,3.00,263319.57,588718.57,Groningen,Groningen
971,Groningen,22/11/2016,17:39:12,0.7,3.00,234324.62,590934.91,Groningen,Groningen
972,Groningen,25/11/2016,02:11:16,0.3,3.00,238894.23,585112.98,Groningen,Groningen
973,Groningen,26/11/2016,13:18:35,0.6,3.00,249427.87,596106.48,Groningen,Groningen
974,Groningen,26/11/2016,17:03:34,1.0,3.00,256546.70,587123.36,Groningen,Groningen
975,Groningen,27/11/2016,19:12:32,0.9,3.00,252330.95,597500.46,Groningen,Groningen
976,Groningen,02/12/2016,08:58:21,0.8,3.00,253749.55,593299.14,Groningen,Groningen
977,Groningen,05/12/2016,12:15:43,0.4,3.00,256823.01,586683.92,Groningen,Groningen
978,Groningen,05/12/2016,22:11:06,0.1,3.00,251634.50,595705.17,Groningen,Groningen
979,Groningen,07/12/2016,01:52:49,1.8,3.00,247384.83,594953.45,Groningen,Groningen
980,Groningen,11/12/2016,00:25:42,0.2,3.00,258343.64,584267.25,Groningen,Groningen
981,Groningen,12/12/2016,11:28:07,0.6,3.00,261076.34,587555.23,Groningen,Groningen
982,Groningen,15/12/2016,04:44:48,0.6,3.00,249561.06,596109.11,Groningen,Groningen
983,Groningen,15/12/2016,10:45:30,1.6,3.00,257934.90,600178.15,Groningen,Groningen
984,Groningen,16/12/2016,19:55:23,0.6,3.00,261568.03,586452.84,Groningen,Groningen
985,Groningen,17/12/2016,11:56:47,0.6,3.00,239496.61,581227.59,Groningen,Groningen
986,Groningen,20/12/2016,16:15:39,1.1,3.00,242427.79,581725.22,Groningen,Groningen
987,Groningen,22/12/2016,23:41:01,0.5,3.00,253552.21,596412.17,Groningen,Groningen
988,Groningen,30/12/2016,03:05:53,1.0,3.00,249319.96,591428.85,Groningen,Groningen
989,Groningen,30/12/2016,03:06:07,0.6,3.00,249873.04,590437.86,Groningen,Groningen
990,Groningen,03/01/2017,21:08:24,0.9,3.00,258976.82,588956.55,Groningen,Groningen
991,Groningen,14/01/2017,12:47:19,0.6,3.00,252048.41,581798.35,Groningen,Groningen
992,Groningen,17/01/2017,18:53:10,0.7,3.00,251905.34,585580.33,Groningen,Groningen
993,Groningen,19/01/2017,22:44:47,0.9,3.00,247397.70,594285.77,Groningen,Groningen
994,Groningen,20/01/2017,22:30:18,0.6,3.00,254227.53,586295.65,Groningen,Groningen
995,Groningen,22/01/2017,11:01:48,0.5,3.00,248180.70,577937.14,Groningen,Groningen
996,Groningen,27/01/2017,05:11:20,0.7,3.00,252914.30,575359.43,Groningen,Groningen
997,Groningen,27/01/2017,23:41:59,0.1,3.00,247584.62,591506.37,Groningen,Groningen
998,Groningen,04/02/2017,02:56:52,0.9,3.00,244973.96,599137.77,Groningen,Groningen
999,Groningen,04/02/2017,03:11:26,0.8,3.00,239522.43,598704.49,Groningen,Groningen
1000,Groningen,04/02/2017,03:27:37,0.6,3.00,244774.30,599134.02,Groningen,Groningen
1001,Groningen,05/02/2017,15:49:33,1.3,3.00,239044.80,599363.99,Groningen,Groningen
1002,Groningen,06/02/2017,21:19:06,0.9,3.00,250200.60,573857.95,Groningen,Groningen
1003,Groningen,12/02/2017,14:43:23,1.3,3.00,243223.06,600218.39,Groningen,Groningen
1004,Groningen,14/02/2017,07:45:44,0.9,3.00,240500.94,599835.04,Groningen,Groningen
1005,Groningen,14/02/2017,20:52:04,0.8,3.00,243576.34,599111.71,Groningen,Groningen
1006,Groningen,15/02/2017,12:01:37,1.6,3.00,243297.81,599774.49,Groningen,Groningen
1007,Groningen,19/02/2017,13:21:25,1.4,3.00,246191.83,601609.90,Groningen,Groningen
1008,Groningen,19/02/2017,20:15:10,0.5,3.00,240808.82,582586.57,Groningen,Groningen
1009,Groningen,21/02/2017,23:19:46,0.4,3.00,246113.88,591700.86,Groningen,Groningen
1010,Groningen,25/02/2017,05:32:47,1.3,3.00,244803.63,594013.85,Groningen,Groningen
1011,Groningen,26/02/2017,06:25:08,1.2,3.00,240684.64,600728.88,Groningen,Groningen
1012,Groningen,26/02/2017,21:39:48,1.4,3.00,247662.03,594402.20,Groningen,Groningen
1013,Groningen,28/02/2017,21:26:51,0.9,3.00,247945.76,593517.12,Groningen,Groningen
1014,Groningen,03/03/2017,00:05:52,0.5,3.00,253774.76,592075.10,Groningen,Groningen
1015,Groningen,11/03/2017,12:52:48,2.1,3.00,246482.76,596828.60,Groningen,Groningen
1016,Groningen,12/03/2017,23:36:38,0.6,3.00,258505.57,586051.92,Groningen,Groningen
1017,Groningen,14/03/2017,05:22:36,1.3,3.00,254877.72,593545.15,Groningen,Groningen
1018,Groningen,15/03/2017,18:31:51,0.6,3.00,255358.88,576856.86,Groningen,Groningen
1019,Groningen,04/04/2017,10:00:44,1.8,3.00,261993.01,588354.85,Groningen,Groningen
1020,Groningen,04/04/2017,22:36:27,0.1,3.00,248610.56,590190.43,Groningen,Groningen
1021,Groningen,09/04/2017,08:41:11,0.6,3.00,256432.96,589347.44,Groningen,Groningen
1022,Groningen,10/04/2017,00:17:19,1.3,3.00,251789.27,588027.05,Groningen,Groningen
1023,Groningen,10/04/2017,21:40:52,0.6,3.00,246848.99,581139.70,Groningen,Groningen
1024,Groningen,10/04/2017,23:37:13,1.1,3.00,261864.55,588129.33,Groningen,Groningen
1025,Groningen,13/04/2017,10:33:55,1.4,3.00,245583.77,605605.98,Groningen,Groningen
1026,Groningen,19/04/2017,17:11:08,0.5,3.00,244083.16,593332.50,Groningen,Groningen
1027,Groningen,26/04/2017,13:56:49,2.0,3.00,243573.55,581189.60,Groningen,Groningen
