"","X","Y","Start_date","End_date"
"1",245559.7438,595019.9156,"2013-09-23","2599-12-31"
"2",243289.2751,598756.8534,"2017-12-15","2599-12-31"
"3",243289.2751,598756.8534,"2017-12-15","2599-12-31"
"4",243289.2751,598756.8534,"2017-12-15","2599-12-31"
"5",243289.2751,598756.8534,"2017-12-15","2599-12-31"
"6",255490.9024,582919.2229,"2015-09-22","2599-12-31"
"7",245559.7438,595019.9156,"2013-09-23","2599-12-31"
"8",257568.1765,587595.918,"2015-12-07","2599-12-31"
"9",241971.4148,592531.203,"2019-12-05","2599-12-31"
"10",256506.0921,594963.1148,"2015-09-15","2599-12-31"
"11",250660.2176,593719.6573,"2015-10-29","2599-12-31"
"12",238291.8533,583886.6282,"2015-09-16","2599-12-31"
"13",234561.2513,585463.3871,"2015-11-27","2599-12-31"
"14",263981.0995,591204.5951,"2015-11-27","2599-12-31"
"15",252955.9283,590274.2394,"2014-11-12","2599-12-31"
"16",237762.8191,589231.9711,"2015-11-27","2599-12-31"
"17",238898.8933,597051.5785,"2019-12-05","2599-12-31"
"18",255450.3924,595371.375,"2015-05-28","2599-12-31"
"19",238291.8533,583886.6282,"2015-09-16","2599-12-31"
"20",247003.8257,592328.9727,"2015-02-16","2599-12-31"
"21",248207.606,590399.6553,"2014-09-17","2599-12-31"
"22",247003.8257,592328.9727,"2015-02-16","2599-12-31"
"23",247003.8257,592328.9727,"2015-02-16","2599-12-31"
"24",247003.8257,592328.9727,"2015-02-16","2599-12-31"
"25",247003.8257,592328.9727,"2015-02-16","2599-12-31"
"26",247003.8257,592328.9727,"2015-02-16","2599-12-31"
"27",248207.606,590399.6553,"2014-09-17","2599-12-31"
"28",243090.9595,596143.8737,"2013-04-24","2599-12-31"
"29",244524.3302,588132.1396,"2016-03-28","2599-12-31"
"30",245559.7438,595019.9156,"2013-09-23","2599-12-31"
"31",243975.9184,600985.2909,"2015-09-18","2599-12-31"
"32",243906.0488,594623.1669,"2015-09-18","2599-12-31"
"33",244284.9563,582900.2906,"2014-10-24","2599-12-31"
"34",247034.6653,580089.6325,"2014-10-23","2599-12-31"
"35",247003.8257,592328.9727,"2015-02-16","2599-12-31"
"36",245559.7438,595019.9156,"2013-09-23","2599-12-31"
"37",243289.2751,598756.8534,"2017-12-15","2599-12-31"
"38",245559.7438,595019.9156,"2013-09-23","2599-12-31"
"39",241009.9847,592313.4984,"2015-02-10","2599-12-31"
"40",243289.2751,598756.8534,"2017-12-15","2599-12-31"
"41",247119.2125,597798.5977,"2015-02-11","2599-12-31"
"42",245559.7438,595019.9156,"2013-09-23","2599-12-31"
"43",245559.7438,595019.9156,"2013-09-23","2599-12-31"
"44",251514.8103,593010.9562,"2013-10-07","2599-12-31"
"45",245559.7438,595019.9156,"2013-09-23","2599-12-31"
"46",248207.606,590399.6553,"2014-09-17","2599-12-31"
"47",257568.1765,587595.918,"2015-12-07","2599-12-31"
"48",245559.7438,595019.9156,"2013-09-23","2599-12-31"
"49",256506.0921,594963.1148,"2015-09-15","2599-12-31"
"50",245559.7438,595019.9156,"2013-09-23","2599-12-31"
"51",250660.2176,593719.6573,"2015-10-29","2599-12-31"
"52",243906.0488,594623.1669,"2015-09-18","2599-12-31"
"53",257568.1765,587595.918,"2015-12-07","2599-12-31"
"54",238291.8533,583886.6282,"2015-09-16","2599-12-31"
"55",250011.9339,582983.3038,"2014-10-24","2599-12-31"
"56",243289.2751,598756.8534,"2017-12-15","2599-12-31"
"57",255135.8618,577319.7528,"2015-02-11","2599-12-31"
"58",247003.8257,592328.9727,"2015-02-16","2599-12-31"
"59",248207.606,590399.6553,"2014-09-17","2599-12-31"
"60",248207.606,590399.6553,"2014-09-17","2599-12-31"
"61",241971.4148,592531.203,"2019-12-05","2599-12-31"
"62",241971.4148,592531.203,"2019-12-05","2599-12-31"
"63",245559.7438,595019.9156,"2013-09-23","2599-12-31"
"64",247022.3198,604457.6339,"2015-07-16","2599-12-31"
"65",243090.9595,596143.8737,"2013-04-24","2599-12-31"
"66",244524.3302,588132.1396,"2016-03-28","2599-12-31"
"67",248213.3896,593808.3977,"2013-09-24","2599-12-31"
"68",245559.7438,595019.9156,"2013-09-23","2599-12-31"
"69",238291.8533,583886.6282,"2015-09-16","2599-12-31"
"70",240329.8901,596597.0715,"2015-09-22","2599-12-31"
"71",240329.8901,596597.0715,"2015-09-22","2599-12-31"
"72",243906.0488,594623.1669,"2015-09-18","2599-12-31"
"73",248207.606,590399.6553,"2014-09-17","2599-12-31"
"74",245559.7438,595019.9156,"2013-09-23","2599-12-31"
"75",261958.2215,582864.2158,"2015-02-11","2599-12-31"
"76",243906.0488,594623.1669,"2015-09-18","2599-12-31"
"77",247119.2125,597798.5977,"2015-02-11","2599-12-31"
"78",245559.7438,595019.9156,"2013-09-23","2599-12-31"
"79",253433.671,586383.5079,"2017-04-04","2599-12-31"
"80",247127.8894,578752.8488,"2014-09-17","2599-12-31"
"81",255135.8618,577319.7528,"2015-02-11","2599-12-31"
"82",243090.9595,596143.8737,"2013-04-24","2599-12-31"
"83",238596.8794,601743.5748,"2015-09-22","2599-12-31"
"84",238596.8794,601743.5748,"2015-09-22","2599-12-31"
"85",238596.8794,601743.5748,"2015-09-22","2599-12-31"
"86",252612.1318,573944.5712,"2015-02-12","2599-12-31"
"87",243906.0488,594623.1669,"2015-09-18","2599-12-31"
"88",243090.9595,596143.8737,"2013-04-24","2599-12-31"
"89",243289.2751,598756.8534,"2017-12-15","2599-12-31"
"90",247003.8257,592328.9727,"2015-02-16","2599-12-31"
"91",240672.8336,585579.5799,"2016-01-22","2599-12-31"
"92",241114.2716,600275.16,"2015-11-27","2599-12-31"
"93",248213.3896,593808.3977,"2013-09-24","2599-12-31"
"94",253433.671,586383.5079,"2017-04-04","2599-12-31"
"95",235413.6028,592553.0377,"2015-09-17","2599-12-31"
"96",255135.8618,577319.7528,"2015-02-11","2599-12-31"
"97",243265.8688,583316.7192,"2014-09-17","2599-12-31"
"98",243090.9595,596143.8737,"2013-04-24","2599-12-31"
"99",247022.3198,604457.6339,"2015-07-16","2599-12-31"
"100",256770.6126,570348.0291,"2015-06-30","2599-12-31"
"101",243265.8688,583316.7192,"2014-09-17","2599-12-31"
"102",243289.2751,598756.8534,"2017-12-15","2599-12-31"
"103",243289.2751,598756.8534,"2017-12-15","2599-12-31"
"104",253433.671,586383.5079,"2017-04-04","2599-12-31"
"105",245559.7438,595019.9156,"2013-09-23","2599-12-31"
"106",243090.9595,596143.8737,"2013-04-24","2599-12-31"
"107",245559.7438,595019.9156,"2013-09-23","2599-12-31"
"108",252955.9283,590274.2394,"2014-11-12","2599-12-31"
"109",264920.4731,588749.5934,"2015-12-02","2599-12-31"
"110",234561.2513,585463.3871,"2015-11-27","2599-12-31"
"111",244524.3302,588132.1396,"2016-03-28","2599-12-31"
"112",264920.4731,588749.5934,"2015-12-02","2599-12-31"
"113",241645.0932,580508.0868,"2015-02-11","2599-12-31"
"114",248213.3896,593808.3977,"2013-09-24","2599-12-31"
"115",248360.1713,589228.8659,"2015-09-22","2599-12-31"
"116",248213.3896,593808.3977,"2013-09-24","2599-12-31"
"117",250087.3922,577365.0517,"2015-08-28","2599-12-31"
"118",243289.2751,598756.8534,"2017-12-15","2599-12-31"
"119",248207.606,590399.6553,"2014-09-17","2599-12-31"
"120",252739.2649,580012.2974,"2014-10-31","2599-12-31"
"121",256506.0921,594963.1148,"2015-09-15","2599-12-31"
"122",253433.671,586383.5079,"2017-04-04","2599-12-31"
"123",250660.2176,593719.6573,"2015-10-29","2599-12-31"
"124",244284.9563,582900.2906,"2014-10-24","2599-12-31"
"125",243975.9184,600985.2909,"2015-09-18","2599-12-31"
"126",246051.4828,597580.6998,"2013-09-23","2020-06-01"
"127",235413.6028,592553.0377,"2015-09-17","2599-12-31"
"128",250087.3922,577365.0517,"2015-08-28","2599-12-31"
"129",252739.2649,580012.2974,"2014-10-31","2599-12-31"
"130",251514.8103,593010.9562,"2013-10-07","2599-12-31"
"131",250240.6091,595545.2317,"2015-09-18","2599-12-31"
"132",255135.8618,577319.7528,"2015-02-11","2599-12-31"
"133",253433.671,586383.5079,"2017-04-04","2599-12-31"
"134",249932.7742,595841.4772,"2013-10-01","2599-12-31"
"135",237762.8191,589231.9711,"2015-11-27","2599-12-31"
"136",249932.7742,595841.4772,"2013-10-01","2599-12-31"
"137",247127.8894,578752.8488,"2014-09-17","2599-12-31"
"138",243289.2751,598756.8534,"2017-12-15","2599-12-31"
"139",251514.8103,593010.9562,"2013-10-07","2599-12-31"
"140",257568.1765,587595.918,"2015-12-07","2599-12-31"
"141",257568.1765,587595.918,"2015-12-07","2599-12-31"
"142",259790.0469,576975.2505,"2015-11-30","2599-12-31"
"143",244818.7241,577480.3161,"2014-10-23","2599-12-31"
"144",259587.5394,584993.26,"2018-07-06","2599-12-31"
"145",244284.9563,582900.2906,"2014-10-24","2599-12-31"
"146",252739.2649,580012.2974,"2014-10-31","2599-12-31"
"147",241645.0932,580508.0868,"2015-02-11","2599-12-31"
"148",252739.2649,580012.2974,"2014-10-31","2599-12-31"
"149",258722.6842,592415.1863,"2017-05-12","2599-12-31"
"150",248360.1713,589228.8659,"2015-09-22","2599-12-31"
"151",238209.1548,595141.2719,"2015-04-29","2599-12-31"
"152",247003.8257,592328.9727,"2015-02-16","2599-12-31"
"153",251789.5467,601049.6507,"2015-09-08","2599-12-31"
"154",257568.1765,587595.918,"2015-12-07","2599-12-31"
"155",244524.3302,588132.1396,"2016-03-28","2599-12-31"
"156",252612.1318,573944.5712,"2015-02-12","2599-12-31"
"157",261958.2215,582864.2158,"2015-02-11","2599-12-31"
"158",245723.4446,592494.9436,"2014-09-17","2019-12-07"
"159",251514.8103,593010.9562,"2013-10-07","2599-12-31"
"160",238291.8533,583886.6282,"2015-09-16","2599-12-31"
"161",251514.8103,593010.9562,"2013-10-07","2599-12-31"
"162",246962.0794,585986.3499,"2014-10-23","2599-12-31"
"163",255579.9145,589125.7619,"2014-10-23","2599-12-31"
"164",245723.4446,592494.9436,"2014-09-17","2019-12-07"
"165",255135.8618,577319.7528,"2015-02-11","2599-12-31"
"166",245559.7438,595019.9156,"2013-09-23","2599-12-31"
"167",255135.8618,577319.7528,"2015-02-11","2599-12-31"
"168",238209.1548,595141.2719,"2015-04-29","2599-12-31"
"169",255579.9145,589125.7619,"2014-10-23","2599-12-31"
"170",248360.1713,589228.8659,"2015-09-22","2599-12-31"
"171",245723.4446,592494.9436,"2014-09-17","2019-12-07"
"172",250011.9339,582983.3038,"2014-10-24","2599-12-31"
"173",241009.9847,592313.4984,"2015-02-10","2599-12-31"
"174",250240.6091,595545.2317,"2015-09-18","2599-12-31"
"175",248213.3896,593808.3977,"2013-09-24","2599-12-31"
"176",258722.6842,592415.1863,"2017-05-12","2599-12-31"
"177",240672.8336,585579.5799,"2016-01-22","2599-12-31"
"178",253433.671,586383.5079,"2017-04-04","2599-12-31"
"179",253433.671,586383.5079,"2017-04-04","2599-12-31"
"180",238291.8533,583886.6282,"2015-09-16","2599-12-31"
"181",249932.7742,595841.4772,"2013-10-01","2599-12-31"
"182",247003.8257,592328.9727,"2015-02-16","2599-12-31"
"183",255579.9145,589125.7619,"2014-10-23","2599-12-31"
"184",255579.9145,589125.7619,"2014-10-23","2599-12-31"
"185",248207.606,590399.6553,"2014-09-17","2599-12-31"
"186",243265.8688,583316.7192,"2014-09-17","2599-12-31"
"187",246758.2624,571707.7562,"2015-09-15","2599-12-31"
"188",238291.8533,583886.6282,"2015-09-16","2599-12-31"
"189",238943.6634,581422.3842,"2015-10-22","2599-12-31"
"190",232275.318,589018.0716,"2015-10-22","2599-12-31"
"191",251514.8103,593010.9562,"2013-10-07","2599-12-31"
"192",247003.8257,592328.9727,"2015-02-16","2599-12-31"
"193",247003.8257,592328.9727,"2015-02-16","2599-12-31"
"194",257568.1765,587595.918,"2015-12-07","2599-12-31"
"195",246051.4828,597580.6998,"2013-09-23","2020-06-01"
"196",238898.8933,597051.5785,"2013-09-10","2019-12-05"
"197",238291.8533,583886.6282,"2015-09-16","2599-12-31"
"198",238291.8533,583886.6282,"2015-09-16","2599-12-31"
"199",238209.1548,595141.2719,"2015-04-29","2599-12-31"
"200",238291.8533,583886.6282,"2015-09-16","2599-12-31"
"201",248213.3896,593808.3977,"2013-09-24","2599-12-31"
"202",248213.3896,593808.3977,"2013-09-24","2599-12-31"
"203",245723.4446,592494.9436,"2014-09-17","2019-12-07"
"204",258722.6842,592415.1863,"2017-05-12","2599-12-31"
"205",251514.8103,593010.9562,"2013-10-07","2599-12-31"
"206",238898.8933,597051.5785,"2013-09-10","2019-12-05"
"207",238898.8933,597051.5785,"2013-09-10","2019-12-05"
"208",247022.3198,604457.6339,"2015-07-16","2599-12-31"
"209",245723.4446,592494.9436,"2014-09-17","2019-12-07"
"210",243906.0488,594623.1669,"2015-09-18","2599-12-31"
"211",245723.4446,592494.9436,"2014-09-17","2019-12-07"
"212",245559.7438,595019.9156,"2013-09-23","2599-12-31"
"213",243265.8688,583316.7192,"2014-09-17","2599-12-31"
"214",237762.8191,589231.9711,"2015-11-27","2599-12-31"
"215",250087.3922,577365.0517,"2015-08-28","2599-12-31"
"216",251789.5467,601049.6507,"2015-09-08","2599-12-31"
"217",245723.4446,592494.9436,"2014-09-17","2019-12-07"
"218",255450.3924,595371.375,"2015-05-28","2599-12-31"
"219",238898.8933,597051.5785,"2013-09-10","2019-12-05"
"220",238898.8933,597051.5785,"2013-09-10","2019-12-05"
"221",247119.2125,597798.5977,"2015-02-11","2599-12-31"
"222",257568.1765,587595.918,"2015-12-07","2599-12-31"
"223",251514.8103,593010.9562,"2013-10-07","2599-12-31"
"224",238898.8933,597051.5785,"2013-09-10","2019-12-05"
"225",245559.7438,595019.9156,"2013-09-23","2599-12-31"
"226",233820.7457,598820.9625,"2017-10-05","2599-12-31"
"227",252955.9283,590274.2394,"2014-11-12","2599-12-31"
"228",246051.4828,597580.6998,"2013-09-23","2020-06-01"
"229",240487.1077,603067.5024,"2013-10-07","2019-12-06"
"230",247389.306,598590.4013,"2017-12-15","2019-03-02"
"231",243090.9595,596143.8737,"2013-04-24","2599-12-31"
"232",243265.8688,583316.7192,"2014-09-17","2599-12-31"
"233",259790.0469,576975.2505,"2015-11-30","2599-12-31"
"234",256770.6126,570348.0291,"2015-06-30","2599-12-31"
"235",256770.6126,570348.0291,"2015-06-30","2599-12-31"
"236",244284.9563,582900.2906,"2014-10-24","2599-12-31"
"237",238898.8933,597051.5785,"2013-09-10","2019-12-05"
"238",248360.1713,589228.8659,"2015-09-22","2599-12-31"
"239",232275.318,589018.0716,"2015-10-22","2599-12-31"
"240",252955.9283,590274.2394,"2014-11-12","2599-12-31"
"241",237762.8191,589231.9711,"2015-11-27","2599-12-31"
"242",250660.2176,593719.6573,"2015-10-29","2599-12-31"
"243",246962.0794,585986.3499,"2014-10-23","2599-12-31"
"244",238898.8933,597051.5785,"2013-09-10","2019-12-05"
"245",243975.9184,600985.2909,"2015-09-18","2599-12-31"
"246",241114.2716,600275.16,"2015-11-27","2599-12-31"
"247",253433.671,586383.5079,"2017-04-04","2599-12-31"
"248",241114.2716,600275.16,"2015-11-27","2599-12-31"
"249",250011.9339,582983.3038,"2014-10-24","2599-12-31"
"250",241114.2716,600275.16,"2015-11-27","2599-12-31"
"251",252955.9283,590274.2394,"2014-11-12","2599-12-31"
"252",255450.3924,595371.375,"2015-05-28","2599-12-31"
"253",253433.671,586383.5079,"2017-04-04","2599-12-31"
"254",248207.606,590399.6553,"2014-09-17","2599-12-31"
"255",243090.9595,596143.8737,"2013-04-24","2599-12-31"
"256",243090.9595,596143.8737,"2013-04-24","2599-12-31"
"257",250011.9339,582983.3038,"2014-10-24","2599-12-31"
"258",244818.7241,577480.3161,"2014-10-23","2599-12-31"
"259",232275.318,589018.0716,"2015-10-22","2599-12-31"
"260",243975.9184,600985.2909,"2015-09-18","2599-12-31"
"261",250087.3922,577365.0517,"2015-08-28","2599-12-31"
"262",250087.3922,577365.0517,"2015-08-28","2599-12-31"
"263",250011.9339,582983.3038,"2014-10-24","2599-12-31"
"264",247389.306,598590.4013,"2017-12-15","2019-03-02"
"265",252739.2649,580012.2974,"2014-10-31","2599-12-31"
"266",255450.3924,595371.375,"2015-05-28","2599-12-31"
"267",255450.3924,595371.375,"2015-05-28","2599-12-31"
"268",245080.1446,581028.328,"2016-06-14","2599-12-31"
"269",248360.1713,589228.8659,"2015-09-22","2599-12-31"
"270",248360.1713,589228.8659,"2015-09-22","2599-12-31"
"271",249312.4841,600052.8303,"2015-09-08","2599-12-31"
"272",245723.4446,592494.9436,"2014-09-17","2019-12-07"
"273",245080.1446,581028.328,"2016-06-14","2599-12-31"
"274",246051.4828,597580.6998,"2013-09-23","2020-06-01"
"275",250087.3922,577365.0517,"2015-08-28","2599-12-31"
"276",240672.8336,585579.5799,"2016-01-22","2599-12-31"
"277",253433.671,586383.5079,"2017-04-04","2599-12-31"
"278",255135.8618,577319.7528,"2015-02-11","2599-12-31"
"279",255135.8618,577319.7528,"2015-02-11","2599-12-31"
"280",241645.0932,580508.0868,"2015-02-11","2599-12-31"
"281",243265.8688,583316.7192,"2014-09-17","2599-12-31"
"282",252955.9283,590274.2394,"2014-11-12","2599-12-31"
"283",238291.8533,583886.6282,"2015-09-16","2599-12-31"
"284",249312.4841,600052.8303,"2015-09-08","2599-12-31"
"285",257568.1765,587595.918,"2015-12-07","2599-12-31"
"286",257568.1765,587595.918,"2015-12-07","2599-12-31"
"287",247119.2125,597798.5977,"2015-02-11","2599-12-31"
"288",248360.1713,589228.8659,"2015-09-22","2599-12-31"
"289",253433.671,586383.5079,"2017-04-04","2599-12-31"
"290",251514.8103,593010.9562,"2013-10-07","2599-12-31"
"291",241645.0932,580508.0868,"2015-02-11","2599-12-31"
"292",246051.4828,597580.6998,"2013-09-23","2020-06-01"
"293",254975.5727,598881.5835,"2015-12-08","2599-12-31"
"294",240487.1077,603067.5024,"2013-10-07","2019-12-06"
"295",245559.7438,595019.9156,"2013-09-23","2599-12-31"
"296",246051.4828,597580.6998,"2013-09-23","2020-06-01"
"297",240672.8336,585579.5799,"2016-01-22","2599-12-31"
"298",248360.1713,589228.8659,"2015-09-22","2599-12-31"
"299",240487.1077,603067.5024,"2013-10-07","2019-12-06"
"300",245723.4446,592494.9436,"2014-09-17","2019-12-07"
"301",248207.606,590399.6553,"2014-09-17","2599-12-31"
"302",251514.8103,593010.9562,"2013-10-07","2599-12-31"
"303",261958.2215,582864.2158,"2015-02-11","2599-12-31"
"304",256770.6126,570348.0291,"2015-06-30","2599-12-31"
"305",245559.7438,595019.9156,"2013-09-23","2599-12-31"
"306",248207.606,590399.6553,"2014-09-17","2599-12-31"
"307",250087.3922,577365.0517,"2015-08-28","2599-12-31"
"308",257568.1765,587595.918,"2015-12-07","2599-12-31"
"309",245559.7438,595019.9156,"2013-09-23","2599-12-31"
"310",247022.3198,604457.6339,"2015-07-16","2599-12-31"
"311",243289.2751,598756.8534,"2017-12-15","2599-12-31"
"312",248207.606,590399.6553,"2014-09-17","2599-12-31"
"313",243265.8688,583316.7192,"2014-09-17","2599-12-31"
"314",245559.7438,595019.9156,"2013-09-23","2599-12-31"
"315",248207.606,590399.6553,"2014-09-17","2599-12-31"
"316",245559.7438,595019.9156,"2013-09-23","2599-12-31"
"317",253433.671,586383.5079,"2017-04-04","2599-12-31"
"318",253433.671,586383.5079,"2017-04-04","2599-12-31"
"319",243265.8688,583316.7192,"2014-09-17","2599-12-31"
"320",238291.8533,583886.6282,"2015-09-16","2599-12-31"
"321",238291.8533,583886.6282,"2015-09-16","2599-12-31"
"322",246051.4828,597580.6998,"2013-09-23","2020-06-01"
"323",246051.4828,597580.6998,"2013-09-23","2020-06-01"
"324",255579.9145,589125.7619,"2014-10-23","2599-12-31"
"325",246051.4828,597580.6998,"2013-09-23","2020-06-01"
"326",255579.9145,589125.7619,"2014-10-23","2599-12-31"
"327",255579.9145,589125.7619,"2014-10-23","2599-12-31"
"328",251514.8103,593010.9562,"2013-10-07","2599-12-31"
"329",246051.4828,597580.6998,"2013-09-23","2020-06-01"
"330",246051.4828,597580.6998,"2013-09-23","2020-06-01"
"331",265257.161,582831.7239,"2015-09-15","2599-12-31"
"332",248213.3896,593808.3977,"2013-09-24","2599-12-31"
"333",247389.306,598590.4013,"2017-01-01","2017-12-15"
"334",249312.4841,600052.8303,"2015-09-08","2599-12-31"
"335",265257.161,582831.7239,"2015-09-15","2599-12-31"
"336",252955.9283,590274.2394,"2014-11-12","2599-12-31"
"337",252955.9283,590274.2394,"2014-11-12","2599-12-31"
"338",246051.4828,597580.6998,"2013-09-23","2020-06-01"
"339",246051.4828,597580.6998,"2013-09-23","2020-06-01"
"340",256506.0921,594963.1148,"2015-09-15","2599-12-31"
"341",243975.9184,600985.2909,"2015-09-18","2599-12-31"
"342",240672.8336,585579.5799,"2016-01-22","2599-12-31"
"343",248360.1713,589228.8659,"2015-09-22","2599-12-31"
"344",257568.1765,587595.918,"2015-12-07","2599-12-31"
"345",238209.1548,595141.2719,"2015-04-29","2599-12-31"
"346",255450.3924,595371.375,"2015-05-28","2599-12-31"
"347",250087.3922,577365.0517,"2015-08-28","2599-12-31"
"348",254975.5727,598881.5835,"2015-12-08","2599-12-31"
"349",258722.6842,592415.1863,"2017-05-12","2599-12-31"
"350",237762.8191,589231.9711,"2015-11-27","2599-12-31"
"351",241114.2716,600275.16,"2015-11-27","2599-12-31"
"352",244284.9563,582900.2906,"2014-10-24","2599-12-31"
"353",247003.8257,592328.9727,"2015-02-16","2599-12-31"
"354",252955.9283,590274.2394,"2014-11-12","2599-12-31"
"355",240672.8336,585579.5799,"2016-01-22","2599-12-31"
"356",257568.1765,587595.918,"2015-12-07","2599-12-31"
"357",252955.9283,590274.2394,"2014-11-12","2599-12-31"
"358",245559.7438,595019.9156,"2013-09-23","2599-12-31"
"359",250660.2176,593719.6573,"2015-10-29","2599-12-31"
"360",255579.9145,589125.7619,"2014-10-23","2599-12-31"
"361",255450.3924,595371.375,"2015-05-28","2599-12-31"
"362",255450.3924,595371.375,"2015-05-28","2599-12-31"
"363",241114.2716,600275.16,"2015-11-27","2599-12-31"
"364",250087.3922,577365.0517,"2015-08-28","2599-12-31"
"365",241645.0932,580508.0868,"2015-02-11","2599-12-31"
"366",250660.2176,593719.6573,"2015-10-29","2599-12-31"
"367",258722.6842,592415.1863,"2017-05-12","2599-12-31"
"368",257568.1765,587595.918,"2015-12-07","2599-12-31"
"369",247022.3198,604457.6339,"2015-07-16","2599-12-31"
"370",241009.9847,592313.4984,"2015-02-10","2599-12-31"
"371",246051.4828,597580.6998,"2013-09-23","2020-06-01"
"372",246051.4828,597580.6998,"2013-09-23","2020-06-01"
"373",246051.4828,597580.6998,"2013-09-23","2020-06-01"
"374",245723.4446,592494.9436,"2014-09-17","2019-12-07"
"375",245723.4446,592494.9436,"2014-09-17","2019-12-07"
"376",243090.9595,596143.8737,"2013-04-24","2599-12-31"
"377",246051.4828,597580.6998,"2013-09-23","2020-06-01"
"378",252739.2649,580012.2974,"2014-10-31","2599-12-31"
"379",241114.2716,600275.16,"2015-11-27","2599-12-31"
"380",237762.8191,589231.9711,"2015-11-27","2599-12-31"
"381",250011.9339,582983.3038,"2014-10-24","2599-12-31"
"382",263981.0995,591204.5951,"2015-11-27","2020-08-04"
"383",245559.7438,595019.9156,"2013-09-23","2599-12-31"
"384",252739.2649,580012.2974,"2014-10-31","2599-12-31"
"385",237762.8191,589231.9711,"2015-11-27","2599-12-31"
"386",253433.671,586383.5079,"2017-04-04","2599-12-31"
"387",245080.1446,581028.328,"2016-06-14","2599-12-31"
"388",258274.3922,574629.7178,"2015-02-12","2599-12-31"
"389",243906.0488,594623.1669,"2015-09-18","2599-12-31"
"390",257568.1765,587595.918,"2015-12-07","2599-12-31"
"391",240672.8336,585579.5799,"2016-01-22","2599-12-31"
"392",245723.4446,592494.9436,"2014-09-17","2019-12-07"
"393",253433.671,586383.5079,"2017-04-04","2599-12-31"
"394",246758.2624,571707.7562,"2015-09-15","2599-12-31"
"395",244305.4946,607088.675,"2015-02-10","2599-12-31"
"396",252739.2649,580012.2974,"2014-10-31","2599-12-31"
"397",245080.1446,581028.328,"2016-06-14","2599-12-31"
"398",255579.9145,589125.7619,"2014-10-23","2599-12-31"
"399",255579.9145,589125.7619,"2014-10-23","2599-12-31"
"400",251514.8103,593010.9562,"2013-10-07","2599-12-31"
"401",248360.1713,589228.8659,"2015-09-22","2599-12-31"
"402",234561.2513,585463.3871,"2015-11-27","2599-12-31"
"403",238596.8794,601743.5748,"2015-09-22","2599-12-31"
"404",245723.4446,592494.9436,"2014-09-17","2019-12-07"
"405",245723.4446,592494.9436,"2014-09-17","2019-12-07"
"406",245723.4446,592494.9436,"2014-09-17","2019-12-07"
"407",245080.1446,581028.328,"2016-06-14","2599-12-31"
"408",243906.0488,594623.1669,"2015-09-18","2599-12-31"
"409",247022.3198,604457.6339,"2015-07-16","2599-12-31"
"410",264920.4731,588749.5934,"2015-12-02","2599-12-31"
"411",247034.6653,580089.6325,"2014-10-23","2599-12-31"
"412",253433.671,586383.5079,"2017-04-04","2599-12-31"
"413",255579.9145,589125.7619,"2014-10-23","2599-12-31"
"414",244818.7241,577480.3161,"2014-10-23","2599-12-31"
"415",248207.606,590399.6553,"2014-09-17","2599-12-31"
"416",264920.4731,588749.5934,"2015-12-02","2599-12-31"
"417",255135.8618,577319.7528,"2015-02-11","2599-12-31"
"418",255450.3924,595371.375,"2015-05-28","2599-12-31"
"419",257568.1765,587595.918,"2015-12-07","2599-12-31"
"420",246051.4828,597580.6998,"2013-09-23","2020-06-01"
"421",235413.6028,592553.0377,"2015-09-17","2599-12-31"
"422",252955.9283,590274.2394,"2014-11-12","2599-12-31"
"423",248213.3896,593808.3977,"2013-09-24","2599-12-31"
"424",248213.3896,593808.3977,"2013-09-24","2599-12-31"
"425",241114.2716,600275.16,"2015-11-27","2599-12-31"
"426",243906.0488,594623.1669,"2015-09-18","2599-12-31"
"427",245723.4446,592494.9436,"2014-09-17","2019-12-07"
"428",238943.6634,581422.3842,"2015-10-22","2599-12-31"
"429",243975.9184,600985.2909,"2015-09-18","2599-12-31"
"430",243289.2751,598756.8534,"2017-01-01","2017-12-15"
"431",243289.2751,598756.8534,"2017-01-01","2017-12-15"
"432",241114.2716,600275.16,"2015-11-27","2599-12-31"
"433",243975.9184,600985.2909,"2015-09-18","2599-12-31"
"434",252612.1318,573944.5712,"2015-02-12","2599-12-31"
"435",241114.2716,600275.16,"2015-11-27","2599-12-31"
"436",243289.2751,598756.8534,"2017-01-01","2017-12-15"
"437",238898.8933,597051.5785,"2013-09-10","2019-12-05"
"438",243289.2751,598756.8534,"2017-01-01","2017-12-15"
"439",247003.8257,592328.9727,"2015-02-16","2599-12-31"
"440",252612.1318,573944.5712,"2015-02-12","2599-12-31"
"441",247127.8894,578752.8488,"2014-09-17","2599-12-31"
"442",255579.9145,589125.7619,"2014-10-23","2599-12-31"
"443",248213.3896,593808.3977,"2013-09-24","2599-12-31"
"444",250011.9339,582983.3038,"2014-10-24","2599-12-31"
"445",252739.2649,580012.2974,"2014-10-31","2599-12-31"
"446",257568.1765,587595.918,"2015-12-07","2599-12-31"
"447",248207.606,590399.6553,"2014-09-17","2599-12-31"
"448",248207.606,590399.6553,"2014-09-17","2599-12-31"
"449",255450.3924,595371.375,"2015-05-28","2599-12-31"
"450",241645.0932,580508.0868,"2015-02-11","2599-12-31"
"451",238943.6634,581422.3842,"2015-10-22","2599-12-31"
"452",261958.2215,582864.2158,"2015-02-11","2599-12-31"
"453",254975.5727,598881.5835,"2015-12-08","2599-12-31"
"454",249932.7742,595841.4772,"2013-10-01","2599-12-31"
"455",257568.1765,587595.918,"2015-12-07","2599-12-31"
"456",255490.9024,582919.2229,"2015-09-22","2599-12-31"
"457",248213.3896,593808.3977,"2013-09-24","2599-12-31"
"458",250240.6091,595545.2317,"2015-09-18","2599-12-31"
"459",257568.1765,587595.918,"2015-12-07","2599-12-31"
"460",251514.8103,593010.9562,"2013-10-07","2599-12-31"
"461",250240.6091,595545.2317,"2015-09-18","2599-12-31"
"462",257568.1765,587595.918,"2015-12-07","2599-12-31"
"463",249932.7742,595841.4772,"2013-10-01","2599-12-31"
"464",238291.8533,583886.6282,"2015-09-16","2599-12-31"
"465",235413.6028,592553.0377,"2015-09-17","2599-12-31"
"466",264920.4731,588749.5934,"2015-12-02","2599-12-31"
"467",250240.6091,595545.2317,"2015-09-18","2599-12-31"
"468",248207.606,590399.6553,"2014-09-17","2599-12-31"
"469",245723.4446,592494.9436,"2014-09-17","2019-12-07"
"470",255490.9024,582919.2229,"2015-09-22","2599-12-31"
"471",248213.3896,593808.3977,"2013-09-24","2599-12-31"
"472",248213.3896,593808.3977,"2013-09-24","2599-12-31"
"473",257568.1765,587595.918,"2015-12-07","2599-12-31"
"474",250660.2176,593719.6573,"2015-10-29","2599-12-31"
"475",248207.606,590399.6553,"2014-09-17","2599-12-31"
"476",252955.9283,590274.2394,"2014-11-12","2599-12-31"
"477",252955.9283,590274.2394,"2014-11-12","2599-12-31"
"478",245723.4446,592494.9436,"2014-09-17","2019-12-07"
"479",253658.7603,603772.4765,"2015-09-15","2599-12-31"
"480",250011.9339,582983.3038,"2014-10-24","2599-12-31"
"481",248207.606,590399.6553,"2014-09-17","2599-12-31"
"482",248213.3896,593808.3977,"2013-09-24","2599-12-31"
"483",238291.8533,583886.6282,"2015-09-16","2599-12-31"
"484",257568.1765,587595.918,"2015-12-07","2599-12-31"
"485",244524.3302,588132.1396,"2016-03-28","2599-12-31"
"486",249932.7742,595841.4772,"2013-10-01","2599-12-31"
"487",252739.2649,580012.2974,"2014-10-31","2599-12-31"
"488",245080.1446,581028.328,"2016-06-14","2599-12-31"
"489",238596.8794,601743.5748,"2015-09-22","2599-12-31"
"490",256506.0921,594963.1148,"2015-09-15","2599-12-31"
"491",243289.2751,598756.8534,"2014-09-17","2017-01-01"
"492",255579.9145,589125.7619,"2014-10-23","2599-12-31"
"493",265257.161,582831.7239,"2015-09-15","2599-12-31"
"494",265257.161,582831.7239,"2015-09-15","2599-12-31"
"495",241645.0932,580508.0868,"2015-02-11","2599-12-31"
"496",265257.161,582831.7239,"2015-09-15","2599-12-31"
"497",241009.9847,592313.4984,"2015-02-10","2599-12-31"
"498",255135.8618,577319.7528,"2015-02-11","2599-12-31"
"499",238898.8933,597051.5785,"2013-09-10","2019-12-05"
"500",250011.9339,582983.3038,"2014-10-24","2599-12-31"
"501",252955.9283,590274.2394,"2014-11-12","2599-12-31"
"502",255579.9145,589125.7619,"2014-10-23","2599-12-31"
"503",255490.9024,582919.2229,"2015-09-22","2599-12-31"
"504",252955.9283,590274.2394,"2014-11-12","2599-12-31"
"505",243289.2751,598756.8534,"2014-09-17","2017-01-01"
"506",255135.8618,577319.7528,"2015-02-11","2599-12-31"
"507",246758.2624,571707.7562,"2015-09-15","2599-12-31"
"508",240329.8901,596597.0715,"2015-09-22","2599-12-31"
"509",257568.1765,587595.918,"2015-12-07","2599-12-31"
"510",249932.7742,595841.4772,"2013-10-01","2599-12-31"
"511",247127.8894,578752.8488,"2014-09-17","2599-12-31"
"512",249932.7742,595841.4772,"2013-10-01","2599-12-31"
"513",255490.9024,582919.2229,"2015-09-22","2599-12-31"
"514",250011.9339,582983.3038,"2014-10-24","2599-12-31"
"515",243265.8688,583316.7192,"2014-09-17","2599-12-31"
"516",257568.1765,587595.918,"2015-12-07","2599-12-31"
"517",246051.4828,597580.6998,"2013-09-23","2020-06-01"
"518",252955.9283,590274.2394,"2014-11-12","2599-12-31"
"519",238291.8533,583886.6282,"2015-09-16","2599-12-31"
"520",255579.9145,589125.7619,"2014-10-23","2599-12-31"
"521",255579.9145,589125.7619,"2014-10-23","2599-12-31"
"522",264920.4731,588749.5934,"2015-12-02","2599-12-31"
"523",232275.318,589018.0716,"2015-10-22","2599-12-31"
"524",243090.9595,596143.8737,"2013-04-24","2599-12-31"
"525",243975.9184,600985.2909,"2015-09-18","2599-12-31"
"526",250011.9339,582983.3038,"2014-10-24","2599-12-31"
"527",252955.9283,590274.2394,"2014-11-12","2599-12-31"
"528",257568.1765,587595.918,"2015-12-07","2599-12-31"
"529",248207.606,590399.6553,"2014-09-17","2599-12-31"
"530",241645.0932,580508.0868,"2015-02-11","2599-12-31"
"531",241009.9847,592313.4984,"2015-02-10","2599-12-31"
"532",240672.8336,585579.5799,"2016-01-22","2599-12-31"
"533",237762.8191,589231.9711,"2015-11-27","2599-12-31"
"534",238291.8533,583886.6282,"2015-09-16","2599-12-31"
"535",258274.3922,574629.7178,"2015-02-12","2599-12-31"
"536",252955.9283,590274.2394,"2014-11-12","2599-12-31"
"537",252955.9283,590274.2394,"2014-11-12","2599-12-31"
"538",248360.1713,589228.8659,"2015-09-22","2599-12-31"
"539",252739.2649,580012.2974,"2014-10-31","2599-12-31"
"540",252739.2649,580012.2974,"2014-10-31","2599-12-31"
"541",248360.1713,589228.8659,"2015-09-22","2599-12-31"
"542",241114.2716,600275.16,"2015-11-27","2599-12-31"
"543",247127.8894,578752.8488,"2014-09-17","2599-12-31"
"544",243906.0488,594623.1669,"2015-09-18","2599-12-31"
"545",247127.8894,578752.8488,"2014-09-17","2599-12-31"
"546",247127.8894,578752.8488,"2014-09-17","2599-12-31"
"547",246051.4828,597580.6998,"2013-09-23","2020-06-01"
"548",238898.8933,597051.5785,"2013-09-10","2019-12-05"
"549",237762.8191,589231.9711,"2015-11-27","2599-12-31"
"550",245723.4446,592494.9436,"2014-09-17","2019-12-07"
"551",245723.4446,592494.9436,"2014-09-17","2019-12-07"
"552",245723.4446,592494.9436,"2014-09-17","2019-12-07"
"553",257568.1765,587595.918,"2015-12-07","2599-12-31"
"554",238291.8533,583886.6282,"2015-09-16","2599-12-31"
"555",245080.1446,581028.328,"2010-04-29","2016-06-14"
"556",243265.8688,583316.7192,"2014-09-17","2599-12-31"
"557",247119.2125,597798.5977,"2015-02-11","2599-12-31"
"558",252955.9283,590274.2394,"2014-11-12","2599-12-31"
"559",255490.9024,582919.2229,"2015-09-22","2599-12-31"
"560",250087.3922,577365.0517,"2015-08-28","2599-12-31"
"561",250087.3922,577365.0517,"2015-08-28","2599-12-31"
"562",241009.9847,592313.4984,"2015-02-10","2599-12-31"
"563",245723.4446,592494.9436,"2014-09-17","2019-12-07"
"564",237762.8191,589231.9711,"2015-11-27","2599-12-31"
"565",255450.3924,595371.375,"2015-05-28","2599-12-31"
"566",238898.8933,597051.5785,"2013-09-10","2019-12-05"
"567",240329.8901,596597.0715,"2015-09-22","2599-12-31"
"568",238291.8533,583886.6282,"2015-09-16","2599-12-31"
"569",250011.9339,582983.3038,"2014-10-24","2599-12-31"
"570",246051.4828,597580.6998,"2013-09-23","2020-06-01"
"571",241645.0932,580508.0868,"2015-02-11","2599-12-31"
"572",250011.9339,582983.3038,"2014-10-24","2599-12-31"
"573",261958.2215,582864.2158,"2015-02-11","2599-12-31"
"574",255579.9145,589125.7619,"2014-10-23","2599-12-31"
"575",255579.9145,589125.7619,"2014-10-23","2599-12-31"
"576",248207.606,590399.6553,"2014-09-17","2599-12-31"
"577",255579.9145,589125.7619,"2014-10-23","2599-12-31"
"578",255579.9145,589125.7619,"2014-10-23","2599-12-31"
"579",245723.4446,592494.9436,"2014-09-17","2019-12-07"
"580",255490.9024,582919.2229,"2015-09-22","2599-12-31"
"581",232275.318,589018.0716,"2015-10-22","2599-12-31"
"582",255135.8618,577319.7528,"2015-02-11","2599-12-31"
"583",246962.0794,585986.3499,"2014-10-23","2599-12-31"
"584",255579.9145,589125.7619,"2014-10-23","2599-12-31"
"585",252955.9283,590274.2394,"2014-11-12","2599-12-31"
"586",250011.9339,582983.3038,"2014-10-24","2599-12-31"
"587",243289.2751,598756.8534,"2014-09-17","2017-01-01"
"588",243265.8688,583316.7192,"2014-09-17","2599-12-31"
"589",244818.7241,577480.3161,"2014-10-23","2599-12-31"
"590",235476.4038,603965.2932,"2015-02-10","2599-12-31"
"591",250011.9339,582983.3038,"2014-10-24","2599-12-31"
"592",255579.9145,589125.7619,"2014-10-23","2599-12-31"
"593",244284.9563,582900.2906,"2014-10-24","2599-12-31"
"594",250011.9339,582983.3038,"2014-10-24","2599-12-31"
"595",248213.3896,593808.3977,"2013-09-24","2599-12-31"
"596",247127.8894,578752.8488,"2014-09-17","2599-12-31"
"597",235476.4038,603965.2932,"2015-02-10","2599-12-31"
"598",244284.9563,582900.2906,"2014-10-24","2599-12-31"
"599",247127.8894,578752.8488,"2014-09-17","2599-12-31"
"600",246051.4828,597580.6998,"2013-09-23","2020-06-01"
"601",249932.7742,595841.4772,"2013-10-01","2599-12-31"
"602",249932.7742,595841.4772,"2013-10-01","2599-12-31"
"603",245080.1446,581028.328,"2010-04-29","2016-06-14"
"604",245559.7438,595019.9156,"2013-09-23","2599-12-31"
"605",241009.9847,592313.4984,"2015-02-10","2599-12-31"
"606",247127.8894,578752.8488,"2014-09-17","2599-12-31"
"607",243265.8688,583316.7192,"2014-09-17","2599-12-31"
"608",249932.7742,595841.4772,"2013-10-01","2599-12-31"
"609",241009.9847,592313.4984,"2015-02-10","2599-12-31"
"610",251514.8103,593010.9562,"2013-10-07","2599-12-31"
"611",247127.8894,578752.8488,"2014-09-17","2599-12-31"
"612",255579.9145,589125.7619,"2014-10-23","2599-12-31"
"613",243090.9595,596143.8737,"2013-04-24","2599-12-31"
"614",248207.606,590399.6553,"2014-09-17","2599-12-31"
"615",255135.8618,577319.7528,"2015-02-11","2599-12-31"
"616",251514.8103,593010.9562,"2013-10-07","2599-12-31"
"617",241009.9847,592313.4984,"2015-02-10","2599-12-31"
"618",252739.2649,580012.2974,"2014-10-31","2599-12-31"
"619",243090.9595,596143.8737,"2013-04-24","2599-12-31"
"620",241009.9847,592313.4984,"2015-02-10","2599-12-31"
"621",252612.1318,573944.5712,"2015-02-12","2599-12-31"
"622",245080.1446,581028.328,"2010-04-29","2016-06-14"
"623",241009.9847,592313.4984,"2015-02-10","2599-12-31"
"624",244284.9563,582900.2906,"2014-10-24","2599-12-31"
"625",244284.9563,582900.2906,"2014-10-24","2599-12-31"
"626",243289.2751,598756.8534,"2014-09-17","2017-01-01"
"627",243090.9595,596143.8737,"2013-04-24","2599-12-31"
"628",243090.9595,596143.8737,"2013-04-24","2599-12-31"
"629",245559.7438,595019.9156,"2013-09-23","2599-12-31"
"630",245723.4446,592494.9436,"2014-09-17","2019-12-07"
"631",245559.7438,595019.9156,"2013-09-23","2599-12-31"
"632",255135.8618,577319.7528,"2015-02-11","2599-12-31"
"633",251514.8103,593010.9562,"2013-10-07","2599-12-31"
"634",240487.1077,603067.5024,"2013-10-07","2019-12-06"
"635",250011.9339,582983.3038,"2014-10-24","2599-12-31"
"636",251514.8103,593010.9562,"2013-10-07","2599-12-31"
"637",255579.9145,589125.7619,"2014-10-23","2599-12-31"
"638",246051.4828,597580.6998,"2013-09-23","2020-06-01"
"639",247127.8894,578752.8488,"2014-09-17","2599-12-31"
"640",255579.9145,589125.7619,"2014-10-23","2599-12-31"
"641",250011.9339,582983.3038,"2014-10-24","2599-12-31"
"642",252739.2649,580012.2974,"2014-10-31","2599-12-31"
"643",252955.9283,590274.2394,"2014-11-12","2599-12-31"
"644",241645.0932,580508.0868,"2015-02-11","2599-12-31"
"645",255579.9145,589125.7619,"2014-10-23","2599-12-31"
"646",244305.4946,607088.675,"2015-02-10","2599-12-31"
"647",251514.8103,593010.9562,"2013-10-07","2599-12-31"
"648",243265.8688,583316.7192,"2014-09-17","2599-12-31"
"649",248207.606,590399.6553,"2014-09-17","2599-12-31"
"650",241645.0932,580508.0868,"2015-02-11","2599-12-31"
"651",248207.606,590399.6553,"2014-09-17","2599-12-31"
"652",251514.8103,593010.9562,"2013-10-07","2599-12-31"
"653",250011.9339,582983.3038,"2014-10-24","2599-12-31"
"654",255579.9145,589125.7619,"2014-10-23","2599-12-31"
"655",247127.8894,578752.8488,"2014-09-17","2599-12-31"
"656",252955.9283,590274.2394,"2014-11-12","2599-12-31"
"657",252955.9283,590274.2394,"2014-11-12","2599-12-31"
"658",244818.7241,577480.3161,"2014-10-23","2599-12-31"
"659",247389.306,598590.4013,"2013-10-24","2017-01-01"
"660",243090.9595,596143.8737,"2013-04-24","2599-12-31"
"661",251514.8103,593010.9562,"2013-10-07","2599-12-31"
"662",246962.0794,585986.3499,"2014-10-23","2599-12-31"
"663",249932.7742,595841.4772,"2013-10-01","2599-12-31"
"664",247127.8894,578752.8488,"2014-09-17","2599-12-31"
"665",247127.8894,578752.8488,"2014-09-17","2599-12-31"
"666",248213.3896,593808.3977,"2013-09-24","2599-12-31"
"667",247127.8894,578752.8488,"2014-09-17","2599-12-31"
"668",250011.9339,582983.3038,"2014-10-24","2599-12-31"
"669",243265.8688,583316.7192,"2014-09-17","2599-12-31"
"670",252955.9283,590274.2394,"2014-11-12","2599-12-31"
"671",247127.8894,578752.8488,"2014-09-17","2599-12-31"
"672",255579.9145,589125.7619,"2014-10-23","2599-12-31"
"673",248213.3896,593808.3977,"2013-09-24","2599-12-31"
"674",246962.0794,585986.3499,"2014-10-23","2599-12-31"
"675",245080.1446,581028.328,"2010-04-29","2016-06-14"
"676",246051.4828,597580.6998,"2013-09-23","2020-06-01"
"677",243265.8688,583316.7192,"2014-09-17","2599-12-31"
"678",252739.2649,580012.2974,"2014-10-31","2599-12-31"
"679",238898.8933,597051.5785,"2013-09-10","2019-12-05"
"680",251514.8103,593010.9562,"2013-10-07","2599-12-31"
"681",243090.9595,596143.8737,"2013-04-24","2599-12-31"
"682",244284.9563,582900.2906,"2014-10-24","2599-12-31"
"683",252739.2649,580012.2974,"2014-10-31","2599-12-31"
"684",243289.2751,598756.8534,"2014-09-17","2017-01-01"
"685",246051.4828,597580.6998,"2013-09-23","2020-06-01"
"686",243265.8688,583316.7192,"2014-09-17","2599-12-31"
"687",251514.8103,593010.9562,"2013-10-07","2599-12-31"
"688",243090.9595,596143.8737,"2013-04-24","2599-12-31"
"689",243265.8688,583316.7192,"2014-09-17","2599-12-31"
"690",243265.8688,583316.7192,"2014-09-17","2599-12-31"
"691",245080.1446,581028.328,"2010-04-29","2016-06-14"
"692",245080.1446,581028.328,"2010-04-29","2016-06-14"
"693",245080.1446,581028.328,"2010-04-29","2016-06-14"
"694",245080.1446,581028.328,"2010-04-29","2016-06-14"
"695",246051.4828,597580.6998,"2013-09-23","2020-06-01"
"696",246051.4828,597580.6998,"2013-09-23","2020-06-01"
"697",251514.8103,593010.9562,"2013-10-07","2599-12-31"
"698",251514.8103,593010.9562,"2013-10-07","2599-12-31"
"699",251514.8103,593010.9562,"2013-10-07","2599-12-31"
"700",245080.1446,581028.328,"2010-04-29","2016-06-14"
"701",245080.1446,581028.328,"2010-04-29","2016-06-14"
"702",248213.3896,593808.3977,"2013-09-24","2599-12-31"
"703",245080.1446,581028.328,"2010-04-29","2016-06-14"
"704",245080.1446,581028.328,"2010-04-29","2016-06-14"
"705",251514.8103,593010.9562,"2013-10-07","2599-12-31"
"706",245080.1446,581028.328,"2010-04-29","2016-06-14"
"707",243090.9595,596143.8737,"2013-04-24","2599-12-31"
"708",245080.1446,581028.328,"2010-04-29","2016-06-14"
"709",245080.1446,581028.328,"2010-04-29","2016-06-14"
"710",251514.8103,593010.9562,"2013-10-07","2599-12-31"
"711",245080.1446,581028.328,"2010-04-29","2016-06-14"
"712",238898.8933,597051.5785,"2013-09-10","2019-12-05"
"713",245080.1446,581028.328,"2010-04-29","2016-06-14"
"714",245080.1446,581028.328,"2010-04-29","2016-06-14"
"715",245080.1446,581028.328,"2010-04-29","2016-06-14"
"716",246051.4828,597580.6998,"2013-09-23","2020-06-01"
"717",245559.7438,595019.9156,"2013-09-23","2599-12-31"
"718",251514.8103,593010.9562,"2013-10-07","2599-12-31"
"719",245080.1446,581028.328,"2010-04-29","2016-06-14"
"720",245080.1446,581028.328,"2010-04-29","2016-06-14"
"721",245080.1446,581028.328,"2010-04-29","2016-06-14"
"722",245080.1446,581028.328,"2010-04-29","2016-06-14"
"723",245080.1446,581028.328,"2010-04-29","2016-06-14"
"724",251514.8103,593010.9562,"2013-10-07","2599-12-31"
"725",247871.7147,603512.4348,"2010-07-08","2016-06-14"
"726",251514.8103,593010.9562,"2013-10-07","2599-12-31"
"727",245080.1446,581028.328,"2010-04-29","2016-06-14"
"728",245080.1446,581028.328,"2010-04-29","2016-06-14"
"729",240487.1077,603067.5024,"2013-10-07","2019-12-06"
"730",251514.8103,593010.9562,"2013-10-07","2599-12-31"
"731",251514.8103,593010.9562,"2013-10-07","2599-12-31"
"732",245080.1446,581028.328,"2010-04-29","2016-06-14"
"733",245080.1446,581028.328,"2010-04-29","2016-06-14"
"734",245080.1446,581028.328,"2010-04-29","2016-06-14"
"735",246051.4828,597580.6998,"2013-09-23","2020-06-01"
"736",248213.3896,593808.3977,"2013-09-24","2599-12-31"
"737",238580.9389,596379.2337,"2013-09-11","2014-03-11"
"738",245559.7438,595019.9156,"2013-09-23","2599-12-31"
"739",247389.306,598590.4013,"2013-10-24","2017-01-01"
"740",251514.8103,593010.9562,"2013-10-07","2599-12-31"
"741",245080.1446,581028.328,"2010-04-29","2016-06-14"
"742",245080.1446,581028.328,"2010-04-29","2016-06-14"
"743",245559.7438,595019.9156,"2013-09-23","2599-12-31"
"744",245080.1446,581028.328,"2010-04-29","2016-06-14"
"745",245080.1446,581028.328,"2010-04-29","2016-06-14"
"746",246051.4828,597580.6998,"2013-09-23","2020-06-01"
"747",238580.9389,596379.2337,"2013-09-11","2014-03-11"
"748",251514.8103,593010.9562,"2013-10-07","2599-12-31"
"749",248213.3896,593808.3977,"2013-09-24","2599-12-31"
"750",238580.9389,596379.2337,"2013-09-11","2014-03-11"
"751",245080.1446,581028.328,"2010-04-29","2016-06-14"
"752",245080.1446,581028.328,"2010-04-29","2016-06-14"
"753",243090.9595,596143.8737,"2013-04-24","2599-12-31"
"754",245080.1446,581028.328,"2010-04-29","2016-06-14"
"755",245080.1446,581028.328,"2010-04-29","2016-06-14"
"756",251514.8103,593010.9562,"2013-10-07","2599-12-31"
"757",245080.1446,581028.328,"2010-04-29","2016-06-14"
"758",251514.8103,593010.9562,"2013-10-07","2599-12-31"
"759",245559.7438,595019.9156,"2013-09-23","2599-12-31"
"760",245559.7438,595019.9156,"2013-09-23","2599-12-31"
"761",248213.3896,593808.3977,"2013-09-24","2599-12-31"
"762",251514.8103,593010.9562,"2013-10-07","2599-12-31"
"763",251514.8103,593010.9562,"2013-10-07","2599-12-31"
"764",245080.1446,581028.328,"2010-04-29","2016-06-14"
"765",243090.9595,596143.8737,"2013-04-24","2599-12-31"
"766",248213.3896,593808.3977,"2013-09-24","2599-12-31"
"767",270718.3551,582155.5351,"2010-04-29","2016-06-14"
"768",248213.3896,593808.3977,"2013-09-24","2599-12-31"
"769",248213.3896,593808.3977,"2013-09-24","2599-12-31"
"770",245080.1446,581028.328,"2010-04-29","2016-06-14"
"771",245080.1446,581028.328,"2010-04-29","2016-06-14"
"772",245080.1446,581028.328,"2010-04-29","2016-06-14"
"773",245080.1446,581028.328,"2010-04-29","2016-06-14"
"774",245965.8504,602400.4268,"2013-09-19","2015-08-23"
"775",248213.3896,593808.3977,"2013-09-24","2599-12-31"
"776",248213.3896,593808.3977,"2013-09-24","2599-12-31"
"777",245080.1446,581028.328,"2010-04-29","2016-06-14"
"778",245080.1446,581028.328,"2010-04-29","2016-06-14"
"779",245080.1446,581028.328,"2010-04-29","2016-06-14"
"780",243090.9595,596143.8737,"2013-04-24","2599-12-31"
"781",243090.9595,596143.8737,"2013-04-24","2599-12-31"
"782",243090.9595,596143.8737,"2013-04-24","2599-12-31"
"783",243090.9595,596143.8737,"2013-04-24","2599-12-31"
"784",243090.9595,596143.8737,"2013-04-24","2599-12-31"
"785",245080.1446,581028.328,"2010-04-29","2016-06-14"
"786",245080.1446,581028.328,"2010-04-29","2016-06-14"
"787",245080.1446,581028.328,"2010-04-29","2016-06-14"
"788",245080.1446,581028.328,"2010-04-29","2016-06-14"
"789",245080.1446,581028.328,"2010-04-29","2016-06-14"
"790",245080.1446,581028.328,"2010-04-29","2016-06-14"
"791",245080.1446,581028.328,"2010-04-29","2016-06-14"
"792",245080.1446,581028.328,"2010-04-29","2016-06-14"
"793",245080.1446,581028.328,"2010-04-29","2016-06-14"
"794",243090.9595,596143.8737,"2013-04-24","2599-12-31"
"795",245080.1446,581028.328,"2010-04-29","2016-06-14"
"796",243090.9595,596143.8737,"2013-04-24","2599-12-31"
"797",243090.9595,596143.8737,"2013-04-24","2599-12-31"
"798",243090.9595,596143.8737,"2013-04-24","2599-12-31"
"799",247871.7147,603512.4348,"2010-07-08","2016-06-14"
"800",243090.9595,596143.8737,"2013-04-24","2599-12-31"
"801",243090.9595,596143.8737,"2013-04-24","2599-12-31"
"802",243090.9595,596143.8737,"2013-04-24","2599-12-31"
"803",243090.9595,596143.8737,"2013-04-24","2599-12-31"
"804",245080.1446,581028.328,"2010-04-29","2016-06-14"
"805",243090.9595,596143.8737,"2013-04-24","2599-12-31"
"806",243090.9595,596143.8737,"2013-04-24","2599-12-31"
"807",245080.1446,581028.328,"2010-04-29","2016-06-14"
"808",245080.1446,581028.328,"2010-04-29","2016-06-14"
"809",243090.9595,596143.8737,"2013-04-24","2599-12-31"
"810",245080.1446,581028.328,"2010-04-29","2016-06-14"
"811",270718.3551,582155.5351,"2010-04-29","2016-06-14"
"812",245080.1446,581028.328,"2010-04-29","2016-06-14"
"813",243090.9595,596143.8737,"2013-04-24","2599-12-31"
"814",243090.9595,596143.8737,"2013-04-24","2599-12-31"
"815",245080.1446,581028.328,"2010-04-29","2016-06-14"
"816",245080.1446,581028.328,"2010-04-29","2016-06-14"
"817",227789.4307,602786.1875,"2010-01-22","2016-05-04"
"818",243090.9595,596143.8737,"2013-04-24","2599-12-31"
"819",245080.1446,581028.328,"2010-04-29","2016-06-14"
"820",243090.9595,596143.8737,"2013-04-24","2599-12-31"
"821",243090.9595,596143.8737,"2013-04-24","2599-12-31"
"822",245080.1446,581028.328,"2010-04-29","2016-06-14"
"823",243090.9595,596143.8737,"2013-04-24","2599-12-31"
"824",245080.1446,581028.328,"2010-04-29","2016-06-14"
"825",245080.1446,581028.328,"2010-04-29","2016-06-14"
"826",243090.9595,596143.8737,"2013-04-24","2599-12-31"
"827",245080.1446,581028.328,"2010-04-29","2016-06-14"
"828",245080.1446,581028.328,"2010-04-29","2016-06-14"
"829",245080.1446,581028.328,"2010-04-29","2016-06-14"
"830",243090.9595,596143.8737,"2013-04-24","2599-12-31"
"831",243090.9595,596143.8737,"2013-04-24","2599-12-31"
"832",245080.1446,581028.328,"2010-04-29","2016-06-14"
"833",245080.1446,581028.328,"2010-04-29","2016-06-14"
"834",247871.7147,603512.4348,"2010-07-08","2016-06-14"
"835",245080.1446,581028.328,"2010-04-29","2016-06-14"
"836",245080.1446,581028.328,"2010-04-29","2016-06-14"
"837",247871.7147,603512.4348,"2010-07-08","2016-06-14"
"838",247871.7147,603512.4348,"2010-07-08","2016-06-14"
"839",245080.1446,581028.328,"2010-04-29","2016-06-14"
"840",247871.7147,603512.4348,"2010-07-08","2016-06-14"
"841",245080.1446,581028.328,"2010-04-29","2016-06-14"
"842",245080.1446,581028.328,"2010-04-29","2016-06-14"
"843",247871.7147,603512.4348,"2010-07-08","2016-06-14"
"844",247871.7147,603512.4348,"2010-07-08","2016-06-14"
"845",270718.3551,582155.5351,"2010-04-29","2016-06-14"
"846",245080.1446,581028.328,"2010-04-29","2016-06-14"
"847",270718.3551,582155.5351,"2010-04-29","2016-06-14"
"848",247871.7147,603512.4348,"2010-07-08","2016-06-14"
"849",247871.7147,603512.4348,"2010-07-08","2016-06-14"
"850",245080.1446,581028.328,"2010-04-29","2016-06-14"
"851",245080.1446,581028.328,"2010-04-29","2016-06-14"
"852",245080.1446,581028.328,"2010-04-29","2016-06-14"
"853",245080.1446,581028.328,"2010-04-29","2016-06-14"
"854",245080.1446,581028.328,"2010-04-29","2016-06-14"
"855",247871.7147,603512.4348,"2010-07-08","2016-06-14"
"856",247871.7147,603512.4348,"2010-07-08","2016-06-14"
"857",247871.7147,603512.4348,"2010-07-08","2016-06-14"
"858",245080.1446,581028.328,"2010-04-29","2016-06-14"
"859",245080.1446,581028.328,"2010-04-29","2016-06-14"
"860",245080.1446,581028.328,"2010-04-29","2016-06-14"
"861",245080.1446,581028.328,"2010-04-29","2016-06-14"
"862",245080.1446,581028.328,"2010-04-29","2016-06-14"
"863",245080.1446,581028.328,"2010-04-29","2016-06-14"
"864",247871.7147,603512.4348,"2010-07-08","2016-06-14"
"865",245080.1446,581028.328,"2010-04-29","2016-06-14"
"866",247871.7147,603512.4348,"2010-07-08","2016-06-14"
"867",245080.1446,581028.328,"2010-04-29","2016-06-14"
"868",245080.1446,581028.328,"2010-04-29","2016-06-14"
"869",227789.4307,602786.1875,"2010-01-22","2016-05-04"
"870",247871.7147,603512.4348,"2010-07-08","2016-06-14"
"871",247871.7147,603512.4348,"2010-07-08","2016-06-14"
"872",247871.7147,603512.4348,"2010-07-08","2016-06-14"
"873",245080.1446,581028.328,"2010-04-29","2016-06-14"
"874",247871.7147,603512.4348,"2010-07-08","2016-06-14"
"875",245080.1446,581028.328,"2010-04-29","2016-06-14"
"876",245080.1446,581028.328,"2010-04-29","2016-06-14"
"877",245080.1446,581028.328,"2010-04-29","2016-06-14"
"878",245080.1446,581028.328,"2010-04-29","2016-06-14"
"879",245080.1446,581028.328,"2010-04-29","2016-06-14"
"880",247871.7147,603512.4348,"2010-07-08","2016-06-14"
"881",245080.1446,581028.328,"2010-04-29","2016-06-14"
"882",245080.1446,581028.328,"2010-04-29","2016-06-14"
"883",245080.1446,581028.328,"2010-04-29","2016-06-14"
"884",247871.7147,603512.4348,"2010-07-08","2016-06-14"
"885",245080.1446,581028.328,"2010-04-29","2016-06-14"
"886",245080.1446,581028.328,"2010-04-29","2016-06-14"
"887",247871.7147,603512.4348,"2010-07-08","2016-06-14"
"888",245080.1446,581028.328,"2010-04-29","2016-06-14"
"889",245080.1446,581028.328,"2010-04-29","2016-06-14"
"890",245080.1446,581028.328,"2010-04-29","2016-06-14"
"891",247871.7147,603512.4348,"2010-07-08","2016-06-14"
"892",247871.7147,603512.4348,"2010-07-08","2016-06-14"
"893",245080.1446,581028.328,"2010-04-29","2016-06-14"
"894",245080.1446,581028.328,"2010-04-29","2016-06-14"
"895",247871.7147,603512.4348,"2010-07-08","2016-06-14"
"896",247871.7147,603512.4348,"2010-07-08","2016-06-14"
"897",247871.7147,603512.4348,"2010-07-08","2016-06-14"
"898",247871.7147,603512.4348,"2010-07-08","2016-06-14"
"899",245080.1446,581028.328,"2010-04-29","2016-06-14"
"900",245080.1446,581028.328,"2010-04-29","2016-06-14"
"901",247871.7147,603512.4348,"2010-07-08","2016-06-14"
"902",245080.1446,581028.328,"2010-04-29","2016-06-14"
"903",247871.7147,603512.4348,"2010-07-08","2016-06-14"
"904",247871.7147,603512.4348,"2010-07-08","2016-06-14"
"905",245080.1446,581028.328,"2010-04-29","2016-06-14"
"906",245080.1446,581028.328,"2010-04-29","2016-06-14"
"907",245080.1446,581028.328,"2010-04-29","2016-06-14"
"908",247871.7147,603512.4348,"2010-07-08","2016-06-14"
"909",245080.1446,581028.328,"2010-04-29","2016-06-14"
"910",247871.7147,603512.4348,"2010-07-08","2016-06-14"
"911",245080.1446,581028.328,"2010-04-29","2016-06-14"
"912",245080.1446,581028.328,"2010-04-29","2016-06-14"
"913",246514.427,568120.7746,"2009-04-10","2014-08-14"
"914",246514.427,568120.7746,"2009-04-10","2014-08-14"
"915",245080.1446,581028.328,"2010-04-29","2016-06-14"
"916",245080.1446,581028.328,"2010-04-29","2016-06-14"
"917",247871.7147,603512.4348,"2010-07-08","2016-06-14"
"918",247871.7147,603512.4348,"2010-07-08","2016-06-14"
"919",245080.1446,581028.328,"2010-04-29","2016-06-14"
"920",245080.1446,581028.328,"2010-04-29","2016-06-14"
"921",245080.1446,581028.328,"2010-04-29","2016-06-14"
"922",245080.1446,581028.328,"2010-04-29","2016-06-14"
"923",245080.1446,581028.328,"2010-04-29","2016-06-14"
"924",247871.7147,603512.4348,"2010-07-08","2016-06-14"
"925",245080.1446,581028.328,"2010-04-29","2016-06-14"
"926",245080.1446,581028.328,"2010-04-29","2016-06-14"
"927",245080.1446,581028.328,"2010-04-29","2016-06-14"
"928",247871.7147,603512.4348,"2010-07-08","2016-06-14"
"929",245080.1446,581028.328,"2010-04-29","2016-06-14"
"930",245080.1446,581028.328,"2010-04-29","2016-06-14"
"931",245080.1446,581028.328,"2010-04-29","2016-06-14"
"932",247871.7147,603512.4348,"2010-07-08","2016-06-14"
"933",247871.7147,603512.4348,"2010-07-08","2016-06-14"
"934",247871.7147,603512.4348,"2010-07-08","2016-06-14"
"935",247871.7147,603512.4348,"2010-07-08","2016-06-14"
"936",245080.1446,581028.328,"2010-04-29","2016-06-14"
"937",245080.1446,581028.328,"2010-04-29","2016-06-14"
"938",245080.1446,581028.328,"2010-04-29","2016-06-14"
"939",245080.1446,581028.328,"2010-04-29","2016-06-14"
"940",247871.7147,603512.4348,"2010-07-08","2016-06-14"
"941",245080.1446,581028.328,"2010-04-29","2016-06-14"
"942",247871.7147,603512.4348,"2010-07-08","2016-06-14"
"943",245080.1446,581028.328,"2010-04-29","2016-06-14"
"944",245080.1446,581028.328,"2010-04-29","2016-06-14"
"945",245080.1446,581028.328,"2010-04-29","2016-06-14"
"946",245080.1446,581028.328,"2010-04-29","2016-06-14"
"947",245080.1446,581028.328,"2010-04-29","2016-06-14"
"948",245080.1446,581028.328,"2010-04-29","2016-06-14"
"949",247871.7147,603512.4348,"2010-07-08","2016-06-14"
"950",245080.1446,581028.328,"2010-04-29","2016-06-14"
"951",245080.1446,581028.328,"2010-04-29","2016-06-14"
"952",245080.1446,581028.328,"2010-04-29","2016-06-14"
"953",247871.7147,603512.4348,"2010-07-08","2016-06-14"
"954",247871.7147,603512.4348,"2010-07-08","2016-06-14"
"955",245080.1446,581028.328,"2010-04-29","2016-06-14"
"956",245080.1446,581028.328,"2010-04-29","2016-06-14"
"957",245080.1446,581028.328,"2010-04-29","2016-06-14"
"958",247871.7147,603512.4348,"2010-07-08","2016-06-14"
"959",246514.427,568120.7746,"2009-04-10","2014-08-14"
"960",247871.7147,603512.4348,"2010-07-08","2016-06-14"
"961",245080.1446,581028.328,"2010-04-29","2016-06-14"
"962",247871.7147,603512.4348,"2010-07-08","2016-06-14"
"963",245080.1446,581028.328,"2010-04-29","2016-06-14"
"964",247871.7147,603512.4348,"2010-07-08","2016-06-14"
"965",247871.7147,603512.4348,"2010-07-08","2016-06-14"
"966",245080.1446,581028.328,"2010-04-29","2016-06-14"
"967",246514.427,568120.7746,"2009-04-10","2014-08-14"
"968",245080.1446,581028.328,"2010-04-29","2016-06-14"
"969",247871.7147,603512.4348,"2010-07-08","2016-06-14"
"970",245080.1446,581028.328,"2010-04-29","2016-06-14"
"971",270718.3551,582155.5351,"2010-04-29","2016-06-14"
"972",270718.3551,582155.5351,"2010-04-29","2016-06-14"
"973",245080.1446,581028.328,"2010-04-29","2016-06-14"
"974",245080.1446,581028.328,"2010-04-29","2016-06-14"
"975",247871.7147,603512.4348,"2010-07-08","2016-06-14"
"976",270718.3551,582155.5351,"2010-04-29","2016-06-14"
"977",245080.1446,581028.328,"2010-04-29","2016-06-14"
"978",245080.1446,581028.328,"2010-04-29","2016-06-14"
"979",247871.7147,603512.4348,"2010-07-08","2016-06-14"
"980",247871.7147,603512.4348,"2010-07-08","2016-06-14"
"981",247871.7147,603512.4348,"2010-07-08","2016-06-14"
"982",245080.1446,581028.328,"2010-04-29","2016-06-14"
"983",247871.7147,603512.4348,"2010-07-08","2016-06-14"
"984",245080.1446,581028.328,"2010-04-29","2016-06-14"
"985",247871.7147,603512.4348,"2010-07-08","2016-06-14"
"986",247871.7147,603512.4348,"2010-07-08","2016-06-14"
"987",245080.1446,581028.328,"2010-04-29","2016-06-14"
"988",245080.1446,581028.328,"2010-04-29","2016-06-14"
"989",245080.1446,581028.328,"2010-04-29","2016-06-14"
"990",245080.1446,581028.328,"2010-04-29","2016-06-14"
"991",247871.7147,603512.4348,"2010-07-08","2016-06-14"
"992",247871.7147,603512.4348,"2010-07-08","2016-06-14"
"993",247871.7147,603512.4348,"2010-07-08","2016-06-14"
"994",270718.3551,582155.5351,"2010-04-29","2016-06-14"
"995",245080.1446,581028.328,"2010-04-29","2016-06-14"
"996",245080.1446,581028.328,"2010-04-29","2016-06-14"
"997",245080.1446,581028.328,"2010-04-29","2016-06-14"
"998",245080.1446,581028.328,"2010-04-29","2016-06-14"
"999",245080.1446,581028.328,"2010-04-29","2016-06-14"
"1000",245080.1446,581028.328,"2010-04-29","2016-06-14"
"1001",247871.7147,603512.4348,"2010-07-08","2016-06-14"
"1002",247871.7147,603512.4348,"2010-07-08","2016-06-14"
"1003",245080.1446,581028.328,"2010-04-29","2016-06-14"
"1004",245080.1446,581028.328,"2010-04-29","2016-06-14"
"1005",245080.1446,581028.328,"2010-04-29","2016-06-14"
"1006",247871.7147,603512.4348,"2010-07-08","2016-06-14"
"1007",245080.1446,581028.328,"2010-04-29","2016-06-14"
"1008",247871.7147,603512.4348,"2010-07-08","2016-06-14"
"1009",245080.1446,581028.328,"2010-04-29","2016-06-14"
"1010",245080.1446,581028.328,"2010-04-29","2016-06-14"
"1011",247871.7147,603512.4348,"2010-07-08","2016-06-14"
"1012",247871.7147,603512.4348,"2010-07-08","2016-06-14"
"1013",247871.7147,603512.4348,"2010-07-08","2016-06-14"
"1014",245080.1446,581028.328,"2010-04-29","2016-06-14"
"1015",247871.7147,603512.4348,"2010-07-08","2016-06-14"
"1016",245080.1446,581028.328,"2010-04-29","2016-06-14"
"1017",245080.1446,581028.328,"2010-04-29","2016-06-14"
"1018",245080.1446,581028.328,"2010-04-29","2016-06-14"
"1019",247871.7147,603512.4348,"2010-07-08","2016-06-14"
"1020",245080.1446,581028.328,"2010-04-29","2016-06-14"
"1021",247871.7147,603512.4348,"2010-07-08","2016-06-14"
"1022",270718.3551,582155.5351,"2010-04-29","2016-06-14"
"1023",246514.427,568120.7746,"2009-04-10","2014-08-14"
"1024",247871.7147,603512.4348,"2010-07-08","2016-06-14"
"1025",245080.1446,581028.328,"2010-04-29","2016-06-14"
"1026",246514.427,568120.7746,"2009-04-10","2014-08-14"
"1027",245080.1446,581028.328,"2010-04-29","2016-06-14"
"1028",245080.1446,581028.328,"2010-04-29","2016-06-14"
"1029",247871.7147,603512.4348,"2010-07-08","2016-06-14"
"1030",245080.1446,581028.328,"2010-04-29","2016-06-14"
"1031",247871.7147,603512.4348,"2010-07-08","2016-06-14"
"1032",245080.1446,581028.328,"2010-04-29","2016-06-14"
"1033",245080.1446,581028.328,"2010-04-29","2016-06-14"
"1034",245080.1446,581028.328,"2010-04-29","2016-06-14"
"1035",245080.1446,581028.328,"2010-04-29","2016-06-14"
"1036",245080.1446,581028.328,"2010-04-29","2016-06-14"
"1037",245080.1446,581028.328,"2010-04-29","2016-06-14"
"1038",245080.1446,581028.328,"2010-04-29","2016-06-14"
"1039",245080.1446,581028.328,"2010-04-29","2016-06-14"
"1040",247871.7147,603512.4348,"2010-07-08","2016-06-14"
"1041",270718.3551,582155.5351,"2010-04-29","2016-06-14"
"1042",245080.1446,581028.328,"2010-04-29","2016-06-14"
"1043",270718.3551,582155.5351,"2010-04-29","2016-06-14"
"1044",247871.7147,603512.4348,"2010-07-08","2016-06-14"
"1045",247871.7147,603512.4348,"2010-07-08","2016-06-14"
"1046",270718.3551,582155.5351,"2010-04-29","2016-06-14"
"1047",247871.7147,603512.4348,"2010-07-08","2016-06-14"
"1048",247871.7147,603512.4348,"2010-07-08","2016-06-14"
"1049",245080.1446,581028.328,"2010-04-29","2016-06-14"
"1050",245080.1446,581028.328,"2010-04-29","2016-06-14"
"1051",245080.1446,581028.328,"2010-04-29","2016-06-14"
"1052",247871.7147,603512.4348,"2010-07-08","2016-06-14"
"1053",245080.1446,581028.328,"2010-04-29","2016-06-14"
"1054",247871.7147,603512.4348,"2010-07-08","2016-06-14"
"1055",245080.1446,581028.328,"2010-04-29","2016-06-14"
"1056",245080.1446,581028.328,"2010-04-29","2016-06-14"
"1057",245080.1446,581028.328,"2010-04-29","2016-06-14"
"1058",245080.1446,581028.328,"2010-04-29","2016-06-14"
"1059",245080.1446,581028.328,"2010-04-29","2016-06-14"
"1060",245080.1446,581028.328,"2010-04-29","2016-06-14"
"1061",245080.1446,581028.328,"2010-04-29","2016-06-14"
"1062",245080.1446,581028.328,"2010-04-29","2016-06-14"
"1063",245080.1446,581028.328,"2010-04-29","2016-06-14"
"1064",245080.1446,581028.328,"2010-04-29","2016-06-14"
"1065",245080.1446,581028.328,"2010-04-29","2016-06-14"
"1066",245080.1446,581028.328,"2010-04-29","2016-06-14"
"1067",270718.3551,582155.5351,"2010-04-29","2016-06-14"
"1068",245080.1446,581028.328,"2010-04-29","2016-06-14"
"1069",227789.4307,602786.1875,"2010-01-22","2016-05-04"
"1070",245080.1446,581028.328,"2010-04-29","2016-06-14"
"1071",245080.1446,581028.328,"1995-04-12","2010-04-29"
"1072",245080.1446,581028.328,"1995-04-12","2010-04-29"
"1073",227789.4307,602786.1875,"2010-01-22","2016-05-04"
"1074",245080.1446,581028.328,"1995-04-12","2010-04-29"
"1075",245080.1446,581028.328,"1995-04-12","2010-04-29"
"1076",245080.1446,581028.328,"1995-04-12","2010-04-29"
"1077",245080.1446,581028.328,"1995-04-12","2010-04-29"
"1078",245080.1446,581028.328,"1995-04-12","2010-04-29"
"1079",227789.4307,602786.1875,"1995-04-12","2010-01-22"
"1080",245080.1446,581028.328,"1995-04-12","2010-04-29"
"1081",245080.1446,581028.328,"1995-04-12","2010-04-29"
"1082",245080.1446,581028.328,"1995-04-12","2010-04-29"
"1083",270718.3551,582155.5351,"1995-05-05","2010-04-29"
"1084",245080.1446,581028.328,"1995-04-12","2010-04-29"
"1085",245080.1446,581028.328,"1995-04-12","2010-04-29"
"1086",245080.1446,581028.328,"1995-04-12","2010-04-29"
"1087",246514.427,568120.7746,"2009-04-10","2014-08-14"
"1088",245080.1446,581028.328,"1995-04-12","2010-04-29"
"1089",245080.1446,581028.328,"1995-04-12","2010-04-29"
"1090",245080.1446,581028.328,"1995-04-12","2010-04-29"
"1091",245080.1446,581028.328,"1995-04-12","2010-04-29"
"1092",245080.1446,581028.328,"1995-04-12","2010-04-29"
"1093",245080.1446,581028.328,"1995-04-12","2010-04-29"
"1094",245080.1446,581028.328,"1995-04-12","2010-04-29"
"1095",245080.1446,581028.328,"1995-04-12","2010-04-29"
"1096",270718.3551,582155.5351,"1995-05-05","2010-04-29"
"1097",270718.3551,582155.5351,"1995-05-05","2010-04-29"
"1098",246514.427,568120.7746,"2009-04-10","2014-08-14"
"1099",245080.1446,581028.328,"1995-04-12","2010-04-29"
"1100",245080.1446,581028.328,"1995-04-12","2010-04-29"
"1101",245080.1446,581028.328,"1995-04-12","2010-04-29"
"1102",245080.1446,581028.328,"1995-04-12","2010-04-29"
"1103",245080.1446,581028.328,"1995-04-12","2010-04-29"
"1104",245080.1446,581028.328,"1995-04-12","2010-04-29"
"1105",245080.1446,581028.328,"1995-04-12","2010-04-29"
"1106",245080.1446,581028.328,"1995-04-12","2010-04-29"
"1107",245080.1446,581028.328,"1995-04-12","2010-04-29"
"1108",227789.4307,602786.1875,"1995-04-12","2010-01-22"
"1109",245080.1446,581028.328,"1995-04-12","2010-04-29"
"1110",245080.1446,581028.328,"1995-04-12","2010-04-29"
"1111",246514.427,568120.7746,"1995-04-12","2009-04-10"
"1112",245080.1446,581028.328,"1995-04-12","2010-04-29"
"1113",245080.1446,581028.328,"1995-04-12","2010-04-29"
"1114",227789.4307,602786.1875,"1995-04-12","2010-01-22"
"1115",245080.1446,581028.328,"1995-04-12","2010-04-29"
"1116",245080.1446,581028.328,"1995-04-12","2010-04-29"
"1117",245080.1446,581028.328,"1995-04-12","2010-04-29"
"1118",245080.1446,581028.328,"1995-04-12","2010-04-29"
"1119",245080.1446,581028.328,"1995-04-12","2010-04-29"
"1120",245080.1446,581028.328,"1995-04-12","2010-04-29"
"1121",245080.1446,581028.328,"1995-04-12","2010-04-29"
"1122",245080.1446,581028.328,"1995-04-12","2010-04-29"
"1123",227789.4307,602786.1875,"1995-04-12","2010-01-22"
"1124",227789.4307,602786.1875,"1995-04-12","2010-01-22"
"1125",245080.1446,581028.328,"1995-04-12","2010-04-29"
"1126",227789.4307,602786.1875,"1995-04-12","2010-01-22"
"1127",245080.1446,581028.328,"1995-04-12","2010-04-29"
"1128",245080.1446,581028.328,"1995-04-12","2010-04-29"
"1129",245080.1446,581028.328,"1995-04-12","2010-04-29"
"1130",227789.4307,602786.1875,"1995-04-12","2010-01-22"
"1131",245080.1446,581028.328,"1995-04-12","2010-04-29"
"1132",227789.4307,602786.1875,"1995-04-12","2010-01-22"
"1133",245080.1446,581028.328,"1995-04-12","2010-04-29"
"1134",245080.1446,581028.328,"1995-04-12","2010-04-29"
"1135",245080.1446,581028.328,"1995-04-12","2010-04-29"
"1136",245080.1446,581028.328,"1995-04-12","2010-04-29"
"1137",245080.1446,581028.328,"1995-04-12","2010-04-29"
"1138",245080.1446,581028.328,"1995-04-12","2010-04-29"
"1139",227789.4307,602786.1875,"1995-04-12","2010-01-22"
"1140",245080.1446,581028.328,"1995-04-12","2010-04-29"
"1141",227789.4307,602786.1875,"1995-04-12","2010-01-22"
"1142",245080.1446,581028.328,"1995-04-12","2010-04-29"
"1143",245080.1446,581028.328,"1995-04-12","2010-04-29"
"1144",227789.4307,602786.1875,"1995-04-12","2010-01-22"
"1145",245080.1446,581028.328,"1995-04-12","2010-04-29"
"1146",227789.4307,602786.1875,"1995-04-12","2010-01-22"
"1147",245080.1446,581028.328,"1995-04-12","2010-04-29"
"1148",245080.1446,581028.328,"1995-04-12","2010-04-29"
"1149",245080.1446,581028.328,"1995-04-12","2010-04-29"
"1150",245080.1446,581028.328,"1995-04-12","2010-04-29"
"1151",245080.1446,581028.328,"1995-04-12","2010-04-29"
"1152",245080.1446,581028.328,"1995-04-12","2010-04-29"
"1153",245080.1446,581028.328,"1995-04-12","2010-04-29"
"1154",245080.1446,581028.328,"1995-04-12","2010-04-29"
"1155",245080.1446,581028.328,"1995-04-12","2010-04-29"
"1156",245080.1446,581028.328,"1995-04-12","2010-04-29"
"1157",245080.1446,581028.328,"1995-04-12","2010-04-29"
"1158",227789.4307,602786.1875,"1995-04-12","2010-01-22"
"1159",245080.1446,581028.328,"1995-04-12","2010-04-29"
"1160",245080.1446,581028.328,"1995-04-12","2010-04-29"
"1161",227789.4307,602786.1875,"1995-04-12","2010-01-22"
"1162",245080.1446,581028.328,"1995-04-12","2010-04-29"
"1163",245080.1446,581028.328,"1995-04-12","2010-04-29"
"1164",227789.4307,602786.1875,"1995-04-12","2010-01-22"
"1165",245080.1446,581028.328,"1995-04-12","2010-04-29"
"1166",245080.1446,581028.328,"1995-04-12","2010-04-29"
"1167",245080.1446,581028.328,"1995-04-12","2010-04-29"
"1168",245080.1446,581028.328,"1995-04-12","2010-04-29"
"1169",245080.1446,581028.328,"1995-04-12","2010-04-29"
"1170",245080.1446,581028.328,"1995-04-12","2010-04-29"
"1171",245080.1446,581028.328,"1995-04-12","2010-04-29"
"1172",245080.1446,581028.328,"1995-04-12","2010-04-29"
"1173",245080.1446,581028.328,"1995-04-12","2010-04-29"
"1174",245080.1446,581028.328,"1995-04-12","2010-04-29"
"1175",245080.1446,581028.328,"1995-04-12","2010-04-29"
"1176",245080.1446,581028.328,"1995-04-12","2010-04-29"
"1177",245080.1446,581028.328,"1995-04-12","2010-04-29"
"1178",227789.4307,602786.1875,"1995-04-12","2010-01-22"
"1179",227789.4307,602786.1875,"1995-04-12","2010-01-22"
"1180",245080.1446,581028.328,"1995-04-12","2010-04-29"
"1181",245080.1446,581028.328,"1995-04-12","2010-04-29"
"1182",245080.1446,581028.328,"1995-04-12","2010-04-29"
"1183",245080.1446,581028.328,"1995-04-12","2010-04-29"
"1184",227789.4307,602786.1875,"1995-04-12","2010-01-22"
"1185",245080.1446,581028.328,"1995-04-12","2010-04-29"
"1186",227789.4307,602786.1875,"1995-04-12","2010-01-22"
"1187",245080.1446,581028.328,"1995-04-12","2010-04-29"
"1188",227789.4307,602786.1875,"1995-04-12","2010-01-22"
"1189",245080.1446,581028.328,"1995-04-12","2010-04-29"
"1190",245080.1446,581028.328,"1995-04-12","2010-04-29"
"1191",245080.1446,581028.328,"1995-04-12","2010-04-29"
"1192",227789.4307,602786.1875,"1995-04-12","2010-01-22"
"1193",245080.1446,581028.328,"1995-04-12","2010-04-29"
"1194",245080.1446,581028.328,"1995-04-12","2010-04-29"
"1195",245080.1446,581028.328,"1995-04-12","2010-04-29"
"1196",245080.1446,581028.328,"1995-04-12","2010-04-29"
"1197",245080.1446,581028.328,"1995-04-12","2010-04-29"
"1198",245080.1446,581028.328,"1995-04-12","2010-04-29"
"1199",245080.1446,581028.328,"1995-04-12","2010-04-29"
"1200",245080.1446,581028.328,"1995-04-12","2010-04-29"
"1201",245080.1446,581028.328,"1995-04-12","2010-04-29"
"1202",245080.1446,581028.328,"1995-04-12","2010-04-29"
"1203",245080.1446,581028.328,"1995-04-12","2010-04-29"
"1204",245080.1446,581028.328,"1995-04-12","2010-04-29"
"1205",245080.1446,581028.328,"1995-04-12","2010-04-29"
"1206",245080.1446,581028.328,"1995-04-12","2010-04-29"
"1207",245080.1446,581028.328,"1995-04-12","2010-04-29"
"1208",227789.4307,602786.1875,"1995-04-12","2010-01-22"
"1209",245080.1446,581028.328,"1995-04-12","2010-04-29"
"1210",245080.1446,581028.328,"1995-04-12","2010-04-29"
"1211",245080.1446,581028.328,"1995-04-12","2010-04-29"
"1212",245080.1446,581028.328,"1995-04-12","2010-04-29"
"1213",245080.1446,581028.328,"1995-04-12","2010-04-29"
"1214",245080.1446,581028.328,"1995-04-12","2010-04-29"
"1215",245080.1446,581028.328,"1995-04-12","2010-04-29"
"1216",245080.1446,581028.328,"1995-04-12","2010-04-29"
"1217",245080.1446,581028.328,"1995-04-12","2010-04-29"
"1218",246514.427,568120.7746,"1995-04-12","2009-04-10"
"1219",245080.1446,581028.328,"1995-04-12","2010-04-29"
"1220",245080.1446,581028.328,"1995-04-12","2010-04-29"
"1221",245080.1446,581028.328,"1995-04-12","2010-04-29"
"1222",245080.1446,581028.328,"1995-04-12","2010-04-29"
"1223",245080.1446,581028.328,"1995-04-12","2010-04-29"
"1224",245080.1446,581028.328,"1995-04-12","2010-04-29"
"1225",245080.1446,581028.328,"1995-04-12","2010-04-29"
"1226",245080.1446,581028.328,"1995-04-12","2010-04-29"
"1227",245080.1446,581028.328,"1995-04-12","2010-04-29"
"1228",245080.1446,581028.328,"1995-04-12","2010-04-29"
"1229",245080.1446,581028.328,"1995-04-12","2010-04-29"
"1230",227789.4307,602786.1875,"1995-04-12","2010-01-22"
"1231",227789.4307,602786.1875,"1995-04-12","2010-01-22"
"1232",245080.1446,581028.328,"1995-04-12","2010-04-29"
"1233",245080.1446,581028.328,"1995-04-12","2010-04-29"
"1234",245080.1446,581028.328,"1995-04-12","2010-04-29"
"1235",245080.1446,581028.328,"1995-04-12","2010-04-29"
"1236",245080.1446,581028.328,"1995-04-12","2010-04-29"
"1237",245080.1446,581028.328,"1995-04-12","2010-04-29"
"1238",245080.1446,581028.328,"1995-04-12","2010-04-29"
"1239",245080.1446,581028.328,"1995-04-12","2010-04-29"
"1240",245080.1446,581028.328,"1995-04-12","2010-04-29"
"1241",227789.4307,602786.1875,"1995-04-12","2010-01-22"
"1242",245080.1446,581028.328,"1995-04-12","2010-04-29"
"1243",245080.1446,581028.328,"1995-04-12","2010-04-29"
"1244",245080.1446,581028.328,"1995-04-12","2010-04-29"
"1245",245080.1446,581028.328,"1995-04-12","2010-04-29"
"1246",245080.1446,581028.328,"1995-04-12","2010-04-29"
"1247",245080.1446,581028.328,"1995-04-12","2010-04-29"
"1248",245080.1446,581028.328,"1995-04-12","2010-04-29"
"1249",245080.1446,581028.328,"1995-04-12","2010-04-29"
"1250",245080.1446,581028.328,"1995-04-12","2010-04-29"
"1251",245080.1446,581028.328,"1995-04-12","2010-04-29"
"1252",245080.1446,581028.328,"1995-04-12","2010-04-29"
"1253",245080.1446,581028.328,"1995-04-12","2010-04-29"
"1254",245080.1446,581028.328,"1995-04-12","2010-04-29"
"1255",227789.4307,602786.1875,"1995-04-12","2010-01-22"
"1256",245080.1446,581028.328,"1995-04-12","2010-04-29"
"1257",245080.1446,581028.328,"1995-04-12","2010-04-29"
"1258",245080.1446,581028.328,"1995-04-12","2010-04-29"
"1259",245080.1446,581028.328,"1995-04-12","2010-04-29"
"1260",245080.1446,581028.328,"1995-04-12","2010-04-29"
"1261",245080.1446,581028.328,"1995-04-12","2010-04-29"
"1262",245080.1446,581028.328,"1995-04-12","2010-04-29"
"1263",245080.1446,581028.328,"1995-04-12","2010-04-29"
"1264",245080.1446,581028.328,"1995-04-12","2010-04-29"
"1265",245080.1446,581028.328,"1995-04-12","2010-04-29"
"1266",245080.1446,581028.328,"1995-04-12","2010-04-29"
"1267",227789.4307,602786.1875,"1995-04-12","2010-01-22"
"1268",245080.1446,581028.328,"1995-04-12","2010-04-29"
"1269",245080.1446,581028.328,"1995-04-12","2010-04-29"
"1270",227789.4307,602786.1875,"1995-04-12","2010-01-22"
"1271",245080.1446,581028.328,"1995-04-12","2010-04-29"
"1272",245080.1446,581028.328,"1995-04-12","2010-04-29"
"1273",245080.1446,581028.328,"1995-04-12","2010-04-29"
"1274",245080.1446,581028.328,"1995-04-12","2010-04-29"
"1275",245080.1446,581028.328,"1995-04-12","2010-04-29"
"1276",245080.1446,581028.328,"1995-04-12","2010-04-29"
"1277",245080.1446,581028.328,"1995-04-12","2010-04-29"
"1278",270718.3551,582155.5351,"1995-05-05","2010-04-29"
"1279",245080.1446,581028.328,"1995-04-12","2010-04-29"
"1280",245080.1446,581028.328,"1995-04-12","2010-04-29"
"1281",245080.1446,581028.328,"1995-04-12","2010-04-29"
"1282",245080.1446,581028.328,"1995-04-12","2010-04-29"
"1283",245080.1446,581028.328,"1995-04-12","2010-04-29"
"1284",245080.1446,581028.328,"1995-04-12","2010-04-29"
"1285",245080.1446,581028.328,"1995-04-12","2010-04-29"
"1286",227789.4307,602786.1875,"1995-04-12","2010-01-22"
"1287",227789.4307,602786.1875,"1995-04-12","2010-01-22"
"1288",245080.1446,581028.328,"1995-04-12","2010-04-29"
"1289",245080.1446,581028.328,"1995-04-12","2010-04-29"
"1290",245080.1446,581028.328,"1995-04-12","2010-04-29"
"1291",245080.1446,581028.328,"1995-04-12","2010-04-29"
"1292",245080.1446,581028.328,"1995-04-12","2010-04-29"
"1293",245080.1446,581028.328,"1995-04-12","2010-04-29"
"1294",245080.1446,581028.328,"1995-04-12","2010-04-29"
"1295",245080.1446,581028.328,"1995-04-12","2010-04-29"
"1296",245080.1446,581028.328,"1995-04-12","2010-04-29"
"1297",245080.1446,581028.328,"1995-04-12","2010-04-29"
"1298",245080.1446,581028.328,"1995-04-12","2010-04-29"
"1299",245080.1446,581028.328,"1995-04-12","2010-04-29"
"1300",245080.1446,581028.328,"1995-04-12","2010-04-29"
"1301",245080.1446,581028.328,"1995-04-12","2010-04-29"
"1302",245080.1446,581028.328,"1995-04-12","2010-04-29"
"1303",245080.1446,581028.328,"1995-04-12","2010-04-29"
"1304",245080.1446,581028.328,"1995-04-12","2010-04-29"
"1305",245080.1446,581028.328,"1995-04-12","2010-04-29"
"1306",245080.1446,581028.328,"1995-04-12","2010-04-29"
"1307",245080.1446,581028.328,"1995-04-12","2010-04-29"
"1308",245080.1446,581028.328,"1995-04-12","2010-04-29"
"1309",227789.4307,602786.1875,"1995-04-12","2010-01-22"
"1310",227789.4307,602786.1875,"1995-04-12","2010-01-22"
"1311",246514.427,568120.7746,"1995-04-12","2009-04-10"
"1312",227789.4307,602786.1875,"1995-04-12","2010-01-22"
"1313",245080.1446,581028.328,"1995-04-12","2010-04-29"
"1314",245080.1446,581028.328,"1995-04-12","2010-04-29"
"1315",245080.1446,581028.328,"1995-04-12","2010-04-29"
"1316",245080.1446,581028.328,"1995-04-12","2010-04-29"
"1317",245080.1446,581028.328,"1995-04-12","2010-04-29"
"1318",245080.1446,581028.328,"1995-04-12","2010-04-29"
"1319",245080.1446,581028.328,"1995-04-12","2010-04-29"
"1320",245080.1446,581028.328,"1995-04-12","2010-04-29"
"1321",245080.1446,581028.328,"1995-04-12","2010-04-29"
"1322",245080.1446,581028.328,"1995-04-12","2010-04-29"
"1323",245080.1446,581028.328,"1995-04-12","2010-04-29"
"1324",245080.1446,581028.328,"1995-04-12","2010-04-29"
"1325",245080.1446,581028.328,"1995-04-12","2010-04-29"
"1326",245080.1446,581028.328,"1995-04-12","2010-04-29"
"1327",245080.1446,581028.328,"1995-04-12","2010-04-29"
"1328",245080.1446,581028.328,"1995-04-12","2010-04-29"
"1329",227789.4307,602786.1875,"1995-04-12","2010-01-22"
"1330",245080.1446,581028.328,"1995-04-12","2010-04-29"
"1331",245080.1446,581028.328,"1995-04-12","2010-04-29"
"1332",245080.1446,581028.328,"1995-04-12","2010-04-29"
"1333",245080.1446,581028.328,"1995-04-12","2010-04-29"
"1334",245080.1446,581028.328,"1995-04-12","2010-04-29"
"1335",245080.1446,581028.328,"1995-04-12","2010-04-29"
"1336",245080.1446,581028.328,"1995-04-12","2010-04-29"
"1337",245080.1446,581028.328,"1995-04-12","2010-04-29"
"1338",245080.1446,581028.328,"1995-04-12","2010-04-29"
"1339",245080.1446,581028.328,"1995-04-12","2010-04-29"
"1340",245080.1446,581028.328,"1995-04-12","2010-04-29"
"1341",245080.1446,581028.328,"1995-04-12","2010-04-29"
"1342",245080.1446,581028.328,"1995-04-12","2010-04-29"
"1343",245080.1446,581028.328,"1995-04-12","2010-04-29"
"1344",227789.4307,602786.1875,"1995-04-12","2010-01-22"
"1345",245080.1446,581028.328,"1995-04-12","2010-04-29"
"1346",245080.1446,581028.328,"1995-04-12","2010-04-29"
"1347",245080.1446,581028.328,"1995-04-12","2010-04-29"
"1348",245080.1446,581028.328,"1995-04-12","2010-04-29"
"1349",245080.1446,581028.328,"1995-04-12","2010-04-29"
"1350",270718.3551,582155.5351,"1995-05-05","2010-04-29"
"1351",245080.1446,581028.328,"1995-04-12","2010-04-29"
"1352",245080.1446,581028.328,"1995-04-12","2010-04-29"
"1353",245080.1446,581028.328,"1995-04-12","2010-04-29"
"1354",245080.1446,581028.328,"1995-04-12","2010-04-29"
"1355",245080.1446,581028.328,"1995-04-12","2010-04-29"
"1356",245080.1446,581028.328,"1995-04-12","2010-04-29"
"1357",245080.1446,581028.328,"1995-04-12","2010-04-29"
"1358",227789.4307,602786.1875,"1995-04-12","2010-01-22"
"1359",245080.1446,581028.328,"1995-04-12","2010-04-29"
"1360",245080.1446,581028.328,"1995-04-12","2010-04-29"
"1361",245080.1446,581028.328,"1995-04-12","2010-04-29"
"1362",245080.1446,581028.328,"1995-04-12","2010-04-29"
"1363",245080.1446,581028.328,"1995-04-12","2010-04-29"
"1364",245080.1446,581028.328,"1995-04-12","2010-04-29"
"1365",245080.1446,581028.328,"1995-04-12","2010-04-29"
"1366",227789.4307,602786.1875,"1995-04-12","2010-01-22"
"1367",245080.1446,581028.328,"1995-04-12","2010-04-29"
"1368",245080.1446,581028.328,"1995-04-12","2010-04-29"
"1369",245080.1446,581028.328,"1995-04-12","2010-04-29"
"1370",245080.1446,581028.328,"1995-04-12","2010-04-29"
"1371",227789.4307,602786.1875,"1995-04-12","2010-01-22"
"1372",245080.1446,581028.328,"1995-04-12","2010-04-29"
"1373",246514.427,568120.7746,"1995-04-12","2009-04-10"
"1374",227789.4307,602786.1875,"1995-04-12","2010-01-22"
"1375",245080.1446,581028.328,"1995-04-12","2010-04-29"
"1376",245080.1446,581028.328,"1995-04-12","2010-04-29"
"1377",245080.1446,581028.328,"1995-04-12","2010-04-29"
"1378",270718.3551,582155.5351,"1995-05-05","2010-04-29"
"1379",245080.1446,581028.328,"1995-04-12","2010-04-29"
"1380",270718.3551,582155.5351,"1995-05-05","2010-04-29"
"1381",245080.1446,581028.328,"1995-04-12","2010-04-29"
"1382",245080.1446,581028.328,"1995-04-12","2010-04-29"
"1383",245080.1446,581028.328,"1995-04-12","2010-04-29"
"1384",245080.1446,581028.328,"1995-04-12","2010-04-29"
"1385",245080.1446,581028.328,"1995-04-12","2010-04-29"
"1386",227789.4307,602786.1875,"1995-04-12","2010-01-22"
"1387",245080.1446,581028.328,"1995-04-12","2010-04-29"
"1388",245080.1446,581028.328,"1995-04-12","2010-04-29"
"1389",245080.1446,581028.328,"1995-04-12","2010-04-29"
"1390",245080.1446,581028.328,"1995-04-12","2010-04-29"
"1391",245080.1446,581028.328,"1995-04-12","2010-04-29"
"1392",246514.427,568120.7746,"1995-04-12","2009-04-10"
"1393",270718.3551,582155.5351,"1995-05-05","2010-04-29"
"1394",245080.1446,581028.328,"1995-04-12","2010-04-29"
"1395",245080.1446,581028.328,"1995-04-12","2010-04-29"
"1396",245080.1446,581028.328,"1995-04-12","2010-04-29"
"1397",227789.4307,602786.1875,"1995-04-12","2010-01-22"
"1398",245080.1446,581028.328,"1995-04-12","2010-04-29"
"1399",245080.1446,581028.328,"1995-04-12","2010-04-29"
"1400",245080.1446,581028.328,"1995-04-12","2010-04-29"
"1401",270718.3551,582155.5351,"1995-05-05","2010-04-29"
"1402",245080.1446,581028.328,"1995-04-12","2010-04-29"
"1403",245080.1446,581028.328,"1995-04-12","2010-04-29"
"1404",227789.4307,602786.1875,"1995-04-12","2010-01-22"
"1405",245080.1446,581028.328,"1995-04-12","2010-04-29"
"1406",245080.1446,581028.328,"1995-04-12","2010-04-29"
"1407",245080.1446,581028.328,"1995-04-12","2010-04-29"
"1408",227789.4307,602786.1875,"1995-04-12","2010-01-22"
"1409",245080.1446,581028.328,"1995-04-12","2010-04-29"
"1410",245080.1446,581028.328,"1995-04-12","2010-04-29"
"1411",227789.4307,602786.1875,"1995-04-12","2010-01-22"
"1412",245080.1446,581028.328,"1995-04-12","2010-04-29"
"1413",245080.1446,581028.328,"1995-04-12","2010-04-29"
"1414",270718.3551,582155.5351,"1995-05-05","2010-04-29"
"1415",245080.1446,581028.328,"1995-04-12","2010-04-29"
"1416",270718.3551,582155.5351,"1995-05-05","2010-04-29"
"1417",241452.0698,537018.2643,"1993-11-16","2000-10-24"
"1418",241452.0698,537018.2643,"1993-11-16","2000-10-24"
"1419",241452.0698,537018.2643,"1993-11-16","2000-10-24"
