"","X","X.Network","Station","Channel","Latitude","Longitude","Elevation","Depth","StartTime","EndTime","Xcoord","Ycoord","Start_date","End_date"
"1",54,"NL","171","BLE",51.03544,5.86908,35,0,"27/01/2006 00:00","25/11/2011 00:00",188801.1584,338537.6149,2006-01-27,2011-11-25
"4",57,"NL","1979","BHE",50.9708,5.9268,80,0,"10/03/2009 00:00","28/11/2014 00:00",192902.9179,331374.8651,2009-03-10,2014-11-28
"62",122,"NL","BING","BHE",50.9708,5.9268,80,0,"27/11/2014 00:00","31/12/2599 23:59",192902.9179,331374.8651,2014-11-27,2599-12-31
"7",60,"NL","1980","BHE",50.8,5.9727,154,0,"10/03/2009 00:00","17/04/2015 00:00",196279.0636,312398.6162,2009-03-10,2015-04-17
"10",63,"NL","1982","BHE",50.86939,6.08469,145,0,"10/12/2007 00:00","17/04/2015 00:00",204100.8776,320187.1955,2007-12-10,2015-04-17
"1414",2550,"NL","ROLD","BHE",50.86939,6.08469,145,0,"16/04/2015 00:00","31/12/2599 23:59",204100.8776,320187.1955,2015-04-16,2599-12-31
"13",68,"NL","ALK1","HGZ",52.633821,4.744356,1,0,"19/11/2019 00:00","31/12/2599 23:59",111480.1663,516450.4242,2019-11-19,2599-12-31
"16",71,"NL","ALK2","HGZ",52.65104,4.723407,-1,0,"24/07/2019 00:00","31/12/2599 23:59",110079.5639,518379.1614,2019-07-24,2599-12-31
"19",74,"NL","ANDK","HGZ",52.747514,5.216375,-1.8,0,"12/05/2023 00:00","31/12/2599 23:59",143464.8381,528921.6591,2023-05-12,2599-12-31
"22",75,"NL","ARCN","BHE",51.5013,6.1942,0,0,"23/05/2018 00:00","31/12/2599 23:59",211032.8539,390563.569,2018-05-23,2599-12-31
"25",80,"NL","ASS1","HGZ",52.977799,6.557414,9.5,0,"14/04/2020 00:00","31/12/2599 23:59",233599.3342,555171.2852,2020-04-14,2599-12-31
"28",83,"NL","ASS2","HGZ",53.01428,6.570557,12,0,"24/04/2020 00:00","31/12/2599 23:59",234415.4552,559244.9854,2020-04-24,2599-12-31
"31",86,"NL","BAPP","HGE",53.31482,6.83539,0,0,"07/10/2013 00:00","31/12/2599 23:59",251514.8103,593010.9562,2013-10-07,2599-12-31
"35",95,"NL","BBER","HGE",52.661427,4.7045,2,0,"04/12/2017 00:00","21/05/2019 00:00",108811.0289,519546.8165,2017-12-04,2019-05-21
"38",100,"NL","BER1","HGZ",52.661396,4.703678,1,0,"18/11/2019 00:00","31/12/2599 23:59",108755.3844,519543.8925,2019-11-18,2599-12-31
"41",103,"NL","BER2","HGZ",52.6478,4.714988,-1,0,"25/07/2019 00:00","31/12/2599 23:59",109506.4958,518023.9137,2019-07-25,2599-12-31
"44",104,"NL","BFB2","HGE",53.18751,6.76549,1,0,"17/09/2014 00:00","31/12/2599 23:59",247127.8895,578752.8488,2014-09-17,2599-12-31
"47",107,"NL","BGAR","HGE",53.36786,6.71359,1,0,"17/09/2014 00:00","01/01/2017 00:00",243289.2751,598756.8534,2014-09-17,2017-01-01
"48",108,"NL","BGAR","HGE",53.36786,6.71359,1,0,"01/01/2017 00:00","15/12/2017 09:01",243289.2751,598756.8534,2017-01-01,2017-12-15
"49",109,"NL","BGAR","HGE",53.36786,6.71359,1,0,"15/12/2017 09:01","31/12/2599 23:59",243289.2751,598756.8534,2017-12-15,2599-12-31
"56",116,"NL","BHAR","HGE",53.22916,6.70898,1,0,"17/09/2014 00:00","22/01/2022 00:00",243265.8689,583316.7192,2014-09-17,2022-01-22
"59",119,"NL","BHKS","HGE",53.29195,6.78502,1,0,"17/09/2014 00:00","31/12/2599 23:59",248207.606,590399.6553,2014-09-17,2599-12-31
"65",125,"NL","BKMZ","HGE",53.290115,6.318887,2,0,"08/12/2015 00:00","31/12/2599 23:59",217129.5439,589692.5309,2015-12-08,2599-12-31
"68",130,"NL","BLIJE","HGZ",53.360325,5.84921,1.2,0,"18/02/2021 00:00","31/12/2599 23:59",185759.1642,597203.1599,2021-02-18,2599-12-31
"71",131,"NL","BLOP","HGE",53.33391,6.74663,1,0,"23/09/2013 00:00","31/12/2599 23:59",245559.7439,595019.9156,2013-09-23,2599-12-31
"74",134,"NL","BMD1","HGE",53.34726,6.64225,2,0,"11/09/2013 00:00","11/03/2014 05:16",238580.939,596379.2337,2013-09-11,2014-03-11
"77",137,"NL","BMD2","HGE",53.35325,6.6472,0,0,"10/09/2013 00:00","05/12/2019 14:10",238898.8933,597051.5785,2013-09-10,2019-12-05
"78",138,"NL","BMD2","HGE",53.35325,6.6472,0,0,"05/12/2019 14:10","31/12/2599 23:59",238898.8933,597051.5785,2019-12-05,2599-12-31
"83",3473,"NL","BNHLT","BHE",50.791068,5.814136,186,0,"16/03/2023 00:00","31/12/2599 23:59",185105.87,311327.6363,2023-03-16,2599-12-31
"89",3489,"NL","BNHLT","BHZ",50.791068,5.814136,186,200,"22/09/2023 00:00","31/12/2599 23:59",185105.87,311327.6363,2023-09-22,2599-12-31
"91",143,"NL","BONL","HGE",53.40014,6.75483,1,0,"19/09/2013 00:00","23/08/2015 00:00",245965.8504,602400.4268,2013-09-19,2015-08-23
"94",146,"NL","BOWW","HGE",53.34053,6.8125,1,0,"01/10/2013 00:00","31/12/2599 23:59",249932.7742,595841.4772,2013-10-01,2599-12-31
"97",149,"NL","BRSW","HGE",52.842316,7.032279,12.5,0,"28/02/2019 00:00","31/12/2599 23:59",265834.8797,540719.9262,2019-02-28,2599-12-31
"100",154,"NL","BRTL","HGZ",53.237996,6.393218,-0.1,0,"20/05/2022 00:00","31/12/2599 23:59",222167.1711,583959.2347,2022-05-20,2599-12-31
"103",155,"NL","BSTD","HGE",53.312297,6.692137,1,0,"17/09/2014 00:00","11/06/2015 00:00",241973.5175,592547.6047,2014-09-17,2015-06-11
"104",156,"NL","BSTD","HGE",53.312297,6.692137,1,0,"11/06/2015 00:00","07/10/2015 12:25",241973.5175,592547.6047,2015-06-11,2015-10-07
"105",157,"NL","BSTD","HGE",53.312297,6.692137,1,0,"07/10/2015 12:25","23/10/2015 11:03",241973.5175,592547.6047,2015-10-07,2015-10-23
"106",158,"NL","BSTD","HGE",53.312297,6.692137,1,0,"23/10/2015 11:03","05/12/2019 13:00",241973.5175,592547.6047,2015-10-23,2019-12-05
"107",167,"NL","BSTD","HGE",53.31215,6.692101,1,0,"05/12/2019 13:00","31/12/2599 23:59",241971.4148,592531.203,2019-12-05,2599-12-31
"118",170,"NL","BUHZ","HGE",53.40704,6.67266,2,0,"07/10/2013 00:00","06/12/2019 00:00",240487.1078,603067.5024,2013-10-07,2019-12-06
"121",173,"NL","BWIN","HGE",53.3112,6.74837,1,0,"17/09/2014 00:00","07/12/2019 00:00",245723.4446,592494.9436,2014-09-17,2019-12-07
"124",176,"NL","BWIR","HGE",53.32257,6.7861,0,0,"24/09/2013 00:00","31/12/2599 23:59",248213.3896,593808.3977,2013-09-24,2599-12-31
"127",179,"NL","BWSE","HGE",53.34442,6.70989,1,0,"24/04/2013 00:00","31/12/2599 23:59",243090.9595,596143.8737,2013-04-24,2599-12-31
"130",182,"NL","BZN1","HGE",53.36567,6.77512,1,0,"24/10/2013 00:00","01/01/2017 00:00",247389.306,598590.4013,2013-10-24,2017-01-01
"131",183,"NL","BZN1","HGE",53.36567,6.77512,1,0,"01/01/2017 00:00","15/12/2017 09:03",247389.306,598590.4013,2017-01-01,2017-12-15
"132",184,"NL","BZN1","HGE",53.36567,6.77512,1,0,"15/12/2017 09:03","02/03/2019 00:00",247389.306,598590.4013,2017-12-15,2019-03-02
"139",191,"NL","BZN2","HGE",53.35683,6.75474,1,0,"23/09/2013 00:00","01/06/2020 00:00",246051.4828,597580.6998,2013-09-23,2020-06-01
"154",206,"NL","CHA5","HHE",51.5043,4.9212,20,141,"03/07/2011 00:00","25/05/2018 00:00",122645.6832,390690.3308,2011-07-03,2018-05-25
"157",232,"NL","COE","HGZ",52.66055,6.783616,9.7,0,"28/05/2019 00:00","31/12/2599 23:59",249473.9985,520143.7901,2019-05-28,2599-12-31
"160",235,"NL","COE2","HGZ",52.632783,6.705706,8.9,0,"09/03/2020 00:00","31/12/2599 23:59",244259.7709,516955.4984,2020-03-09,2599-12-31
"163",238,"NL","COE3","HGZ",52.670353,6.652457,9.9,0,"28/08/2020 00:00","31/12/2599 23:59",240582.031,521071.1257,2020-08-28,2599-12-31
"166",241,"NL","COE4","HGZ",52.659759,6.745131,10.7,0,"26/06/2020 00:00","31/12/2599 23:59",246872.1717,520006.1861,2020-06-26,2599-12-31
"169",243,"NL","CTSN","HGZ",50.7592,5.9403,151,1,"15/11/2022 12:30","31/12/2599 23:59",194029.1159,307841.9348,2022-11-15,2599-12-31
"170",246,"NL","DBLS","HGZ",52.839142,6.049736,2.4,0,"17/09/2020 00:00","31/12/2599 23:59",199642.7065,539308.9107,2020-09-17,2599-12-31
"173",247,"NL","DBN","BHE",52.1017,5.1767,3,0,"25/11/1997 00:00","30/06/2018 23:59",140577.1344,457071.562,1997-11-25,2018-06-30
"174",250,"NL","DBN","BHE",52.1017,5.1767,3,0,"01/07/2018 00:00","31/12/2599 23:59",140577.1344,457071.562,2018-07-01,2599-12-31
"186",291,"NL","DBN04","HGZ",52.098707,5.176786,3,1,"11/11/2021 14:26","31/10/2022 08:00",140582.0621,456738.5467,2021-11-11,2022-10-31
"187",306,"NL","DBN08","HGZ",52.0985679,5.1766855,2,1,"11/04/2022 10:24","14/04/2022 15:40",140575.131,456723.0905,2022-04-11,2022-04-14
"188",307,"NL","DBN08","HGZ",52.098689,5.176773,2,1,"14/04/2022 15:40","14/11/2022 12:30",140581.1656,456736.5466,2022-04-14,2022-11-14
"189",316,"NL","DOK","HGZ",53.32729,5.985255,0.6,0,"30/09/2021 00:00","31/12/2599 23:59",194847.1947,593593.3589,2021-09-30,2599-12-31
"192",319,"NL","DON","HGZ",53.100493,6.542946,6.7,0,"25/01/2021 00:00","31/12/2599 23:59",232408.7911,568808.2152,2021-01-25,2599-12-31
"201",334,"NL","DR014","HHZ",52.7987,6.178458,1.7,200,"25/06/2018 00:00","31/12/2599 23:59",208365.3586,534896.1719,2018-06-25,2599-12-31
"208",349,"NL","DR024","HHZ",52.703377,6.508147,11.2,200,"20/06/2019 00:00","31/12/2599 23:59",230764.4554,524584.385,2019-06-20,2599-12-31
"215",364,"NL","DR034","HHZ",52.897564,6.308405,8.6,200,"04/05/2020 00:00","31/12/2599 23:59",216988.8571,546000.7795,2020-05-04,2599-12-31
"216",367,"NL","DRA","HGZ",53.120205,6.103262,1.4,0,"23/03/2020 00:00","31/12/2599 23:59",202938.8481,570619.4275,2020-03-23,2599-12-31
"219",370,"NL","DVR","HGZ",52.847766,6.31267,5.2,0,"15/03/2023 00:00","31/12/2599 23:59",217346.884,540463.3375,2023-03-15,2599-12-31
"222",373,"NL","EETW","HGZ",53.334777,6.105404,0.1,0,"14/04/2020 00:00","31/12/2599 23:59",202844.0971,594499.7994,2020-04-14,2599-12-31
"225",376,"NL","ELE","HGZ",52.956616,6.577619,12.3,0,"11/01/2019 00:00","31/12/2599 23:59",234995.2518,552836.4452,2019-01-11,2599-12-31
"255",404,"NL","ENM4","HHE",53.4064,6.4817,1,200,"12/04/1995 00:00","22/01/2010 00:00",227789.4307,602786.1875,1995-04-12,2010-01-22
"256",407,"NL","ENM4","HHE",53.4064,6.4817,1,200,"22/01/2010 00:00","04/05/2016 09:00",227789.4307,602786.1875,2010-01-22,2016-05-04
"257",410,"NL","ENM4","HHE",53.4064,6.4817,1,200,"04/05/2016 09:00","31/12/2599 23:59",227789.4307,602786.1875,2016-05-04,2599-12-31
"291",441,"NL","ENV4","HHE",52.8944,6.6337,17,200,"20/06/1995 00:00","04/12/2009 00:00",238883.1958,545977.4262,1995-06-20,2009-12-04
"292",444,"NL","ENV4","HHE",52.8944,6.6337,17,200,"04/12/2009 00:00","16/06/2016 07:00",238883.1958,545977.4262,2009-12-04,2016-06-16
"293",447,"NL","ENV4","HHE",52.8944,6.6337,17,200,"16/06/2016 07:00","31/12/2599 23:59",238883.1958,545977.4262,2016-06-16,2599-12-31
"300",453,"NL","EVK","HGZ",53.079679,6.811594,2.1,0,"25/03/2022 00:00","31/12/2599 23:59",250446.495,566814.2771,2022-03-25,2599-12-31
"312",475,"NL","FDG4","HHE",53.2562,5.5481,1,120,"13/10/2009 00:00","31/12/2599 23:59",165737.8339,585527.958,2009-10-13,2599-12-31
"315",480,"NL","FDKD","HGZ",52.848339,6.17885,5.9,0,"10/11/2020 00:00","31/12/2599 23:59",208331.2417,540419.8946,2020-11-10,2599-12-31
"324",495,"NL","FR014","HHZ",53.142396,5.886762,-0.5,200,"14/06/2019 00:00","31/12/2599 23:59",188427.5612,572966.7004,2019-06-14,2599-12-31
"331",510,"NL","FR024","HHZ",52.855913,5.930424,-0.7,200,"14/06/2019 00:00","31/12/2599 23:59",191589.281,541107.9775,2019-06-14,2599-12-31
"338",525,"NL","FR034","HHZ",52.981469,5.712568,-0.9,200,"14/06/2019 00:00","31/12/2599 23:59",176852.3352,554991.4269,2019-06-14,2599-12-31
"345",540,"NL","FR044","HHZ",52.876061,6.118717,2.1,200,"04/05/2020 00:00","31/12/2599 23:59",204249.0625,543461.8982,2020-05-04,2599-12-31
"349",552,"NL","FR054","HHZ",53.070481,5.868517,-0.5,200,"04/05/2020 00:00","31/12/2599 23:59",187260.1668,564955.3872,2020-05-04,2599-12-31
"356",567,"NL","FR064","HHZ",53.00074,6.02367,-0.5,200,"04/05/2020 00:00","31/12/2599 23:59",197727.7503,557275.203,2020-05-04,2599-12-31
"357",570,"NL","FRB2","HGZ",53.1875,6.7655,0,1,"22/03/2006 00:00","17/09/2014 00:00",247128.5791,578751.7489,2006-03-22,2014-09-17
"405",616,"NL","FSW5","HHE",53.2135,7.1195,1,300,"05/05/1996 00:00","29/04/2010 00:00",270718.3552,582155.5351,1996-05-05,2010-04-29
"406",619,"NL","FSW5","HHE",53.2135,7.1195,1,300,"29/04/2010 00:00","14/06/2016 08:00",270718.3552,582155.5351,2010-04-29,2016-06-14
"407",622,"NL","FSW5","HHE",53.2135,7.1195,1,300,"14/06/2016 08:00","31/12/2599 23:59",270718.3552,582155.5351,2016-06-14,2599-12-31
"408",625,"NL","FSW5","HHE",53.2135,7.1195,1,300,"22/07/1992 00:00","05/05/1996 00:00",270718.3552,582155.5351,1992-07-22,1996-05-05
"424",652,"NL","G014","HHZ",53.442535,6.731191,2,200,"10/02/2015 00:00","31/12/2599 23:59",244305.4946,607088.675,2015-02-10,2599-12-31
"431",667,"NL","G024","HHZ",53.44901,6.805842,2,200,"10/02/2015 00:00","31/12/2599 23:59",249251.2727,607904.5123,2015-02-10,2599-12-31
"438",682,"NL","G034","HHZ",53.415886,6.597559,2,200,"10/02/2015 00:00","31/12/2599 23:59",235476.4038,603965.2932,2015-02-10,2599-12-31
"445",697,"NL","G044","HHZ",53.41469,6.67472,2,200,"04/06/2015 00:00","31/12/2599 23:59",240608.8552,603921.2802,2015-06-04,2599-12-31
"452",712,"NL","G054","HHZ",53.418438,6.771304,2,200,"16/07/2015 00:00","31/12/2599 23:59",247022.3198,604457.6339,2015-07-16,2599-12-31
"459",727,"NL","G064","HHZ",53.411095,6.870878,2,200,"15/09/2015 00:00","31/12/2599 23:59",253658.7603,603772.4765,2015-09-15,2599-12-31
"466",742,"NL","G074","HHZ",53.39458,6.545769,2,200,"24/09/2015 00:00","31/12/2599 23:59",232071.2868,601537.5097,2015-09-24,2599-12-31
"473",757,"NL","G084","HHZ",53.395447,6.643896,2,200,"22/09/2015 00:00","31/12/2599 23:59",238596.8795,601743.5748,2015-09-22,2599-12-31
"480",772,"NL","G094","HHZ",53.387764,6.724525,2,200,"18/09/2015 00:00","31/12/2599 23:59",243975.9185,600985.2909,2015-09-18,2599-12-31
"487",787,"NL","G104","HHZ",53.37847,6.804435,2,200,"08/09/2015 00:00","31/12/2599 23:59",249312.4841,600052.8303,2015-09-08,2599-12-31
"494",802,"NL","G114","HHZ",53.366917,6.889139,2,200,"08/12/2015 00:00","31/12/2599 23:59",254975.5727,598881.5835,2015-12-08,2599-12-31
"501",817,"NL","G124","HHZ",53.36992,6.57139,2,200,"05/10/2017 00:00","31/12/2599 23:59",233820.7458,598820.9625,2017-10-05,2599-12-31
"508",832,"NL","G134","HHZ",53.34894,6.668564,2,200,"22/09/2015 00:00","31/12/2599 23:59",240329.8901,596597.0715,2015-09-22,2599-12-31
"515",847,"NL","G144","HHZ",53.358604,6.770835,2,200,"11/02/2015 00:00","31/12/2599 23:59",247119.2125,597798.5977,2015-02-11,2599-12-31
"522",862,"NL","G164","HHZ",53.338528,6.531397,2,200,"17/09/2015 00:00","31/12/2599 23:59",231214.4728,595284.4279,2015-09-17,2599-12-31
"529",877,"NL","G174","HHZ",53.336197,6.636346,2,200,"29/04/2015 00:00","31/12/2599 23:59",238209.1548,595141.2719,2015-04-29,2599-12-31
"536",892,"NL","G184","HHZ",53.330624,6.721702,2,200,"18/09/2015 00:00","31/12/2599 23:59",243906.0488,594623.1669,2015-09-18,2599-12-31
"543",907,"NL","G194","HHZ",53.337814,6.817032,2,200,"18/09/2015 00:00","31/12/2599 23:59",250240.6091,595545.2317,2015-09-18,2599-12-31
"550",922,"NL","G204","HHZ",53.335297,6.895165,2,200,"28/05/2015 00:00","31/12/2599 23:59",255450.3925,595371.375,2015-05-28,2599-12-31
"557",937,"NL","G214","HHZ",53.313374,6.593737,2,200,"17/09/2015 00:00","31/12/2599 23:59",235413.6028,592553.0377,2015-09-17,2599-12-31
"564",952,"NL","G224","HHZ",53.31035,6.677621,2,200,"10/02/2015 00:00","31/12/2599 23:59",241009.9848,592313.4984,2015-02-10,2599-12-31
"953",1744,"NL","G81B","LCE",53.31035,6.677621,-0.4,100,"29/08/2018 00:00","31/12/2599 23:59",241009.9848,592313.4984,2018-08-29,2599-12-31
"571",967,"NL","G234","HHZ",53.30949,6.767527,2,200,"16/02/2015 00:00","31/12/2599 23:59",247003.8257,592328.9726,2015-02-16,2599-12-31
"578",982,"NL","G244","HHZ",53.289974,6.856169,2,200,"12/11/2014 00:00","31/12/2599 23:59",252955.9283,590274.2394,2014-11-12,2599-12-31
"585",997,"NL","G254","HHZ",53.308117,6.943312,2,200,"12/05/2017 00:00","31/12/2599 23:59",258722.6842,592415.1863,2017-05-12,2599-12-31
"592",1012,"NL","G264","HHZ",53.28208,6.545806,2,200,"22/10/2015 00:00","31/12/2599 23:59",232275.3181,589018.0716,2015-10-22,2599-12-31
"599",1027,"NL","G274","HHZ",53.28318,6.628118,2,200,"27/11/2015 00:00","31/12/2599 23:59",237762.8192,589231.9711,2015-11-27,2599-12-31
"606",1042,"NL","G284","HHZ",53.27221,6.729164,2,200,"28/03/2016 00:00","31/12/2599 23:59",244524.3302,588132.1396,2016-03-28,2599-12-31
"613",1057,"NL","G294","HHZ",53.281406,6.786966,2,200,"22/09/2015 00:00","31/12/2599 23:59",248360.1713,589228.8659,2015-09-22,2599-12-31
"620",1072,"NL","G304","HHZ",53.27917,6.895145,2,200,"23/10/2014 00:00","31/12/2599 23:59",255579.9145,589125.7619,2014-10-23,2599-12-31
"627",1089,"NL","G314","HHZ",53.296196,7.021759,-0.4,200,"27/11/2015 00:00","04/08/2020 20:29",263981.0995,591204.5951,2015-11-27,2020-08-04
"628",1090,"NL","G314","HHZ",53.296196,7.021759,-0.4,200,"26/08/2021 11:39","31/12/2599 23:59",263981.0995,591204.5951,2021-08-26,2599-12-31
"635",1105,"NL","G324","HHZ",53.24981,6.57919,2,200,"27/11/2015 00:00","31/12/2599 23:59",234561.2514,585463.3871,2015-11-27,2599-12-31
"642",1120,"NL","G334","HHZ",53.24991,6.670763,2,200,"22/01/2016 00:00","31/12/2599 23:59",240672.8336,585579.5799,2016-01-22,2599-12-31
"649",1135,"NL","G344","HHZ",53.25252,6.76508,2,200,"23/10/2014 00:00","31/12/2599 23:59",246962.0795,585986.3499,2014-10-23,2599-12-31
"656",1150,"NL","G354","HHZ",53.254936,6.862136,2,200,"04/04/2017 00:00","31/12/2599 23:59",253433.671,586383.5079,2017-04-04,2599-12-31
"663",1165,"NL","G364","HHZ",53.26505,6.924454,2,200,"07/12/2015 00:00","31/12/2599 23:59",257568.1765,587595.918,2015-12-07,2599-12-31
"670",1180,"NL","G374","HHZ",53.273952,7.035,2,200,"02/12/2015 00:00","31/12/2599 23:59",264920.4732,588749.5934,2015-12-02,2599-12-31
"677",1195,"NL","G384","HHZ",53.200512,6.547563,2,200,"11/04/2016 00:00","31/12/2599 23:59",232538.7673,579943.0264,2016-04-11,2599-12-31
"684",1210,"NL","G394","HHZ",53.22525,6.724121,2,200,"24/10/2014 00:00","31/12/2599 23:59",244284.9564,582900.2906,2014-10-24,2599-12-31
"957",1768,"NL","G82B","LCE",53.22525,6.724121,-1.9,100,"14/08/2018 00:00","31/12/2599 23:59",244284.9564,582900.2906,2018-08-14,2599-12-31
"691",1225,"NL","G404","HHZ",53.22501,6.809874,2,200,"24/10/2014 00:00","31/12/2599 23:59",250011.934,582983.3038,2014-10-24,2599-12-31
"698",1240,"NL","G414","HHZ",53.223434,6.891867,2,200,"22/09/2015 00:00","31/12/2599 23:59",255490.9024,582919.2229,2015-09-22,2599-12-31
"705",1255,"NL","G424","HHZ",53.221687,6.988649,2,200,"11/02/2015 00:00","31/12/2599 23:59",261958.2216,582864.2158,2015-02-11,2599-12-31
"712",1270,"NL","G434","HHZ",53.231853,7.079074,2,200,"25/06/2015 00:00","31/12/2599 23:59",267970.2483,584133.451,2015-06-25,2599-12-31
"719",1285,"NL","G444","HHZ",53.204193,6.683958,2,200,"11/02/2015 00:00","31/12/2599 23:59",241645.0933,580508.0868,2015-02-11,2599-12-31
"726",1300,"NL","G454","HHZ",53.199535,6.764478,2,200,"23/10/2014 00:00","31/12/2599 23:59",247034.6653,580089.6325,2014-10-23,2599-12-31
"733",1315,"NL","G464","HHZ",53.19783,6.849796,2,200,"31/10/2014 00:00","31/12/2599 23:59",252739.2649,580012.2974,2014-10-31,2599-12-31
"740",1330,"NL","G474","HHZ",53.19635,6.941322,2,200,"28/03/2016 00:00","31/12/2599 23:59",258858.5021,579975.6901,2016-03-28,2599-12-31
"747",1345,"NL","G484","HHZ",53.19726,7.028954,2,200,"21/06/2016 00:00","31/12/2599 23:59",264711.7735,580206.8541,2016-06-21,2599-12-31
"754",1360,"NL","G494","HHZ",53.17647,6.730598,2,200,"23/10/2014 00:00","31/12/2599 23:59",244818.7241,577480.3161,2014-10-23,2599-12-31
"761",1375,"NL","G504","HHZ",53.174526,6.809343,2,200,"28/08/2015 00:00","31/12/2599 23:59",250087.3922,577365.0517,2015-08-28,2599-12-31
"768",1390,"NL","G514","HHZ",53.1732,6.88481,2,200,"11/02/2015 00:00","31/12/2599 23:59",255135.8618,577319.7528,2015-02-11,2599-12-31
"775",1405,"NL","G524","HHZ",53.16989,6.983663,2,200,"12/02/2015 00:00","31/12/2599 23:59",261752.9986,577093.3829,2015-02-12,2599-12-31
"782",1420,"NL","G534","HHZ",53.167362,7.08012,2,200,"29/10/2015 00:00","31/12/2599 23:59",268208.751,576959.3408,2015-10-29,2599-12-31
"789",1435,"NL","G544","HHZ",53.124283,6.757957,2,200,"15/09/2015 00:00","31/12/2599 23:59",246758.2624,571707.7562,2015-09-15,2599-12-31
"796",1450,"NL","G554","HHZ",53.143345,6.846056,2,200,"12/02/2015 00:00","31/12/2599 23:59",252612.1318,573944.5712,2015-02-12,2599-12-31
"803",1465,"NL","G564","HHZ",53.14844,6.930871,2,200,"12/02/2015 00:00","31/12/2599 23:59",258274.3922,574629.7178,2015-02-12,2599-12-31
"961",1792,"NL","G83B","LCE",53.14844,6.930871,-1.1,100,"14/08/2018 00:00","31/12/2599 23:59",258274.3922,574629.7178,2018-08-14,2599-12-31
"810",1480,"NL","G574","HHZ",53.13513,7.022222,2,200,"12/02/2015 00:00","31/12/2599 23:59",264418.853,573283.5557,2015-02-12,2599-12-31
"817",1495,"NL","G584","HHZ",53.110264,6.907052,2,200,"30/06/2015 00:00","31/12/2599 23:59",256770.6126,570348.029,2015-06-30,2599-12-31
"824",1510,"NL","G594","HHZ",53.116028,6.987698,2,200,"04/12/2015 00:00","31/12/2599 23:59",262155.9084,571106.2632,2015-12-04,2599-12-31
"831",1525,"NL","G604","HHZ",53.297935,7.075193,2,200,"28/08/2015 00:00","31/12/2599 23:59",267538.7323,591480.3133,2015-08-28,2599-12-31
"838",1540,"NL","G614","HHZ",53.381855,6.681333,2,200,"27/11/2015 00:00","31/12/2599 23:59",241114.2716,600275.16,2015-11-27,2599-12-31
"845",1555,"NL","G624","HHZ",53.38698,6.841949,2,200,"08/09/2015 00:00","31/12/2599 23:59",251789.5467,601049.6507,2015-09-08,2599-12-31
"852",1570,"NL","G634","HHZ",53.33143,6.910878,2,200,"15/09/2015 00:00","31/12/2599 23:59",256506.0921,594963.1148,2015-09-15,2599-12-31
"859",1585,"NL","G644","HHZ",53.220726,7.038012,2,200,"15/09/2015 00:00","31/12/2599 23:59",265257.161,582831.7239,2015-09-15,2599-12-31
"965",1816,"NL","G84B","LCE",53.220726,7.038012,0,100,"14/08/2018 00:00","31/12/2599 23:59",265257.161,582831.7239,2018-08-14,2599-12-31
"866",1600,"NL","G654","HHZ",53.169216,6.95428,2,200,"30/11/2015 00:00","31/12/2599 23:59",259790.047,576975.2505,2015-11-30,2599-12-31
"873",1615,"NL","G664","HHZ",53.179398,6.585236,2,200,"27/11/2015 00:00","31/12/2599 23:59",235095.1159,577634.714,2015-11-27,2599-12-31
"880",1630,"NL","G674","HHZ",53.32134,6.822783,2,200,"29/10/2015 00:00","31/12/2599 23:59",250660.2176,593719.6573,2015-10-29,2599-12-31
"887",1645,"NL","G684","HHZ",53.235077,6.63466,2,200,"16/09/2015 00:00","31/12/2599 23:59",238291.8534,583886.6282,2015-09-16,2599-12-31
"894",1660,"NL","G694","HHZ",53.212837,6.643776,2,200,"22/10/2015 00:00","31/12/2599 23:59",238943.6634,581422.3842,2015-10-22,2599-12-31
"901",1675,"NL","G704","HHZ",53.240704,6.537895,2,200,"28/04/2016 00:00","31/12/2599 23:59",231821.2967,584405.227,2016-04-28,2599-12-31
"902",1680,"NL","G710","HGE",53.148299,6.650657,2,0,"04/12/2017 00:00","29/01/2018 13:10",239529.2655,574248.8659,2017-12-04,2018-01-29
"903",1684,"NL","G710","LCE",53.148299,6.650657,2,0,"29/01/2018 13:10","31/12/2599 23:59",239529.2655,574248.8659,2018-01-29,2599-12-31
"908",1691,"NL","G720","HGE",53.246248,6.479189,2,0,"04/06/2018 00:00","10/09/2018 12:27",227892.8751,584961.144,2018-06-04,2018-09-10
"911",1689,"NL","G720","HG1",53.246248,6.479189,2,0,"10/09/2018 12:27","31/12/2599 23:59",227892.8751,584961.144,2018-09-10,2599-12-31
"913",1696,"NL","G730","HGE",53.271889,6.430106,2,0,"04/12/2017 00:00","29/01/2018 13:10",224575.2796,587765.9871,2017-12-04,2018-01-29
"916",1694,"NL","G730","HG1",53.271889,6.430106,2,0,"29/01/2018 13:10","31/12/2599 23:59",224575.2796,587765.9871,2018-01-29,2599-12-31
"918",1701,"NL","G740","HGE",53.304267,6.389409,2,0,"04/12/2017 00:00","29/01/2018 13:10",221810.2067,591330.6084,2017-12-04,2018-01-29
"921",1699,"NL","G740","HG1",53.304267,6.389409,2,0,"29/01/2018 13:10","31/12/2599 23:59",221810.2067,591330.6084,2018-01-29,2599-12-31
"923",1706,"NL","G750","HGE",53.307755,6.487526,2,0,"04/12/2017 00:00","29/01/2018 13:10",228344.7471,591814.2939,2017-12-04,2018-01-29
"926",1704,"NL","G750","HG1",53.307755,6.487526,2,0,"29/01/2018 13:10","31/12/2599 23:59",228344.7471,591814.2939,2018-01-29,2599-12-31
"928",1711,"NL","G760","HGE",53.350715,6.390067,2,0,"04/12/2017 00:00","29/01/2018 13:10",221782.0376,596500.2496,2017-12-04,2018-01-29
"931",1709,"NL","G760","HG1",53.350715,6.390067,2,0,"29/01/2018 13:10","31/12/2599 23:59",221782.0376,596500.2496,2018-01-29,2599-12-31
"933",1716,"NL","G770","HGE",53.340286,6.330437,2,0,"04/12/2017 00:00","29/01/2018 13:10",217826.5577,595285.9315,2017-12-04,2018-01-29
"936",1714,"NL","G770","HG1",53.340286,6.330437,2,0,"29/01/2018 13:10","31/12/2599 23:59",217826.5577,595285.9315,2018-01-29,2599-12-31
"938",1721,"NL","G780","HGE",53.364822,6.489397,2,0,"04/12/2017 00:00","29/01/2018 13:10",228372.187,598166.9107,2017-12-04,2018-01-29
"941",1719,"NL","G780","HG1",53.364822,6.489397,2,0,"29/01/2018 13:10","31/12/2599 23:59",228372.187,598166.9107,2018-01-29,2599-12-31
"943",1726,"NL","G790","HGE",53.383557,6.331927,2,0,"04/12/2017 00:00","29/01/2018 13:10",217862.5691,600102.8017,2017-12-04,2018-01-29
"946",1724,"NL","G790","HG1",53.383557,6.331927,2,0,"29/01/2018 13:10","31/12/2599 23:59",217862.5691,600102.8017,2018-01-29,2599-12-31
"948",1731,"NL","G800","HGE",53.415374,6.487625,2,0,"04/12/2017 00:00","29/01/2018 13:10",228168.1729,603790.8986,2017-12-04,2018-01-29
"951",1729,"NL","G800","HG1",53.415374,6.487625,2,0,"29/01/2018 13:10","31/12/2599 23:59",228168.1729,603790.8986,2018-01-29,2599-12-31
"969",1832,"NL","GARST","HGZ",53.3677,6.7135,0,1,"15/09/2009 00:00","17/09/2014 00:00",243283.6131,598738.9378,2009-09-15,2014-09-17
"978",1847,"NL","GK014","HHZ",53.290633,6.247106,1,200,"11/01/2019 00:00","31/12/2599 23:59",212342.2679,589690.6115,2019-01-11,2599-12-31
"985",1862,"NL","GK024","HHZ",53.300992,6.292682,1,200,"26/11/2018 00:00","31/12/2599 23:59",215366.8885,590880.6963,2018-11-26,2599-12-31
"992",1877,"NL","GK034","HHZ",53.282677,6.305645,1,200,"07/06/2018 00:00","31/12/2599 23:59",216257.089,588853.4375,2018-06-07,2599-12-31
"999",1892,"NL","GK044","HHZ",53.246199,6.326054,-1,200,"11/01/2019 00:00","31/12/2599 23:59",217671.1919,584811.5442,2019-01-11,2599-12-31
"1000",1895,"NL","GRP","HGZ",53.178809,5.977915,0.3,0,"26/06/2020 00:00","31/12/2599 23:59",194493.7219,577065.0774,2020-06-26,2599-12-31
"1003",1898,"NL","GTB","HGZ",52.692418,5.211939,-2.1,0,"12/05/2023 00:00","31/12/2599 23:59",143150.4501,522791.6511,2023-05-12,2599-12-31
"1006",1899,"NL","GUR1","BHE",51.1687,5.7846,30,0,"27/01/2006 00:00","31/12/2599 23:59",182794.761,353326.9523,2006-01-27,2599-12-31
"1270",2382,"NL","NEER","HGE",51.1687,5.7846,30,0,"22/12/2022 00:00","31/12/2599 23:59",182794.761,353326.9523,2022-12-22,2599-12-31
"1016",36,"NL","HGN","LHE",50.764,5.9317,135,4,"29/10/2014 00:00","31/12/2599 23:59",193418.3014,308371.3776,2014-10-29,2599-12-31
"1010",2,"NL","HGN","BHE",50.764,5.9317,135,4,"03/11/1993 00:00","24/10/2003 00:00",193418.3014,308371.3776,1993-11-03,2003-10-24
"1012",18,"NL","HGN","BHE",50.764,5.9317,135,4,"04/02/2003 00:00","24/10/2003 23:59",193418.3014,308371.3776,2003-02-04,2003-10-24
"1013",21,"NL","HGN","BHE",50.764,5.9317,135,4,"24/10/2003 00:00","27/04/2009 23:59",193418.3014,308371.3776,2003-10-24,2009-04-27
"1014",28,"NL","HGN","BHE",50.764,5.9317,135,4,"27/04/2009 00:00","31/12/2599 23:59",193418.3014,308371.3776,2009-04-27,2599-12-31
"1015",31,"NL","HGN","HHE",50.764,5.9317,135,4,"23/10/2009 00:00","31/12/2599 23:59",193418.3014,308371.3776,2009-10-23,2599-12-31
"1019",1902,"NL","HGN","BHE",50.764,5.9317,135,4,"06/06/2001 00:00","24/10/2003 00:00",193418.3014,308371.3776,2001-06-06,2003-10-24
"1039",1931,"NL","HKS","HGZ",53.292,6.785,0,1,"26/04/2005 00:00","17/09/2014 00:00",248206.1645,590405.1933,2005-04-26,2014-09-17
"1043",1935,"NL","HLA","EPE",53.151108,7.001389,0,70,"10/10/2020 00:00","31/12/2599 23:59",262984.999,575029.9566,2020-10-10,2599-12-31
"1049",1941,"NL","HLB","EPE",53.14647,7.003581,0,60,"01/09/2018 00:00","31/12/2599 23:59",263143.1988,574517.1847,2018-09-01,2599-12-31
"1055",1947,"NL","HLG","EPE",53.149107,7.0071,-1,58,"01/09/2018 00:00","31/12/2599 23:59",263372.012,574815.884,2018-09-01,2599-12-31
"1061",1953,"NL","HLH","EPE",53.140398,7.00655,0,60,"01/09/2018 00:00","31/12/2599 23:59",263357,573846.0292,2018-09-01,2599-12-31
"1070",1962,"NL","HLI","EPE",53.138535,7.014764,0,70,"10/10/2020 00:00","31/12/2599 23:59",263911.2494,573651.1214,2020-10-10,2599-12-31
"1076",1968,"NL","HLK","EPE",53.144981,7.009606,0,60,"01/09/2018 00:00","31/12/2599 23:59",263549.9829,574360.5666,2018-09-01,2599-12-31
"1081",1973,"NL","HOEV","HGZ",52.90249,6.105469,2.5,0,"17/09/2020 00:00","31/12/2599 23:59",203327.8939,546393.8253,2020-09-17,2599-12-31
"1084",1976,"NL","HRDB","HGZ",52.577012,6.625918,8.8,0,"14/04/2020 00:00","31/12/2599 23:59",238964.9573,510654.9538,2020-04-14,2599-12-31
"1087",1977,"NL","HRKB","BHE",51.1879,6.1678,0,0,"08/06/2018 00:00","31/12/2599 23:59",209572.9857,355679.0456,2018-06-08,2599-12-31
"1090",1980,"NL","HWF0","HHE",53.071,6.3512,7,0,"29/03/1998 00:00","24/11/2010 00:00",219610.5621,565337.4459,1998-03-29,2010-11-24
"1120",2010,"NL","HWF4","HHE",53.071,6.3512,7,200,"02/06/1995 00:00","24/11/2010 00:00",219610.5621,565337.4459,1995-06-02,2010-11-24
"1121",2013,"NL","HWF4","HHE",53.071,6.3512,7,200,"24/11/2010 00:00","13/06/2016 11:00",219610.5621,565337.4459,2010-11-24,2016-06-13
"1122",2016,"NL","HWF4","HHE",53.071,6.3512,7,200,"13/06/2016 11:00","31/12/2599 23:59",219610.5621,565337.4459,2016-06-13,2599-12-31
"1129",2042,"NL","J01","HHE",52.76501,5.05455,-4.9,0,"01/06/2014 00:00","31/12/2599 23:59",132546.7769,530906.5484,2014-06-01,2599-12-31
"1132",2045,"NL","J02","HHE",52.725492,5.194842,-4.9,0,"01/09/2018 00:00","31/12/2599 23:59",142004.3307,526474.8353,2018-09-01,2599-12-31
"1135",2050,"NL","KANT","HGZ",53.3772,6.6621,0,1,"03/04/2007 00:00","01/07/2014 00:00",239843.7363,599734.2844,2007-04-03,2014-07-01
"1138",2053,"NL","KLWL","HGZ",51.775453,4.440561,0.2,0,"15/10/2020 00:00","31/12/2599 23:59",89668.17771,421178.472,2020-10-15,2599-12-31
"1141",2056,"NL","KMP","HGZ",53.320564,6.19197,0.1,0,"01/10/2021 00:00","31/12/2599 23:59",208628.395,592979.0686,2021-10-01,2599-12-31
"1144",2059,"NL","L1061","HHZ",52.87542,6.98441,9.69,60,"06/07/2018 00:00","31/12/2599 23:59",262528.6487,544330.6228,2018-07-06,2599-12-31
"1145",2062,"NL","L1062","HHZ",52.87386,6.98293,9.79,60,"06/07/2018 00:00","31/12/2599 23:59",262432.859,544154.8551,2018-07-06,2599-12-31
"1146",2065,"NL","L1063","HHZ",52.87386,6.9859,9.89,60,"06/07/2018 00:00","31/12/2599 23:59",262632.7926,544159.2791,2018-07-06,2599-12-31
"1150",2077,"NL","L1067","HHZ",52.87438,6.98441,9.84,120,"06/07/2018 00:00","31/12/2599 23:59",262531.209,544214.9133,2018-07-06,2599-12-31
"1151",2081,"NL","L1071","HHZ",52.9213,7.09626,8.9,60,"02/03/2018 00:00","31/12/2599 23:59",269936.8929,549607.5325,2018-03-02,2599-12-31
"1152",2084,"NL","L1072","HHZ",52.92051,7.09358,8.06,60,"02/03/2018 00:00","31/12/2599 23:59",269758.7603,549515.3739,2018-03-02,2599-12-31
"1153",2087,"NL","L1073","HHZ",52.9195,7.09605,8.94,60,"02/03/2018 00:00","31/12/2599 23:59",269927.5145,549406.9341,2018-03-02,2599-12-31
"1157",2099,"NL","L1077","HHZ",52.92044,7.0953,8.77,120,"02/03/2018 00:00","31/12/2599 23:59",269874.6046,549510.3223,2018-03-02,2599-12-31
"1158",2107,"NL","L2061","HHZ",52.80937,6.8247,17.64,60,"02/03/2018 10:47","15/02/2019 12:00",251923.8562,536755.783,2018-03-02,2019-02-15
"1159",2108,"NL","L2061","HHZ",52.80937,6.8247,17.64,60,"15/02/2019 12:00","03/02/2020 12:05",251923.8562,536755.783,2019-02-15,2020-02-03
"1160",2109,"NL","L2061","HHZ",52.80937,6.8247,17.64,60,"03/02/2020 12:05","31/12/2599 23:59",251923.8562,536755.783,2020-02-03,2599-12-31
"1161",2116,"NL","L2062","HHZ",52.81106,6.82368,17.44,60,"02/03/2018 10:47","15/02/2019 12:00",251851.3483,536942.4455,2018-03-02,2019-02-15
"1162",2117,"NL","L2062","HHZ",52.81106,6.82368,17.44,60,"15/02/2019 12:00","03/02/2020 12:05",251851.3483,536942.4455,2019-02-15,2020-02-03
"1163",2118,"NL","L2062","HHZ",52.81106,6.82368,17.44,60,"03/02/2020 12:05","31/12/2599 23:59",251851.3483,536942.4455,2020-02-03,2599-12-31
"1164",2125,"NL","L2063","HHZ",52.80968,6.82178,17.68,60,"02/03/2018 10:47","15/02/2019 12:00",251726.3067,536786.3592,2018-03-02,2019-02-15
"1165",2126,"NL","L2063","HHZ",52.80968,6.82178,17.68,60,"15/02/2019 12:00","03/02/2020 12:05",251726.3067,536786.3592,2019-02-15,2020-02-03
"1166",2127,"NL","L2063","HHZ",52.80968,6.82178,17.68,60,"03/02/2020 12:05","31/12/2599 23:59",251726.3067,536786.3592,2020-02-03,2599-12-31
"1176",2161,"NL","L2067","HHZ",52.81004,6.82339,17.25,120,"02/03/2018 10:47","15/02/2019 12:00",251834.0544,536828.5706,2018-03-02,2019-02-15
"1177",2162,"NL","L2067","HHZ",52.81004,6.82339,17.25,120,"15/02/2019 12:00","03/02/2020 12:05",251834.0544,536828.5706,2019-02-15,2020-02-03
"1178",2163,"NL","L2067","HHZ",52.81004,6.82339,17.25,120,"03/02/2020 12:05","31/12/2599 23:59",251834.0544,536828.5706,2020-02-03,2599-12-31
"1179",2166,"NL","L2071","HHZ",52.75723,6.97533,22.27,60,"06/06/2018 00:00","31/12/2599 23:59",262206.6222,531167.602,2018-06-06,2599-12-31
"1180",2169,"NL","L2072","HHZ",52.75726,6.97237,22.01,60,"06/06/2018 00:00","31/12/2599 23:59",262006.7562,531166.5515,2018-06-06,2599-12-31
"1181",2172,"NL","L2073","HHZ",52.75568,6.97381,21.23,60,"06/06/2018 00:00","31/12/2599 23:59",262107.8134,530992.901,2018-06-06,2599-12-31
"1185",2184,"NL","L2077","HHZ",52.75672,6.97384,21.97,120,"06/06/2018 00:00","31/12/2599 23:59",262107.2971,531108.6516,2018-06-06,2599-12-31
"1186",2192,"NL","L2081","HHZ",52.67004,6.92,13.26,60,"02/03/2018 00:00","15/02/2019 14:00",258677.7253,521386.5237,2018-03-02,2019-02-15
"1187",2193,"NL","L2081","HHZ",52.67004,6.92,13.26,60,"15/02/2019 14:00","03/02/2020 12:06",258677.7253,521386.5237,2019-02-15,2020-02-03
"1188",2194,"NL","L2081","HHZ",52.67004,6.92,13.26,60,"03/02/2020 12:06","31/12/2599 23:59",258677.7253,521386.5237,2020-02-03,2599-12-31
"1189",2201,"NL","L2082","HHZ",52.66842,6.91869,13.09,60,"02/03/2018 00:00","15/02/2019 14:00",258592.9453,521204.413,2018-03-02,2019-02-15
"1190",2202,"NL","L2082","HHZ",52.66842,6.91869,13.09,60,"15/02/2019 14:00","03/02/2020 12:06",258592.9453,521204.413,2019-02-15,2020-02-03
"1191",2203,"NL","L2082","HHZ",52.66842,6.91869,13.09,60,"03/02/2020 12:06","31/12/2599 23:59",258592.9453,521204.413,2020-02-03,2599-12-31
"1192",2210,"NL","L2083","HHZ",52.66992,6.91705,12.66,60,"02/03/2018 00:00","15/02/2019 14:00",258478.4918,521368.9463,2018-03-02,2019-02-15
"1193",2211,"NL","L2083","HHZ",52.66992,6.91705,12.66,60,"15/02/2019 14:00","03/02/2020 12:06",258478.4918,521368.9463,2019-02-15,2020-02-03
"1194",2212,"NL","L2083","HHZ",52.66992,6.91705,12.66,60,"03/02/2020 12:06","31/12/2599 23:59",258478.4918,521368.9463,2020-02-03,2599-12-31
"1204",2246,"NL","L2087","HHZ",52.66946,6.91858,13,120,"02/03/2018 00:00","15/02/2019 14:00",258583.0541,521319.9603,2018-03-02,2019-02-15
"1205",2247,"NL","L2087","HHZ",52.66946,6.91858,13,120,"15/02/2019 14:00","03/02/2020 12:06",258583.0541,521319.9603,2019-02-15,2020-02-03
"1206",2248,"NL","L2087","HHZ",52.66946,6.91858,13,120,"03/02/2020 12:06","31/12/2599 23:59",258583.0541,521319.9603,2020-02-03,2599-12-31
"1207",2253,"NL","L4111","HHZ",53.03103,6.62996,5.36,60,"02/03/2018 00:00","31/12/2599 23:59",238369.64,561175.8331,2018-03-02,2599-12-31
"1208",2256,"NL","L4112","HHZ",53.03149,6.63284,5.57,60,"02/03/2018 00:00","31/12/2599 23:59",238561.946,561230.3515,2018-03-02,2599-12-31
"1209",2259,"NL","L4113","HHZ",53.03276,6.63074,5.46,60,"02/03/2018 00:00","31/12/2599 23:59",238418.6426,561369.2352,2018-03-02,2599-12-31
"1213",2271,"NL","L4117","HHZ",53.03176,6.63118,5.62,120,"02/03/2018 00:00","31/12/2599 23:59",238450.0762,561258.4726,2018-03-02,2599-12-31
"1214",2275,"NL","L5081","HHZ",53.24128,6.95386,-2.2,60,"06/07/2018 00:00","31/12/2599 23:59",259587.5395,584993.26,2018-07-06,2599-12-31
"1215",2278,"NL","L5082","HHZ",53.23972,6.95535,-2.2,60,"06/07/2018 00:00","31/12/2599 23:59",259690.779,584821.8407,2018-07-06,2599-12-31
"1216",2281,"NL","L5083","HHZ",53.2397,6.95235,-2.2,60,"06/07/2018 00:00","31/12/2599 23:59",259490.5668,584815.2581,2018-07-06,2599-12-31
"1220",2293,"NL","L5087","HHZ",53.24024,6.95385,-2.2,120,"06/07/2018 00:00","31/12/2599 23:59",259589.3898,584877.5225,2018-07-06,2599-12-31
"1221",2297,"NL","LUTT","HGZ",52.613299,6.571541,8.6,0,"14/04/2020 00:00","31/12/2599 23:59",235213.1874,514630.5054,2020-04-14,2599-12-31
"1224",2302,"NL","MAME","BHE",50.8012,5.9729,154,0,"16/04/2015 00:00","31/12/2599 23:59",196292.0957,312532.2261,2015-04-16,2599-12-31
"1228",2318,"NL","MAR","HGZ",53.153977,6.263075,1.8,0,"24/04/2020 00:00","31/12/2599 23:59",213592.0797,574495.7861,2020-04-24,2599-12-31
"1231",2321,"NL","MDMR","HGZ",52.804921,5.04407,-4.4,0,"21/03/2023 00:00","31/12/2599 23:59",131860.4963,535350.9402,2023-03-21,2599-12-31
"1234",2324,"NL","MID1","HGZ",53.3473,6.6423,0,1,"20/12/1996 00:00","11/09/2013 00:00",238584.1909,596383.7431,1996-12-20,2013-09-11
"1237",2327,"NL","MID2","HGZ",53.3434,6.6418,0,1,"20/12/1996 00:00","10/02/1998 00:00",238558.4623,595949.1597,1996-12-20,1998-02-10
"1240",2330,"NL","MID3","HGZ",53.3533,6.6472,0,1,"10/02/1998 00:00","17/03/2003 00:00",238898.7959,597057.1426,1998-02-10,2003-03-17
"1241",2333,"NL","MID3","HGZ",53.3533,6.6472,0,1,"17/03/2003 00:00","10/09/2013 00:00",238898.7959,597057.1426,2003-03-17,2013-09-10
"1252",2348,"NL","N014","HHZ",53.11851,6.473259,2,200,"14/04/2016 00:00","31/12/2599 23:59",227711.359,570740.5121,2016-04-14,2599-12-31
"1259",2363,"NL","N024","HHZ",53.071995,6.452966,2,200,"04/02/2016 00:00","31/12/2599 23:59",226429.3435,565544.1826,2016-02-04,2599-12-31
"1266",2378,"NL","N034","HHZ",53.11103,6.404509,2,200,"04/02/2016 00:00","31/12/2599 23:59",223120.5078,569840.9839,2016-02-04,2599-12-31
"1267",2381,"NL","NBMS","HGZ",52.593482,4.911113,-2.8,0,"30/05/2022 00:00","31/12/2599 23:59",122739.6706,511874.6317,2022-05-30,2599-12-31
"1273",2387,"NL","NGA","HGZ",53.136422,6.02567,0.4,0,"10/11/2020 00:00","31/12/2599 23:59",197728.2867,572375.2949,2020-11-10,2599-12-31
"1282",2402,"NL","NH014","HHZ",52.565738,4.996517,-2,200,"16/12/2019 00:00","31/12/2599 23:59",128509.9966,508752.934,2019-12-16,2599-12-31
"1301",2421,"NL","NIW4","HHE",53.3548,6.043,-1,120,"20/05/2009 00:00","15/02/2018 00:00",198666.703,596688.5006,2009-05-20,2018-02-15
"1302",2424,"NL","NIW4","HHE",53.3548,6.043,-1,120,"15/02/2018 00:00","31/12/2599 23:59",198666.703,596688.5006,2018-02-15,2599-12-31
"1307",2429,"NL","NLDW","HGZ",52.004992,4.195652,0.7,0,"06/04/2021 00:00","31/12/2599 23:59",73185.47024,446962.0522,2021-04-06,2599-12-31
"1310",2432,"NL","ODBK","HGZ",52.940526,6.133932,2.9,0,"17/09/2020 00:00","31/12/2599 23:59",205199.1655,550645.7404,2020-09-17,2599-12-31
"1313",2435,"NL","ODHP","HGZ",52.885203,6.024896,0.5,0,"17/09/2020 00:00","31/12/2599 23:59",197923.6879,544419.2716,2020-09-17,2599-12-31
"1316",2438,"NL","OLK","HGZ",52.629328,4.849538,-3.1,0,"17/05/2022 00:00","31/12/2599 23:59",118596.997,515892.3912,2022-05-17,2599-12-31
"1319",2441,"NL","OOTH","HGZ",52.729491,6.753439,13,0,"03/12/2021 00:00","31/12/2599 23:59",247287.5498,527775.0908,2021-12-03,2599-12-31
"1322",2442,"NL","OPLO","BHE",51.5888,5.8121,0,0,"03/09/1998 00:00","28/10/2009 00:00",184445.7748,400073.7043,1998-09-03,2009-10-28
"1323",2449,"NL","OPLO","BHE",51.5888,5.8121,0,0,"29/10/2009 00:00","31/12/2599 23:59",184445.7748,400073.7043,2009-10-29,2599-12-31
"1329",2465,"NL","OSTM","HGZ",53.187457,6.085701,3.5,0,"26/06/2020 00:00","31/12/2599 23:59",201690.6333,578091.955,2020-06-26,2599-12-31
"1359",2493,"NL","OTL4","HHE",52.6289,4.8227,-4,200,"21/04/1995 00:00","11/10/2010 00:00",116779.5719,515858.6099,1995-04-21,2010-10-11
"1360",2496,"NL","OTL4","HHE",52.6289,4.8227,-4,200,"11/10/2010 00:00","02/07/2019 10:15",116779.5719,515858.6099,2010-10-11,2019-07-02
"1361",2499,"NL","OTL4","HHE",52.6289,4.8227,-4,200,"02/07/2019 10:15","31/12/2599 23:59",116779.5719,515858.6099,2019-07-02,2599-12-31
"1368",2505,"NL","PET","HGZ",52.770593,4.659526,6,0,"24/07/2019 00:00","31/12/2599 23:59",105890.6122,531723.3483,2019-07-24,2599-12-31
"1371",2508,"NL","PMR","HGZ",52.511587,5.010631,-3.1,0,"25/03/2022 00:00","31/12/2599 23:59",129435.6286,502722.5996,2022-03-25,2599-12-31
"1374",2509,"NL","PPB0","HHE",52.6526,4.67,1,0,"15/05/1998 00:00","16/10/2010 00:00",106467.2169,518587.2428,1998-05-15,2010-10-16
"1405",2540,"NL","PPB4","HHE",52.6526,4.67,1,240,"09/07/1995 00:00","16/10/2010 00:00",106467.2169,518587.2428,1995-07-09,2010-10-16
"1406",2543,"NL","PPB4","HHE",52.6526,4.67,1,240,"16/10/2010 00:00","02/07/2019 07:05",106467.2169,518587.2428,2010-10-16,2019-07-02
"1407",2546,"NL","PPB4","HHE",52.6526,4.67,1,240,"02/07/2019 07:05","31/12/2599 23:59",106467.2169,518587.2428,2019-07-02,2599-12-31
"1393",2524,"NL","PPB2","HHZ",52.6526,4.67,1,90,"01/05/1998 00:00","16/10/2010 00:00",106467.2169,518587.2428,1998-05-01,2010-10-16
"1418",2566,"NL","ROS1","HGZ",52.8425,7.0327,0,1,"13/06/1996 00:00","10/01/1997 00:00",265862.7741,540741.0438,1996-06-13,1997-01-10
"1419",2569,"NL","ROS1","HGZ",52.8425,7.0327,0,1,"10/01/1997 00:00","01/01/2020 00:00",265862.7741,540741.0438,1997-01-10,2020-01-01
"1424",2572,"NL","ROS2","HGZ",52.8206,7.0465,0,1,"20/02/1997 00:00","27/08/2014 00:00",266848.4082,538325.808,1997-02-20,2014-08-27
"1427",2575,"NL","ROS3","HGZ",52.8365,7.0679,0,1,"20/02/1997 00:00","03/11/2000 00:00",268249.5639,540128.1309,1997-02-20,2000-11-03
"1430",2578,"NL","ROS4","HGZ",52.8365,7.0679,0,1,"17/12/1998 00:00","01/01/2010 00:00",268249.5639,540128.1309,1998-12-17,2010-01-01
"1433",2581,"NL","ROS5","HGZ",52.8336,7.0479,0,1,"04/01/2000 00:00","18/02/2003 00:00",266909.5012,539774.3068,2000-01-04,2003-02-18
"1434",2584,"NL","ROS5","HGZ",52.8336,7.0479,0,1,"18/02/2003 00:00","22/03/2006 00:00",266909.5012,539774.3068,2003-02-18,2006-03-22
"1439",2587,"NL","ROS6","HGZ",52.8275,7.0283,0,1,"03/11/2000 00:00","01/01/2014 00:00",265604.2988,539065.4445,2000-11-03,2014-01-01
"1448",2602,"NL","SL014","HHZ",52.855091,4.868278,2,200,"12/05/2017 00:00","31/12/2599 23:59",120046.1135,541004.3117,2017-05-12,2599-12-31
"1449",2605,"NL","SNB","HGZ",52.68419,6.871926,13.7,0,"03/12/2021 00:00","31/12/2599 23:59",255394.0046,522892.9303,2021-12-03,2599-12-31
"1470",2624,"NL","SPY4","HHE",53.4098,6.7838,1,120,"08/07/2010 00:00","14/06/2016 11:00",247871.7148,603512.4347,2010-07-08,2016-06-14
"1471",2627,"NL","SPY4","HHE",53.4098,6.7838,1,120,"14/06/2016 11:00","31/12/2599 23:59",247871.7148,603512.4347,2016-06-14,2599-12-31
"1476",2632,"NL","SRHV","HGZ",53.183259,6.184924,0.8,0,"06/03/2020 00:00","31/12/2599 23:59",208328.1638,577693.6671,2020-03-06,2599-12-31
"1479",2635,"NL","STDM","HGZ",53.3123,6.6921,0,1,"15/09/2009 00:00","17/09/2014 00:00",241971.0456,592547.8938,2009-09-15,2014-09-17
"1482",2638,"NL","STR","HGZ",51.74369,4.557321,-0.5,0,"15/10/2020 00:00","31/12/2599 23:59",97685.73128,417546.4828,2020-10-15,2599-12-31
"1503",2657,"NL","SUH4","HHE",53.2113,6.211,0,120,"26/08/2009 00:00","13/06/2016 14:00",210035.6281,580833.8017,2009-08-26,2016-06-13
"1504",2660,"NL","SUH4","HHE",53.2113,6.211,0,120,"13/06/2016 14:00","31/12/2599 23:59",210035.6281,580833.8017,2016-06-13,2599-12-31
"1515",2679,"NL","T014","HHZ",52.464256,6.740072,17.9,200,"08/12/2015 00:00","08/05/2019 13:23",246936.7165,498248.9232,2015-12-08,2019-05-08
"1516",2680,"NL","T014","HHZ",52.464256,6.740072,17.9,200,"15/10/2021 09:20","31/12/2599 23:59",246936.7165,498248.9232,2021-10-15,2599-12-31
"1523",2695,"NL","T024","HHZ",52.463356,6.978702,2,200,"13/01/2016 00:00","31/12/2599 23:59",263153.7872,498478.5866,2016-01-13,2599-12-31
"1530",2710,"NL","T034","HHZ",52.42968,6.79178,2,200,"08/12/2015 00:00","31/12/2599 23:59",250524.9632,494469.2009,2015-12-08,2599-12-31
"1537",2725,"NL","T044","HHZ",52.437466,6.89045,2,200,"13/01/2016 00:00","31/12/2599 23:59",257216.8566,495470.1327,2016-01-13,2599-12-31
"1544",2740,"NL","T054","HHZ",52.380554,6.905661,2,200,"08/12/2015 00:00","31/12/2599 23:59",258383.8298,489160.3366,2015-12-08,2599-12-31
"1551",2755,"NL","T064","HHZ",52.343227,6.909716,2,200,"04/02/2016 00:00","31/12/2599 23:59",258747.1691,485013.5992,2016-02-04,2599-12-31
"1558",2770,"NL","T084","HHZ",52.38933,6.996486,2,200,"07/04/2016 00:00","31/12/2599 23:59",264545.246,490270.1443,2016-04-07,2599-12-31
"1559",2771,"NL","TERZ","BHE",50.756763,5.906114,150,0,"03/06/2019 00:00","31/12/2599 23:59",191618.7609,307553.1646,2019-06-03,2599-12-31
"1561",2787,"NL","TERZ","LCE",50.756763,5.906114,150,250,"19/06/2019 00:00","31/12/2599 23:59",191618.7609,307553.1646,2019-06-19,2599-12-31
"1569",2803,"NL","TWZL","HGZ",53.232544,6.092683,1.9,0,"26/06/2020 00:00","31/12/2599 23:59",202108.1835,583114.049,2020-06-26,2599-12-31
"1572",2806,"NL","UTRP","HGZ",53.096883,6.184182,3.7,0,"06/03/2020 00:00","31/12/2599 23:59",208384.8773,568080.9969,2020-03-06,2599-12-31
"1602",2834,"NL","VBG4","HHE",52.544,6.6693,11,192,"28/04/1995 00:00","01/09/2010 00:00",241970.4472,507033.3713,1995-04-28,2010-09-01
"1603",2837,"NL","VBG4","HHE",52.544,6.6693,11,192,"01/09/2010 00:00","16/06/2016 10:00",241970.4472,507033.3713,2010-09-01,2016-06-16
"1604",2840,"NL","VBG4","HHE",52.544,6.6693,11,192,"16/06/2016 10:00","31/12/2599 23:59",241970.4472,507033.3713,2016-06-16,2599-12-31
"1617",2858,"NL","VDM24","HHZ",53.084377,6.833631,1.7,200,"22/04/2022 00:00","31/12/2599 23:59",251912.5399,567366.4222,2022-04-22,2599-12-31
"1618",2859,"NL","VEN2","HHE",51.4283,6.0937,25,0,"08/05/2012 00:00","06/07/2017 00:00",204133.6658,382370.0141,2012-05-08,2017-07-06
"1624",2867,"NL","VHP","HGZ",53.095674,5.955347,-0.4,0,"10/11/2020 00:00","31/12/2599 23:59",193057.8358,567801.2966,2020-11-10,2599-12-31
"1627",2872,"NL","VKB","BHE",50.8669,5.7847,90,0,"01/06/2011 12:00","31/12/2599 23:59",182984.3563,319752.1699,2011-06-01,2599-12-31
"1637",2894,"NL","VLD","HGZ",52.866799,6.215673,7.6,0,"10/11/2020 00:00","31/12/2599 23:59",210788.276,542501.8195,2020-11-10,2599-12-31
"1640",2895,"NL","VLW0","HHE",52.9682,7.0972,7,0,"24/07/1998 00:00","29/10/2010 00:00",269876.4251,554827.0522,1998-07-24,2010-10-29
"1670",2925,"NL","VLW4","HHE",52.9682,7.0972,7,200,"23/05/1995 00:00","29/10/2010 00:00",269876.4251,554827.0522,1995-05-23,2010-10-29
"1671",2928,"NL","VLW4","HHE",52.9682,7.0972,7,200,"29/10/2010 00:00","15/06/2016 07:00",269876.4251,554827.0522,2010-10-29,2016-06-15
"1672",2931,"NL","VLW4","HHE",52.9682,7.0972,7,200,"15/06/2016 07:00","31/12/2599 23:59",269876.4251,554827.0522,2016-06-15,2599-12-31
"1686",2957,"NL","VNDM4","HHZ",53.115086,6.839044,1.5,200,"28/05/2019 00:00","31/12/2599 23:59",252206.3537,570790.6953,2019-05-28,2599-12-31
"1687",2960,"NL","VNWD","HGZ",53.236782,5.99843,1.4,0,"26/06/2020 00:00","31/12/2599 23:59",195810.5431,583528.1458,2020-06-26,2599-12-31
"1690",2963,"NL","VPR","HGZ",51.891502,4.371541,4,0,"15/10/2020 00:00","31/12/2599 23:59",85085.3271,434152.8851,2020-10-15,2599-12-31
"1693",2966,"NL","VRS","HGZ",53.036023,6.604592,7.6,0,"18/02/2019 00:00","31/12/2599 23:59",236658.5727,561702.3873,2019-02-18,2599-12-31
"1696",2967,"NL","WDB0","HHE",53.2083,6.7355,-2,0,"24/07/1998 00:00","29/04/2010 00:00",245080.1446,581028.328,1998-07-24,2010-04-29
"1726",2997,"NL","WDB4","HHE",53.2083,6.7355,-2,197,"12/04/1995 00:00","29/04/2010 00:00",245080.1446,581028.328,1995-04-12,2010-04-29
"1727",3000,"NL","WDB4","HHE",53.2083,6.7355,-2,197,"29/04/2010 00:00","14/06/2016 14:00",245080.1446,581028.328,2010-04-29,2016-06-14
"1728",3003,"NL","WDB4","HHE",53.2083,6.7355,-2,197,"14/06/2016 14:00","31/12/2599 23:59",245080.1446,581028.328,2016-06-14,2599-12-31
"1735",3009,"NL","WER","HGZ",52.732695,5.141116,-1.6,0,"23/05/2023 00:00","31/12/2599 23:59",138377.4549,527287.3395,2023-05-23,2599-12-31
"1738",3012,"NL","WIN","HGZ",53.3104,6.7471,0,1,"03/04/2007 00:00","17/09/2014 00:00",245640.4865,592404.3202,2007-04-03,2014-09-17
"1741",3013,"NL","WIT","BHE",52.8135,6.6695,17,0,"16/11/1993 00:00","24/10/2000 00:00",241452.0698,537018.2643,1993-11-16,2000-10-24
"1742",3014,"NL","WIT","BHE",52.8135,6.6695,17,0,"13/12/2000 00:00","28/11/2002 00:00",241452.0698,537018.2643,2000-12-13,2002-11-28
"1743",3015,"NL","WIT","BHE",52.8135,6.6695,17,0,"28/11/2002 00:00","01/12/2013 00:00",241452.0698,537018.2643,2002-11-28,2013-12-01
"1777",3049,"NL","WMH4","HHE",52.7096,4.7498,-1,200,"21/04/1995 00:00","11/10/2010 00:00",111923.0266,524879.0422,1995-04-21,2010-10-11
"1778",3052,"NL","WMH4","HHE",52.7096,4.7498,-1,200,"11/10/2010 00:00","02/07/2019 12:25",111923.0266,524879.0422,2010-10-11,2019-07-02
"1779",3055,"NL","WMH4","HHE",52.7096,4.7498,-1,200,"02/07/2019 12:25","31/12/2599 23:59",111923.0266,524879.0422,2019-07-02,2599-12-31
"1786",3061,"NL","WPS","HGZ",52.843782,6.24352,4,0,"15/03/2023 00:00","31/12/2599 23:59",212693.7874,539962.5487,2023-03-15,2599-12-31
"1789",3064,"NL","WSE","HGZ",53.3444,6.7099,0,1,"11/10/2006 00:00","24/04/2013 00:00",243091.6663,596141.6604,2006-10-11,2013-04-24
"1792",3067,"NL","WSVN","HGZ",52.820413,6.198276,2.6,0,"23/11/2020 00:00","31/12/2599 23:59",209674.7938,537327.0343,2020-11-23,2599-12-31
"1795",3068,"NL","WTSB","BHE",51.9663,6.7989,43,0,"21/02/2000 00:00","29/10/2003 00:00",252012.6944,442929.1601,2000-02-21,2003-10-29
"1796",3071,"NL","WTSB","BHE",51.9663,6.7989,43,0,"29/10/2003 00:00","13/06/2007 00:00",252012.6944,442929.1601,2003-10-29,2007-06-13
"1797",3074,"NL","WTSB","BHE",51.9663,6.7989,43,0,"03/07/2007 00:00","31/12/2599 23:59",252012.6944,442929.1601,2007-07-03,2599-12-31
"1814",3097,"NL","WYN4","HHE",53.1995,5.4578,0,120,"03/03/2010 00:00","31/12/2599 23:59",159717.4804,579208.1003,2010-03-03,2599-12-31
"1817",3102,"NL","ZAN1","HGZ",53.3657,6.7751,0,1,"29/06/1999 00:00","24/10/2013 00:00",247387.9104,598593.7141,1999-06-29,2013-10-24
"1820",3105,"NL","ZAN2","HGZ",53.3568,6.7547,0,1,"29/06/1999 00:00","03/07/2000 00:00",246048.8832,597577.3108,1999-06-29,2000-07-03
"1821",3108,"NL","ZAN2","HGZ",53.3568,6.7547,0,1,"03/07/2000 00:00","02/07/2002 00:00",246048.8832,597577.3108,2000-07-03,2002-07-02
"1822",3111,"NL","ZAN2","HGZ",53.3568,6.7547,0,1,"30/09/2003 00:00","23/09/2013 00:00",246048.8832,597577.3108,2003-09-30,2013-09-23
"1829",3114,"NL","ZDL","HGZ",53.079058,6.702562,3.6,0,"01/03/2021 00:00","31/12/2599 23:59",243142.2475,566606.3458,2021-03-01,2599-12-31
"1838",3129,"NL","ZH014","HHZ",51.913745,4.288099,-2,200,"14/12/2018 00:00","31/12/2599 23:59",79379.1752,436710.9061,2018-12-14,2599-12-31
"1845",3144,"NL","ZH024","HHZ",52.074445,4.488386,-3.5,200,"28/05/2020 00:00","31/12/2599 23:59",93380.03876,454399.6468,2020-05-28,2599-12-31
"1852",3159,"NL","ZH034","HHZ",51.978334,4.400113,-3,200,"06/04/2020 00:00","31/12/2599 23:59",87183.25327,443785.8058,2020-04-06,2599-12-31
"1859",3174,"NL","ZH044","HHZ",51.841711,4.362561,5.8,200,"05/01/2021 00:00","31/12/2599 23:59",84389.13742,428622.4148,2021-01-05,2599-12-31
"1863",3186,"NL","ZH054","HHZ",51.842962,4.552365,-0.4,200,"03/02/2023 00:00","31/12/2599 23:59",97470.20833,428594.3606,2023-02-03,2599-12-31
"1870",3201,"NL","ZH064","HHZ",51.978115,4.220353,0.6,200,"06/04/2020 00:00","31/12/2599 23:59",74833.36259,443944.5194,2020-04-06,2599-12-31
"1877",3216,"NL","ZH074","HHZ",52.103651,4.294567,1.4,200,"22/04/2022 00:00","31/12/2599 23:59",80141.98574,457831.0544,2022-04-22,2599-12-31
"1884",3231,"NL","ZH084","HHZ",52.02549,4.37935,-2.7,200,"15/05/2023 00:00","31/12/2599 23:59",85829.61155,449051.5051,2023-05-15,2599-12-31
"1885",3234,"NL","ZH085","HHZ",52.02591,4.38044,-2.7,50,"15/05/2023 00:00","31/12/2599 23:59",85905.06419,449097.1929,2023-05-15,2599-12-31
"1886",3237,"NL","ZH086","HHZ",52.02474,4.38011,-3.1,50,"15/05/2023 00:00","31/12/2599 23:59",85880.61208,448967.3437,2023-05-15,2599-12-31
"1888",3243,"NL","ZH088","HHZ",52.02556,4.37942,-2.7,490,"15/05/2023 00:00","31/12/2599 23:59",85834.5236,449059.226,2023-05-15,2599-12-31
"1970",3326,"NL","ZLV4","HHE",53.0921,6.7533,2,200,"12/04/1995 00:00","18/05/2010 00:00",246514.4271,568120.7746,1995-04-12,2010-05-18
"1926",3283,"NL","ZL24","HHE",53.0921,6.7533,2,175,"10/04/2009 00:00","14/08/2014 00:00",246514.4271,568120.7746,2009-04-10,2014-08-14
"1927",3286,"NL","ZL24","HHE",53.0921,6.7533,2,175,"14/08/2014 00:00","23/09/2014 00:00",246514.4271,568120.7746,2014-08-14,2014-09-23
"1928",3289,"NL","ZL24","HHE",53.0921,6.7533,2,175,"23/09/2014 00:00","23/03/2018 00:00",246514.4271,568120.7746,2014-09-23,2018-03-23
"1971",3329,"NL","ZLV4","HHE",53.0921,6.7533,2,200,"18/05/2010 00:00","15/06/2016 11:00",246514.4271,568120.7746,2010-05-18,2016-06-15
"1972",3332,"NL","ZLV4","HHE",53.0921,6.7533,2,200,"15/06/2016 11:00","31/12/2599 23:59",246514.4271,568120.7746,2016-06-15,2599-12-31
"1980",3339,"NL","ZWD1","EPE",53.089813,6.935792,0,79,"10/10/2020 00:00","31/12/2599 23:59",258743.7623,568113.4607,2020-10-10,2599-12-31
"1986",3345,"NL","ZWDA2","EPE",53.087746,6.926277,0,90,"10/10/2020 00:00","31/12/2599 23:59",258111.3071,567869.8194,2020-10-10,2599-12-31
"1992",3351,"NL","ZWDA4","EPE",53.082977,6.922185,0,90,"10/10/2020 00:00","31/12/2599 23:59",257848.4895,567333.34,2020-10-10,2599-12-31
"1998",3357,"NL","ZWDA8","EPE",53.090225,6.919384,0,90,"10/10/2020 00:00","31/12/2599 23:59",257643.6907,568135.8141,2020-10-10,2599-12-31
"2004",3363,"NL","ZWDX1","EPE",53.089134,6.944007,0,90,"10/10/2020 00:00","31/12/2599 23:59",259295.678,568049.7646,2020-10-10,2599-12-31
"2010",3369,"NL","ZWDX2","EPE",53.081726,6.943411,0,90,"10/10/2020 00:00","31/12/2599 23:59",259273.5501,567224.6375,2020-10-10,2599-12-31
"2024",3381,"NL","ZWE4","HHE",53.1885,5.6045,0,120,"24/03/2010 00:00","31/12/2599 23:59",169524.6658,578003.5342,2010-03-24,2599-12-31
