OBJECTID,WGS84_LAT,WGS84_LON,RD_X,RD_Y,NETWORK,STATION,LOCATION,TYPE,START_DATE
474,51.501300,6.194200,"211,033","390,564",NL,ARCN,Arcen,broadband,23/5/2018
19,53.314800,6.835400,"251,515","593,011",NL,BAPP,Appingedam,accelerometer,7/10/2013
411,52.661400,4.704500,"108,811","519,544",NL,BBER,Bergen,accelerometer,4/12/2017
22,53.187500,6.765500,"247,128","578,753",NL,BFB2,Froombosch2,accelerometer,17/9/2014
620,53.367900,6.713600,"243,289","598,757",NL,BGAR,Garsthuizen,accelerometer,17/9/2014
404,53.291900,6.785000,"248,207","590,399",NL,BHKS,Hoeksmeer,accelerometer,17/9/2014
422,50.970800,5.926800,"192,903","331,375",NL,BING,Bingelrade,broadband,27/11/2014
407,53.290100,6.318900,"217,129","589,692",NL,BKMZ,Kommerzijl,accelerometer,8/12/2015
502,53.333900,6.746600,"245,560","595,020",NL,BLOP,Loppersum,accelerometer,23/9/2013
618,53.353200,6.647200,"238,899","597,051",NL,BMD2,Middelstum 2,accelerometer,10/9/2013
505,53.340500,6.812500,"249,933","595,841",NL,BOWW,Oosterwijterd,accelerometer,1/10/2013
405,53.312300,6.692100,"241,973","592,547",NL,BSTD,Stedum,accelerometer,17/9/2014
504,53.322600,6.786100,"248,213","593,808",NL,BWIR,Wirdum,accelerometer,24/9/2013
617,53.344400,6.709900,"243,091","596,144",NL,BWSE,Westeremden,accelerometer,24/4/2013
376,51.504300,4.921200,"122,646","390,690",NL,CHA0,Chaam,borehole,3/7/2011
203,51.504300,4.921200,"122,646","390,690",NL,CHA1,Chaam niveau 1,,
626,51.504300,4.921200,"122,646","390,690",NL,CHA2,Chaam niveau 2,,
102,51.504300,4.921200,"122,646","390,690",NL,CHA3,Chaam niveau 3,,
559,51.504300,4.921200,"122,646","390,690",NL,CHA4,Chaam niveau 4,,
15,51.504300,4.921200,"122,646","390,690",NL,CHA5,Chaam niveau 5,,
31,52.101700,5.176700,"140,577","457,072",NL,DB,De Bilt,broadband,25/11/1997
3,52.101700,5.176700,"140,577","457,072",NL,DBN,"De Bilt, Netherlands",,
475,52.798700,6.178500,"208,368","534,896",NL,DR01,Kallenkote,borehole,25/6/2018
589,52.798700,6.178458,"208,365","534,896",NL,DR010,Kallenkote,,
483,52.798700,6.178458,"208,365","534,896",NL,DR011,Kallenkote,,
587,52.798700,6.178458,"208,365","534,896",NL,DR012,Kallenkote,,
586,52.798700,6.178458,"208,365","534,896",NL,DR013,Kallenkote,,
588,52.798700,6.178458,"208,365","534,896",NL,DR014,Kallenkote,,
428,52.956600,6.577600,"234,994","552,835",NL,ELE,Eleveld,accelerometer,1/11/2019
42,53.406400,6.481700,"227,789","602,786",NL,ENM0,Eenrum (Westernielan,borehole,12/4/1995
602,53.406400,6.481700,"227,789","602,786",NL,ENM1,Eenrum (Westernielan,,
601,53.406400,6.481700,"227,789","602,786",NL,ENM2,Eenrum (Westernielan,,
299,53.406400,6.481700,"227,789","602,786",NL,ENM3,Eenrum (Westernielan,,
337,53.406400,6.481700,"227,789","602,786",NL,ENM4,Eenrum (Westernielan,,
32,52.894400,6.633700,"238,883","545,977",NL,ENV0,Elp (Enerveen),borehole,9/9/1995
635,52.894400,6.633700,"238,883","545,977",NL,ENV1,Elp (Enerveen) nivea,,
237,52.894400,6.633700,"238,883","545,977",NL,ENV2,Elp (Enerveen) nivea,,
111,52.894400,6.633700,"238,883","545,977",NL,ENV3,Elp (Enerveen) nivea,,
569,52.894400,6.633700,"238,883","545,977",NL,ENV4,Elp (Enerveen) nivea,,
387,53.256200,5.548100,"165,738","585,528",NL,FDG0,Firdgum,borehole,13/10/2009
261,53.256200,5.548100,"165,738","585,528",NL,FDG1,Firdgum niveau 1,,
112,53.256200,5.548100,"165,738","585,528",NL,FDG2,Firdgum niveau 2,,
316,53.256200,5.548100,"165,738","585,528",NL,FDG3,Firdgum niveau 3,,
210,53.256200,5.548100,"165,738","585,528",NL,FDG4,Firdgum niveau 4,,
35,53.213500,7.119500,"270,718","582,156",NL,FSW0,Finsterwolde,borehole,5/5/1995
325,53.213500,7.119500,"270,718","582,156",NL,FSW1,Finsterwolde niveau,,
249,53.213500,7.119500,"270,718","582,156",NL,FSW2,Finsterwolde niveau,,
532,53.213500,7.119500,"270,718","582,156",NL,FSW3,Finsterwolde niveau,,
275,53.213500,7.119500,"270,718","582,156",NL,FSW4,Finsterwolde niveau,,
577,53.213500,7.119500,"270,718","582,156",NL,FSW5,Finsterwolde niveau,,
479,53.442600,6.731200,"244,303","607,093",NL,G010,Uithuizermeeden,borehole,10/2/2015
324,53.442535,6.731191,"244,305","607,089",NL,G011,Uithuizermeeden (niv,,
637,53.442535,6.731191,"244,305","607,089",NL,G012,Uithuizermeeden (niv,,
543,53.442535,6.731191,"244,305","607,089",NL,G013,Uithuizermeeden (niv,,
195,53.442535,6.731191,"244,305","607,089",NL,G014,Uithuizermeeden (niv,,
480,53.449000,6.805800,"249,249","607,905",NL,G020,Eemshaven,borehole,10/2/2015
281,53.449010,6.805842,"249,251","607,905",NL,G021,Eemshaven (niveau 1),,
121,53.449010,6.805842,"249,251","607,905",NL,G022,Eemshaven (niveau 2),,
642,53.449010,6.805842,"249,251","607,905",NL,G023,Eemshaven (niveau 3),,
597,53.449010,6.805842,"249,251","607,905",NL,G024,Eemshaven (niveau 4),,
162,53.415900,6.597500,"235,475","603,966",NL,G030,Usquert,borehole,10/2/2015
644,53.415886,6.597559,"235,476","603,965",NL,G031,Usquert (niveau 1),,
247,53.415886,6.597559,"235,476","603,965",NL,G032,Usquert (niveau 2),,
4,53.415886,6.597559,"235,476","603,965",NL,G033,Usquert (niveau 3),,
572,53.415886,6.597559,"235,476","603,965",NL,G034,Usquert (niveau 4),,
163,53.414700,6.674700,"240,608","603,921",NL,G040,Uithuizen,borehole,4/6/2015
122,53.414690,6.674720,"240,609","603,921",NL,G041,Uithuizen (niveau 1),,
107,53.414690,6.674720,"240,609","603,921",NL,G042,Uithuizen (niveau 2),,
216,53.414690,6.674720,"240,609","603,921",NL,G043,Uithuizen (niveau 3),,
307,53.414690,6.674720,"240,609","603,921",NL,G044,Uithuizen (niveau 4),,
164,53.418400,6.771300,"247,024","604,457",NL,G050,Roodeschool,borehole,16/7/2015
258,53.418438,6.771304,"247,022","604,458",NL,G051,Roodeschool (niveau,,
103,53.418438,6.771304,"247,022","604,458",NL,G052,Roodeschool (niveau,,
633,53.418438,6.771304,"247,022","604,458",NL,G053,Roodeschool (niveau,,
540,53.418438,6.771304,"247,022","604,458",NL,G054,Roodeschool (niveau,,
165,53.411100,6.870900,"253,659","603,773",NL,G060,Spijk - Vierhuizen,borehole,15/9/2015
251,53.411095,6.870878,"253,659","603,772",NL,G061,Spijk - Vierhuizen (,,
57,53.411095,6.870878,"253,659","603,772",NL,G062,Spijk - Vierhuizen (,,
185,53.411095,6.870878,"253,659","603,772",NL,G063,Spijk - Vierhuizen (,,
223,53.411095,6.870878,"253,659","603,772",NL,G064,Spijk - Vierhuizen (,,
166,53.394600,6.545800,"232,070","601,537",NL,G070,Warffum,borehole,24/9/2015
190,53.394580,6.545769,"232,071","601,538",NL,G071,Warffum (niveau 1),,
60,53.394580,6.545769,"232,071","601,538",NL,G072,Warffum (niveau 2),,
566,53.394580,6.545769,"232,071","601,538",NL,G073,Warffum (niveau 3),,
201,53.394580,6.545769,"232,071","601,538",NL,G074,Warffum (niveau 4),,
167,53.395400,6.643900,"238,596","601,741",NL,G080,Rottum,borehole,22/9/2015
516,53.395447,6.643896,"238,597","601,744",NL,G081,Rottum (niveau 1),,
204,53.395447,6.643896,"238,597","601,744",NL,G082,Rottum (niveau 2),,
345,53.395447,6.643896,"238,597","601,744",NL,G083,Rottum (niveau 3),,
346,53.395447,6.643896,"238,597","601,744",NL,G084,Rottum (niveau 4),,
168,53.387800,6.724600,"243,980","600,985",NL,G090,Oldenzijl,borehole,18/9/2015
574,53.387764,6.724525,"243,976","600,985",NL,G091,Oldenzijl (niveau 1),,
5,53.387764,6.724525,"243,976","600,985",NL,G092,Oldenzijl (niveau 2),,
350,53.387764,6.724525,"243,976","600,985",NL,G093,Oldenzijl (niveau 3),,
273,53.387764,6.724525,"243,976","600,985",NL,G094,Oldenzijl (niveau 4),,
169,53.378500,6.804400,"249,312","600,057",NL,G100,Godlinze,borehole,8/9/2015
625,53.378470,6.804435,"249,312","600,053",NL,G101,Godlinze (niveau 1),,
511,53.378470,6.804435,"249,312","600,053",NL,G102,Godlinze (niveau 2),,
344,53.378470,6.804435,"249,312","600,053",NL,G103,Godlinze (niveau 3),,
270,53.378470,6.804435,"249,312","600,053",NL,G104,Godlinze (niveau 4),,
170,53.366900,6.889200,"254,980","598,880",NL,G110,Holwierde,borehole,8/12/2015
568,53.366917,6.889139,"254,976","598,882",NL,G111,Holwierde (niveau 1),,
100,53.366917,6.889139,"254,976","598,882",NL,G112,Holwierde (niveau 2),,
234,53.366917,6.889139,"254,976","598,882",NL,G113,Holwierde (niveau 3),,
534,53.366917,6.889139,"254,976","598,882",NL,G114,Holwierde (niveau 4),,
171,53.369900,6.571400,"233,822","598,820",NL,G120,Warffum,borehole,5/10/2017
533,53.369920,6.571390,"233,821","598,821",NL,G121,Warffum (niveau 1),,
321,53.369920,6.571390,"233,821","598,821",NL,G122,Warffum (niveau 2),,
517,53.369920,6.571390,"233,821","598,821",NL,G123,Warffum (niveau 3),,
296,53.369920,6.571390,"233,821","598,821",NL,G124,Warffum (niveau 4),,
172,53.349000,6.668600,"240,330","596,599",NL,G130,Middelstum,borehole,22/9/2015
623,53.348940,6.668564,"240,330","596,597",NL,G131,Middelstum (niveau 1,,
298,53.348940,6.668564,"240,330","596,597",NL,G132,Middelstum (niveau 2,,
269,53.348940,6.668564,"240,330","596,597",NL,G133,Middelstum (niveau 3,,
187,53.348940,6.668564,"240,330","596,597",NL,G134,Middelstum (niveau 4,,
173,53.358600,6.770800,"247,120","597,795",NL,G140,t Zandt GN,borehole,11/2/2015
304,53.358604,6.770835,"247,119","597,799",NL,G141,t Zandt GN (niveau 1,,
582,53.358604,6.770835,"247,119","597,799",NL,G142,t Zandt GN (niveau 2,,
244,53.358604,6.770835,"247,119","597,799",NL,G143,t Zandt GN (niveau 3,,
157,53.358604,6.770835,"247,119","597,799",NL,G144,t Zandt GN (niveau 4,,
175,53.338500,6.531400,"231,213","595,282",NL,G160,Winsum,borehole,17/9/2015
624,53.338528,6.531397,"231,214","595,284",NL,G161,Winsum (niveau 1),,
115,53.338528,6.531397,"231,214","595,284",NL,G162,Winsum (niveau 2),,
643,53.338528,6.531397,"231,214","595,284",NL,G163,Winsum (niveau 3),,
530,53.338528,6.531397,"231,214","595,284",NL,G164,Winsum (niveau 4),,
176,53.336200,6.636300,"238,207","595,143",NL,G170,Middelstum,borehole,29/4/2015
6,53.336197,6.636346,"238,209","595,141",NL,G171,Middelstum (niveau 1,,
248,53.336197,6.636346,"238,209","595,141",NL,G172,Middelstum (niveau 2,,
520,53.336197,6.636346,"238,209","595,141",NL,G173,Middelstum (niveau 3,,
72,53.336197,6.636346,"238,209","595,141",NL,G174,Middelstum (niveau 4,,
177,53.330600,6.721700,"243,905","594,623",NL,G180,Loppersum,borehole,18/9/2015
308,53.330624,6.721702,"243,906","594,623",NL,G181,Loppersum (niveau 1),,
180,53.330624,6.721702,"243,906","594,623",NL,G182,Loppersum (niveau 2),,
76,53.330624,6.721702,"243,906","594,623",NL,G183,Loppersum (niveau 3),,
239,53.330624,6.721702,"243,906","594,623",NL,G184,Loppersum (niveau 4),,
178,53.337800,6.817000,"250,240","595,542",NL,G190,Oostwijtwerd,borehole,18/9/2015
86,53.337814,6.817032,"250,241","595,545",NL,G191,Oostwijtwerd (niveau,,
197,53.337814,6.817032,"250,241","595,545",NL,G192,Oostwijtwerd (niveau,,
222,53.337814,6.817032,"250,241","595,545",NL,G193,Oostwijtwerd (niveau,,
348,53.337814,6.817032,"250,241","595,545",NL,G194,Oostwijtwerd (niveau,,
179,53.335300,6.895200,"255,450","595,371",NL,G200,Biessum,borehole,28/5/2015
220,53.335297,6.895165,"255,450","595,371",NL,G201,Biessum (niveau 1),,
606,53.335297,6.895165,"255,450","595,371",NL,G202,Biessum (niveau 2),,
596,53.335297,6.895165,"255,450","595,371",NL,G203,Biessum (niveau 3),,
10,53.335297,6.895165,"255,450","595,371",NL,G204,Biessum (niveau 4),,
284,53.313400,6.593700,"235,413","592,553",NL,G210,Vroetende mol,borehole,17/9/2015
339,53.313374,6.593737,"235,414","592,553",NL,G211,Vroetende mol (nivea,,
199,53.313374,6.593737,"235,414","592,553",NL,G212,Vroetende mol (nivea,,
560,53.313374,6.593737,"235,414","592,553",NL,G213,Vroetende mol (nivea,,
113,53.313374,6.593737,"235,414","592,553",NL,G214,Vroetende mol (nivea,,
285,53.310300,6.677600,"241,007","592,313",NL,G220,Stedum,borehole,10/2/2015
565,53.310350,6.677621,"241,010","592,314",NL,G221,Stedum (niveau 1),,
311,53.310350,6.677621,"241,010","592,314",NL,G222,Stedum (niveau 2),,
134,53.310350,6.677621,"241,010","592,314",NL,G223,Stedum (niveau 3),,
109,53.310350,6.677621,"241,010","592,314",NL,G224,Stedum (niveau 4),,
286,53.309400,6.767500,"247,003","592,324",NL,G230,Garrelsweer,borehole,16/2/2015
127,53.309490,6.767527,"247,004","592,329",NL,G231,Garrelsweer (niveau,,
264,53.309490,6.767527,"247,004","592,329",NL,G232,Garrelsweer (niveau,,
59,53.309490,6.767527,"247,004","592,329",NL,G233,Garrelsweer (niveau,,
507,53.309490,6.767527,"247,004","592,329",NL,G234,Garrelsweer (niveau,,
287,53.290000,6.856200,"252,957","590,273",NL,G240,Steendam,borehole,12/11/2014
119,53.289974,6.856169,"252,956","590,274",NL,G241,Steendam (niveau 1),,
106,53.289974,6.856169,"252,956","590,274",NL,G242,Steendam (niveau 2),,
521,53.289974,6.856169,"252,956","590,274",NL,G243,Steendam (niveau 3),,
209,53.289974,6.856169,"252,956","590,274",NL,G244,Steendam (niveau 4),,
288,53.308100,6.943300,"258,725","592,415",NL,G250,Weiwerd,borehole,12/5/2017
91,53.308117,6.943312,"258,723","592,415",NL,G251,Weiwerd (niveau 1),,
70,53.308117,6.943312,"258,723","592,415",NL,G252,Weiwerd (niveau 2),,
523,53.308117,6.943312,"258,723","592,415",NL,G253,Weiwerd (niveau 3),,
271,53.308117,6.943312,"258,723","592,415",NL,G254,Weiwerd (niveau 4),,
485,53.282100,6.545900,"232,280","589,017",NL,G260,Adorp,borehole,22/10/2015
310,53.282080,6.545806,"232,275","589,018",NL,G261,Adorp (niveau 1),,
335,53.282080,6.545806,"232,275","589,018",NL,G262,Adorp (niveau 2),,
93,53.282080,6.545806,"232,275","589,018",NL,G263,Adorp (niveau 3),,
306,53.282080,6.545806,"232,275","589,018",NL,G264,Adorp (niveau 4),,
486,53.283200,6.628200,"237,767","589,233",NL,G270,Ellerhuizen,borehole,27/11/2015
319,53.283180,6.628118,"237,763","589,232",NL,G271,Ellerhuizen (niveau,,
94,53.283180,6.628118,"237,763","589,232",NL,G272,Ellerhuizen (niveau,,
118,53.283180,6.628118,"237,763","589,232",NL,G273,Ellerhuizen (niveau,,
627,53.283180,6.628118,"237,763","589,232",NL,G274,Ellerhuizen (niveau,,
487,53.272200,6.729200,"244,524","588,128",NL,G280,Woltersum,borehole,28/3/2016
193,53.272210,6.729164,"244,524","588,132",NL,G281,Woltersum (niveau 1),,
272,53.272210,6.729164,"244,524","588,132",NL,G282,Woltersum (niveau 2),,
518,53.272210,6.729164,"244,524","588,132",NL,G283,Woltersum (niveau 3),,
580,53.272210,6.729164,"244,524","588,132",NL,G284,Woltersum (niveau 4),,
488,53.281400,6.787000,"248,362","589,227",NL,G290,Overschild,borehole,22/9/2015
130,53.281406,6.786966,"248,360","589,229",NL,G291,Overschild (niveau 1,,
652,53.281406,6.786966,"248,360","589,229",NL,G292,Overschild (niveau 2,,
212,53.281406,6.786966,"248,360","589,229",NL,G293,Overschild (niveau 3,,
90,53.281406,6.786966,"248,360","589,229",NL,G294,Overschild (niveau 4,,
489,53.279200,6.895200,"255,581","589,124",NL,G300,Meedhuizen,borehole,23/10/2014
548,53.279170,6.895145,"255,580","589,126",NL,G301,Meedhuizen (niveau 1,,
327,53.279170,6.895145,"255,580","589,126",NL,G302,Meedhuizen (niveau 2,,
124,53.279170,6.895145,"255,580","589,126",NL,G303,Meedhuizen (niveau 3,,
133,53.279170,6.895145,"255,580","589,126",NL,G304,Meedhuizen (niveau 4,,
490,53.296200,7.021800,"263,982","591,201",NL,G310,Borgsweer,borehole,27/11/2015
188,53.296196,7.021759,"263,981","591,205",NL,G311,Borgsweer (niveau 1),,
135,53.296196,7.021759,"263,981","591,205",NL,G312,Borgsweer (niveau 2),,
501,53.296196,7.021759,"263,981","591,205",NL,G313,Borgsweer (niveau 3),,
92,53.296196,7.021759,"263,981","591,205",NL,G314,Borgsweer (niveau 4),,
491,53.249800,6.579200,"234,561","585,466",NL,G320,Groningen - Hornbach,borehole,27/11/2015
265,53.249810,6.579190,"234,561","585,463",NL,G321,Groningen - Hornbach,,
280,53.249810,6.579190,"234,561","585,463",NL,G322,Groningen - Hornbach,,
274,53.249810,6.579190,"234,561","585,463",NL,G323,Groningen - Hornbach,,
595,53.249810,6.579190,"234,561","585,463",NL,G324,Groningen - Hornbach,,
492,53.249900,6.670700,"240,671","585,579",NL,G330,Garmerwolde,borehole,22/1/2016
18,53.249910,6.670763,"240,673","585,580",NL,G331,Garmerwolde (niveau,,
295,53.249910,6.670763,"240,673","585,580",NL,G332,Garmerwolde (niveau,,
243,53.249910,6.670763,"240,673","585,580",NL,G333,Garmerwolde (niveau,,
645,53.249910,6.670763,"240,673","585,580",NL,G334,Garmerwolde (niveau,,
493,53.252500,6.765000,"246,959","585,987",NL,G340,Overschild,borehole,23/10/2014
649,53.252520,6.765080,"246,962","585,986",NL,G341,Overschild (niveau 1,,
110,53.252520,6.765080,"246,962","585,986",NL,G342,Overschild (niveau 2,,
81,53.252520,6.765080,"246,962","585,986",NL,G343,Overschild (niveau 3,,
224,53.252520,6.765080,"246,962","585,986",NL,G344,Overschild (niveau 4,,
494,53.254900,6.862200,"253,435","586,380",NL,G350,Sidderburen,borehole,4/4/2017
537,53.254936,6.862136,"253,434","586,384",NL,G351,Sidderburen (niveau,,
541,53.254936,6.862136,"253,434","586,384",NL,G352,Sidderburen (niveau,,
241,53.254936,6.862136,"253,434","586,384",NL,G353,Sidderburen (niveau,,
138,53.254936,6.862136,"253,434","586,384",NL,G354,Sidderburen (niveau,,
464,53.265000,6.924500,"257,571","587,590",NL,G36,Wagenborgen,borehole,12/7/2015
495,53.265000,6.924500,"257,570","587,595",NL,G360,Wagenborgen,borehole,7/12/2015
80,53.265050,6.924454,"257,568","587,596",NL,G361,Wagenborgen (niveau,,
301,53.265050,6.924454,"257,568","587,596",NL,G362,Wagenborgen (niveau,,
575,53.265050,6.924454,"257,568","587,596",NL,G363,Wagenborgen (niveau,,
77,53.265050,6.924454,"257,568","587,596",NL,G364,Wagenborgen (niveau,,
496,53.273900,7.034900,"264,916","588,747",NL,G370,Woldendorp,borehole,2/12/2015
99,53.273952,7.035000,"264,920","588,750",NL,G371,Woldendorp (niveau 1,,
262,53.273952,7.035000,"264,920","588,750",NL,G372,Woldendorp (niveau 2,,
218,53.273952,7.035000,"264,920","588,750",NL,G373,Woldendorp (niveau 3,,
558,53.273952,7.035000,"264,920","588,750",NL,G374,Woldendorp (niveau 4,,
497,53.200500,6.547500,"232,537","579,940",NL,G380,Groningen - gasunie,borehole,11/4/2016
513,53.200512,6.547563,"232,539","579,943",NL,G381,Groningen - gasunie,,
583,53.200512,6.547563,"232,539","579,943",NL,G382,Groningen - gasunie,,
598,53.200512,6.547563,"232,539","579,943",NL,G383,Groningen - gasunie,,
82,53.200512,6.547563,"232,539","579,943",NL,G384,Groningen - gasunie,,
139,53.225200,6.724100,"244,282","582,900",NL,G390,Woudbloemsloot,borehole,24/10/2014
227,53.225250,6.724121,"244,285","582,900",NL,G391,Woudbloemsloot (nive,,
318,53.225250,6.724121,"244,285","582,900",NL,G392,Woudbloemsloot (nive,,
114,53.225250,6.724121,"244,285","582,900",NL,G393,Woudbloemsloot (nive,,
14,53.225250,6.724121,"244,285","582,900",NL,G394,Woudbloemsloot (nive,,
140,53.225000,6.809800,"250,010","582,986",NL,G400,Schildwolde,borehole,24/10/2014
2,53.225010,6.809874,"250,012","582,983",NL,G401,Schildwolde (niveau,,
303,53.225010,6.809874,"250,012","582,983",NL,G402,Schildwolde (niveau,,
519,53.225010,6.809874,"250,012","582,983",NL,G403,Schildwolde (niveau,,
585,53.225010,6.809874,"250,012","582,983",NL,G404,Schildwolde (niveau,,
141,53.223400,6.891900,"255,491","582,918",NL,G410,Noordbroek,borehole,22/9/2015
553,53.223434,6.891867,"255,491","582,919",NL,G411,Noordbroek (niveau 1,,
200,53.223434,6.891867,"255,491","582,919",NL,G412,Noordbroek (niveau 2,,
186,53.223434,6.891867,"255,491","582,919",NL,G413,Noordbroek (niveau 3,,
230,53.223434,6.891867,"255,491","582,919",NL,G414,Noordbroek (niveau 4,,
142,53.221700,6.988600,"261,958","582,863",NL,G420,Nieuwolda,borehole,11/2/2015
235,53.221687,6.988649,"261,958","582,864",NL,G421,Nieuwolda (niveau 1),,
268,53.221687,6.988649,"261,958","582,864",NL,G422,Nieuwolda (niveau 2),,
67,53.221687,6.988649,"261,958","582,864",NL,G423,Nieuwolda (niveau 3),,
653,53.221687,6.988649,"261,958","582,864",NL,G424,Nieuwolda (niveau 4),,
143,53.231800,7.079100,"267,971","584,130",NL,G430,Finsterwolde,borehole,25/6/2015
333,53.231853,7.079074,"267,970","584,133",NL,G431,Finsterwolde (niveau,,
255,53.231853,7.079074,"267,970","584,133",NL,G432,Finsterwolde (niveau,,
66,53.231853,7.079074,"267,970","584,133",NL,G433,Finsterwolde (niveau,,
500,53.231853,7.079074,"267,970","584,133",NL,G434,Finsterwolde (niveau,,
144,53.204200,6.683900,"241,644","580,505",NL,G440,Harkstede,borehole,11/2/2015
123,53.204193,6.683958,"241,645","580,508",NL,G441,Harkstede (niveau 1),,
622,53.204193,6.683958,"241,645","580,508",NL,G442,Harkstede (niveau 2),,
347,53.204193,6.683958,"241,645","580,508",NL,G443,Harkstede (niveau 3),,
283,53.204193,6.683958,"241,645","580,508",NL,G444,Harkstede (niveau 4),,
145,53.199500,6.764500,"247,033","580,090",NL,G450,Ruiten,borehole,23/10/2014
555,53.199535,6.764478,"247,035","580,090",NL,G451,Ruiten (niveau 1),,
65,53.199535,6.764478,"247,035","580,090",NL,G452,Ruiten (niveau 2),,
88,53.199535,6.764478,"247,035","580,090",NL,G453,Ruiten (niveau 3),,
526,53.199535,6.764478,"247,035","580,090",NL,G454,Ruiten (niveau 4),,
146,53.197800,6.849800,"252,739","580,011",NL,G460,Noordbroek,borehole,31/10/2014
278,53.197830,6.849796,"252,739","580,012",NL,G461,Noordbroek (niveau 1,,
562,53.197830,6.849796,"252,739","580,012",NL,G462,Noordbroek (niveau 2,,
522,53.197830,6.849796,"252,739","580,012",NL,G463,Noordbroek (niveau 3,,
638,53.197830,6.849796,"252,739","580,012",NL,G464,Noordbroek (niveau 4,,
147,53.196300,6.941300,"258,859","579,975",NL,G470,Nieuw Scheemda,borehole,28/3/2016
184,53.196350,6.941322,"258,859","579,976",NL,G471,Nieuw Scheemda (nive,,
129,53.196350,6.941322,"258,859","579,976",NL,G472,Nieuw Scheemda (nive,,
300,53.196350,6.941322,"258,859","579,976",NL,G473,Nieuw Scheemda (nive,,
640,53.196350,6.941322,"258,859","579,976",NL,G474,Nieuw Scheemda (nive,,
148,53.197300,7.028900,"264,710","580,207",NL,G480,Midwolda,borehole,21/6/2016
85,53.197260,7.028954,"264,712","580,207",NL,G481,Midwolda (niveau 1),,
338,53.197260,7.028954,"264,712","580,207",NL,G482,Midwolda (niveau 2),,
330,53.197260,7.028954,"264,712","580,207",NL,G483,Midwolda (niveau 3),,
260,53.197260,7.028954,"264,712","580,207",NL,G484,Midwolda (niveau 4),,
149,53.176500,6.730600,"244,817","577,481",NL,G490,Kolham,borehole,23/10/2014
320,53.176470,6.730598,"244,819","577,480",NL,G491,Kolham (niveau 1),,
554,53.176470,6.730598,"244,819","577,480",NL,G492,Kolham (niveau 2),,
561,53.176470,6.730598,"244,819","577,480",NL,G493,Kolham (niveau 3),,
599,53.176470,6.730598,"244,819","577,480",NL,G494,Kolham (niveau 4),,
150,53.174500,6.809300,"250,084","577,366",NL,G500,Sappemeer,borehole,28/8/2015
12,53.174526,6.809343,"250,087","577,365",NL,G501,Sappemeer (niveau 1),,
525,53.174526,6.809343,"250,087","577,365",NL,G502,Sappemeer (niveau 2),,
331,53.174526,6.809343,"250,087","577,365",NL,G503,Sappemeer (niveau 3),,
570,53.174526,6.809343,"250,087","577,365",NL,G504,Sappemeer (niveau 4),,
151,53.173200,6.884800,"255,134","577,321",NL,G510,Zuidbroek,borehole,11/2/2015
323,53.173200,6.884810,"255,136","577,320",NL,G511,Zuidbroek (niveau 1),,
202,53.173200,6.884810,"255,136","577,320",NL,G512,Zuidbroek (niveau 2),,
236,53.173200,6.884810,"255,136","577,320",NL,G513,Zuidbroek (niveau 3),,
647,53.173200,6.884810,"255,136","577,320",NL,G514,Zuidbroek (niveau 4),,
152,53.169900,6.983600,"261,749","577,095",NL,G520,Scheemda,borehole,12/2/2015
290,53.169890,6.983663,"261,753","577,093",NL,G521,Scheemda (niveau 1),,
302,53.169890,6.983663,"261,753","577,093",NL,G522,Scheemda (niveau 2),,
73,53.169890,6.983663,"261,753","577,093",NL,G523,Scheemda (niveau 3),,
538,53.169890,6.983663,"261,753","577,093",NL,G524,Scheemda (niveau 4),,
153,53.167400,7.080100,"268,205","576,961",NL,G530,Beerta,borehole,29/10/2015
632,53.167362,7.080120,"268,209","576,959",NL,G531,Beerta (niveau 1),,
87,53.167362,7.080120,"268,209","576,959",NL,G532,Beerta (niveau 2),,
349,53.167362,7.080120,"268,209","576,959",NL,G533,Beerta (niveau 3),,
631,53.167362,7.080120,"268,209","576,959",NL,G534,Beerta (niveau 4),,
154,53.124200,6.757900,"246,757","571,700",NL,G540,Kielwinde,borehole,15/9/2015
600,53.124283,6.757957,"246,758","571,708",NL,G541,Kielwinde (niveau 1),,
341,53.124283,6.757957,"246,758","571,708",NL,G542,Kielwinde (niveau 2),,
509,53.124283,6.757957,"246,758","571,708",NL,G543,Kielwinde (niveau 3),,
279,53.124283,6.757957,"246,758","571,708",NL,G544,Kielwinde (niveau 4),,
155,53.143300,6.846100,"252,614","573,943",NL,G550,Muntendam,borehole,12/2/2015
607,53.143345,6.846056,"252,612","573,945",NL,G551,Muntendam (niveau 1),,
252,53.143345,6.846056,"252,612","573,945",NL,G552,Muntendam (niveau 2),,
552,53.143345,6.846056,"252,612","573,945",NL,G553,Muntendam (niveau 3),,
527,53.143345,6.846056,"252,612","573,945",NL,G554,Muntendam (niveau 4),,
352,53.148400,6.930900,"258,274","574,630",NL,G560,Meeden,borehole,12/2/2015
536,53.148440,6.930871,"258,274","574,630",NL,G561,Meeden (niveau 1),,
506,53.148440,6.930871,"258,274","574,630",NL,G562,Meeden (niveau 2),,
578,53.148440,6.930871,"258,274","574,630",NL,G563,Meeden (niveau 3),,
125,53.148440,6.930871,"258,274","574,630",NL,G564,Meeden (niveau 4),,
353,53.135100,7.022200,"264,417","573,284",NL,G570,Winschoten,borehole,12/2/2015
158,53.135130,7.022222,"264,419","573,284",NL,G571,Winschoten (niveau 1,,
609,53.135130,7.022222,"264,419","573,284",NL,G572,Winschoten (niveau 2,,
189,53.135130,7.022222,"264,419","573,284",NL,G573,Winschoten (niveau 3,,
314,53.135130,7.022222,"264,419","573,284",NL,G574,Winschoten (niveau 4,,
354,53.110200,6.907000,"256,769","570,344",NL,G580,Veendam,borehole,30/6/2015
228,53.110264,6.907052,"256,771","570,348",NL,G581,Veendam (niveau 1),,
263,53.110264,6.907052,"256,771","570,348",NL,G582,Veendam (niveau 2),,
214,53.110264,6.907052,"256,771","570,348",NL,G583,Veendam (niveau 3),,
292,53.110264,6.907052,"256,771","570,348",NL,G584,Veendam (niveau 4),,
355,53.116000,6.987700,"262,156","571,106",NL,G590,Oude Pekelaar,borehole,4/12/2015
191,53.116028,6.987698,"262,156","571,106",NL,G591,Oude Pekelaar (nivea,,
313,53.116028,6.987698,"262,156","571,106",NL,G592,Oude Pekelaar (nivea,,
528,53.116028,6.987698,"262,156","571,106",NL,G593,Oude Pekelaar (nivea,,
253,53.116028,6.987698,"262,156","571,106",NL,G594,Oude Pekelaar (nivea,,
356,53.297900,7.075200,"267,537","591,480",NL,G600,Ter Munten,borehole,28/8/2015
567,53.297935,7.075193,"267,539","591,480",NL,G601,Ter Munten (niveau 1,,
650,53.297935,7.075193,"267,539","591,480",NL,G602,Ter Munten (niveau 2,,
651,53.297935,7.075193,"267,539","591,480",NL,G603,Ter Munten (niveau 3,,
605,53.297935,7.075193,"267,539","591,480",NL,G604,Ter Munten (niveau 4,,
357,53.381900,6.681300,"241,114","600,275",NL,G610,Zandeweer,borehole,27/11/2015
62,53.381855,6.681333,"241,114","600,275",NL,G611,Zandeweer (niveau 1),,
116,53.381855,6.681333,"241,114","600,275",NL,G612,Zandeweer (niveau 2),,
96,53.381855,6.681333,"241,114","600,275",NL,G613,Zandeweer (niveau 3),,
161,53.381855,6.681333,"241,114","600,275",NL,G614,Zandeweer (niveau 4),,
358,53.387000,6.841900,"251,788","601,049",NL,G620,Spijk,borehole,8/9/2015
581,53.386980,6.841949,"251,790","601,050",NL,G621,Spijk (niveau 1),,
591,53.386980,6.841949,"251,790","601,050",NL,G622,Spijk (niveau 2),,
233,53.386980,6.841949,"251,790","601,050",NL,G623,Spijk (niveau 3),,
229,53.386980,6.841949,"251,790","601,050",NL,G624,Spijk (niveau 4),,
359,53.331400,6.910900,"256,506","594,964",NL,G630,Delfzijl,borehole,15/9/2015
259,53.331430,6.910878,"256,506","594,963",NL,G631,Delfzijl (niveau 1),,
342,53.331430,6.910878,"256,506","594,963",NL,G632,Delfzijl (niveau 2),,
556,53.331430,6.910878,"256,506","594,963",NL,G633,Delfzijl (niveau 3),,
592,53.331430,6.910878,"256,506","594,963",NL,G634,Delfzijl (niveau 4),,
360,53.220700,7.038000,"265,255","582,828",NL,G640,Oostwold,borehole,15/9/2015
84,53.220726,7.038012,"265,257","582,832",NL,G641,Oostwold (niveau 1),,
332,53.220726,7.038012,"265,257","582,832",NL,G642,Oostwold (niveau 2),,
75,53.220726,7.038012,"265,257","582,832",NL,G643,Oostwold (niveau 3),,
573,53.220726,7.038012,"265,257","582,832",NL,G644,Oostwold (niveau 4),,
361,53.169300,6.954300,"259,791","576,983",NL,G650,Scheemda,borehole,30/11/2015
343,53.169216,6.954280,"259,790","576,975",NL,G651,Scheemda (niveau 1),,
547,53.169216,6.954280,"259,790","576,975",NL,G652,Scheemda (niveau 2),,
240,53.169216,6.954280,"259,790","576,975",NL,G653,Scheemda (niveau 3),,
639,53.169216,6.954280,"259,790","576,975",NL,G654,Scheemda (niveau 4),,
362,53.179400,6.585300,"235,097","577,633",NL,G660,Haren,borehole,27/11/2015
207,53.179398,6.585236,"235,095","577,635",NL,G661,Haren (niveau 1),,
576,53.179398,6.585236,"235,095","577,635",NL,G662,Haren (niveau 2),,
205,53.179398,6.585236,"235,095","577,635",NL,G663,Haren (niveau 3),,
196,53.179398,6.585236,"235,095","577,635",NL,G664,Haren (niveau 4),,
50,53.321400,6.822800,"250,661","593,722",NL,G670,Appingedam,borehole,29/10/2015
9,53.321340,6.822783,"250,660","593,720",NL,G671,Appingedam (niveau 1,,
594,53.321340,6.822783,"250,660","593,720",NL,G672,Appingedam (niveau 2,,
328,53.321340,6.822783,"250,660","593,720",NL,G673,Appingedam (niveau 3,,
79,53.321340,6.822783,"250,660","593,720",NL,G674,Appingedam (niveau 4,,
51,53.235100,6.634700,"238,292","583,886",NL,G680,Ruicherbrug,borehole,16/9/2015
510,53.235077,6.634660,"238,292","583,887",NL,G681,Ruicherbrug (niveau,,
231,53.235077,6.634660,"238,292","583,887",NL,G682,Ruicherbrug (niveau,,
105,53.235077,6.634660,"238,292","583,887",NL,G683,Ruicherbrug (niveau,,
194,53.235077,6.634660,"238,292","583,887",NL,G684,Ruicherbrug (niveau,,
52,53.212800,6.643800,"238,943","581,422",NL,G690,Engelbert,borehole,22/10/2015
245,53.212837,6.643776,"238,944","581,422",NL,G691,Engelbert (niveau 1),,
531,53.212837,6.643776,"238,944","581,422",NL,G692,Engelbert (niveau 2),,
291,53.212837,6.643776,"238,944","581,422",NL,G693,Engelbert (niveau 3),,
215,53.212837,6.643776,"238,944","581,422",NL,G694,Engelbert (niveau 4),,
53,53.240700,6.537900,"231,823","584,403",NL,G700,Groningen - Universi,borehole,28/4/2016
294,53.238539,6.536782,"231,751","584,163",NL,G701,Groningen - Universi,,
108,53.238539,6.536782,"231,751","584,163",NL,G702,Groningen - Universi,,
13,53.238539,6.536782,"231,751","584,163",NL,G703,Groningen - Universi,,
544,53.238539,6.536782,"231,751","584,163",NL,G704,Groningen - Universi,,
54,53.148200,6.650700,"239,531","574,241",NL,G710,Onnen,accelerometer,4/12/2017
55,53.246200,6.479400,"227,907","584,960",NL,G720,Aduard,accelerometer,4/6/2018
56,53.271700,6.430000,"224,569","587,749",NL,G730,Den Ham,accelerometer,4/12/2017
610,53.304300,6.389400,"221,811","591,331",NL,G740,Oldenhove,accelerometer,4/12/2017
611,53.307700,6.487500,"228,346","591,808",NL,G750,Garnwerd,accelerometer,4/12/2017
612,53.350700,6.390100,"221,782","596,498",NL,G760,Zuurdijk,accelerometer,4/12/2017
613,53.340200,6.330700,"217,845","595,278",NL,G770,Niekerk,accelerometer,4/12/2017
614,53.364800,6.489500,"228,376","598,170",NL,G780,Baflo,accelerometer,4/12/2017
615,53.383600,6.331900,"217,862","600,107",NL,G790,Hornhuizen,accelerometer,4/12/2017
616,53.415500,6.487700,"228,173","603,802",NL,G800,Westernieland,accelerometer,4/12/2017
427,53.290600,6.247100,"212,342","589,687",NL,GK01,Warfstermolen,borehole,1/11/2019
430,53.301000,6.292700,"215,368","590,882",NL,GK02,Lauwerzijl,borehole,11/26/2018
476,53.282700,6.305600,"216,254","588,856",NL,GK03,Grijpskerk,borehole,7/6/2018
621,53.282677,6.305645,"216,257","588,853",NL,GK030,Grijpskerk,,
482,53.282677,6.305645,"216,257","588,853",NL,GK031,Grijpskerk,,
590,53.282677,6.305645,"216,257","588,853",NL,GK032,Grijpskerk,,
484,53.282677,6.305645,"216,257","588,853",NL,GK033,Grijpskerk,,
481,53.282677,6.305645,"216,257","588,853",NL,GK034,Grijpskerk,,
426,53.246200,6.326100,"217,674","584,812",NL,GK04,Oosterzand,borehole,1/11/2019
390,51.168700,5.784600,"182,795","353,327",NL,GUR1,Neeritter n,broadband,27/1/2006
514,50.764000,5.931700,"193,418","308,371",NL,HGN,"HEIMANSGROEVE, NETHE",,
25,50.764000,5.931700,"193,418","308,371",NL,HGN0,Heimansgroeve,broadband,6/6/2001
434,53.146400,7.003600,"263,145","574,509",NL,HLB,Heiligerlee,borehole,9/1/2018
433,53.149100,7.007100,"263,372","574,815",NL,HLG,Heiligerlee,borehole,9/1/2018
432,53.140400,7.006500,"263,354","573,846",NL,HLH,Heiligerlee,borehole,9/1/2018
431,53.144900,7.009800,"263,563","574,352",NL,HLK,Heiligerlee,borehole,9/1/2018
477,51.187900,6.167800,"209,573","355,679",NL,HRKB,Herkenbosch,broadband,8/6/2018
33,53.071000,6.351200,"219,611","565,337",NL,HWF0,Haulerwijk (Een),borehole,2/6/1995
508,53.071000,6.351200,"219,611","565,337",NL,HWF1,Haulerwijk (Een) niv,,
246,53.071000,6.351200,"219,611","565,337",NL,HWF2,Haulerwijk (Een) niv,,
136,53.071000,6.351200,"219,611","565,337",NL,HWF3,Haulerwijk (Een) niv,,
69,53.071000,6.351200,"219,611","565,337",NL,HWF4,Haulerwijk (Een) niv,,
423,52.765000,5.054600,"132,550","530,905",EC,J010,Middenmeer,broadband,1/6/2014
435,52.725500,5.194800,"142,001","526,476",EC,J02,Andijk,broadband,9/1/2018
440,52.874400,6.984400,"262,530","544,217",NL,L106,Valthermond,borehole,7/6/2018
443,52.875400,6.984400,"262,528","544,328",NL,L1061,Valthermond,borehole,7/6/2018
442,52.873900,6.982900,"262,431","544,159",NL,L1062,Valthermond,borehole,7/6/2018
441,52.873900,6.985900,"262,633","544,164",NL,L1063,Valthermond,borehole,7/6/2018
460,52.920400,7.095300,"269,875","549,506",NL,L107,Ter Wisch,borehole,3/2/2018
463,52.921300,7.096300,"269,940","549,608",NL,L1071,Ter Wisch,borehole,3/2/2018
462,52.920500,7.093600,"269,760","549,514",NL,L1072,Ter Wisch,borehole,3/2/2018
461,52.919500,7.096000,"269,924","549,407",NL,L1073,Ter Wisch,borehole,3/2/2018
456,52.810000,6.823400,"251,835","536,824",NL,L206,t Haantje,borehole,3/2/2018
459,52.809400,6.824700,"251,924","536,759",NL,L2061,t Haantje,borehole,3/2/2018
458,52.811100,6.823700,"251,853","536,947",NL,L2062,t Haantje,borehole,3/2/2018
457,52.809700,6.821800,"251,728","536,789",NL,L2063,t Haantje,borehole,3/2/2018
444,52.756700,6.973800,"262,105","531,106",NL,L207,Nieuw-Dordrecht,borehole,6/6/2018
447,52.757200,6.975300,"262,205","531,164",NL,L2071,Nieuw-Dordrecht,borehole,6/6/2018
446,52.757300,6.972400,"262,009","531,171",NL,L2072,Nieuw-Dordrecht,borehole,6/6/2018
445,52.755700,6.973800,"262,107","530,995",NL,L2073,Nieuw-Dordrecht,borehole,6/6/2018
452,52.669500,6.918600,"258,584","521,324",NL,L208,Schoonebeek,borehole,3/2/2018
455,52.670000,6.920000,"258,678","521,382",NL,L2081,Schoonebeek,borehole,3/2/2018
454,52.668400,6.918700,"258,594","521,202",NL,L2082,Schoonebeek,borehole,3/2/2018
453,52.669900,6.917000,"258,475","521,367",NL,L2083,Schoonebeek,borehole,3/2/2018
448,53.031800,6.631200,"238,451","561,263",NL,L411,Taarlo,borehole,3/2/2018
451,53.031000,6.630000,"238,372","561,173",NL,L4111,Taarlo,borehole,3/2/2018
450,53.031500,6.632800,"238,559","561,231",NL,L4112,Taarlo,borehole,3/2/2018
449,53.032800,6.630700,"238,416","561,374",NL,L4113,Taarlo,borehole,3/2/2018
436,53.240200,6.953800,"259,586","584,873",NL,L508,Nieuwolda,borehole,7/6/2018
439,53.241300,6.953900,"259,590","584,996",NL,L5081,Nieuwolda,borehole,7/6/2018
438,53.239700,6.955400,"259,694","584,820",NL,L5082,Nieuwolda,borehole,7/6/2018
437,53.239700,6.952400,"259,494","584,815",NL,L5083,Nieuwolda,borehole,7/6/2018
421,50.800000,5.972700,"196,279","312,399",NL,MAME,Mamelis,broadband,16/4/2015
408,53.118500,6.473300,"227,711","570,740",NL,N010,Lieveren,borehole,14/4/2016
181,53.118510,6.473259,"227,711","570,741",NL,N011,Lieveren,,
539,53.118510,6.473259,"227,711","570,741",NL,N012,Lieveren,,
499,53.118510,6.473259,"227,711","570,741",NL,N013,Lieveren,,
579,53.118510,6.473259,"227,711","570,741",NL,N014,Lieveren,,
409,53.072000,6.453000,"226,429","565,544",NL,N020,Norg,borehole,4/2/2016
646,53.071995,6.452966,"226,429","565,544",NL,N021,Norg,,
512,53.071995,6.452966,"226,429","565,544",NL,N022,Norg,,
267,53.071995,6.452966,"226,429","565,544",NL,N023,Norg,,
232,53.071995,6.452966,"226,429","565,544",NL,N024,Norg,,
410,53.111000,6.404500,"223,120","569,841",NL,N030,Steenbergen,borehole,4/2/2016
545,53.111030,6.404509,"223,121","569,841",NL,N031,Steenbergen,,
63,53.111030,6.404509,"223,121","569,841",NL,N032,Steenbergen,,
213,53.111030,6.404509,"223,121","569,841",NL,N033,Steenbergen,,
326,53.111030,6.404509,"223,121","569,841",NL,N034,Steenbergen,,
49,52.100300,5.814500,"184,278","456,981",NR,NE011,Otterloo,broadband,2/10/2009
48,52.968200,7.097200,"269,876","554,827",NR,NE018,Vlagtwedde,broadband,28/4/2010
24,52.088000,5.172000,"140,251","455,548",NR,NE05,Utrecht,broadband,1/12/1981
465,52.087500,5.171000,"140,182","455,493",NR,NE05,Utrecht,broadband,12/1/1981
47,51.852800,4.135300,"68,750","430,101",NR,NE103,Nieuwenhoorn,broadband,
46,52.157400,4.379400,"86,037","463,727",NR,NE104,Wassenaar,broadband,9/1/2013
45,51.866700,5.125100,"136,947","430,938",NR,NE105,Herwijnen,broadband,8/7/2014
478,51.504200,4.920900,"122,625","390,679",NR,NE116,Chaam,broadband,6/9/2012
44,53.213400,7.119600,"270,725","582,145",NR,NE117,Finsterwolde,broadband,4/10/2012
389,53.354800,6.043000,"198,667","596,689",NL,NIW0,Niawier (Wetzens),borehole,20/5/2009
221,53.354800,6.043000,"198,667","596,689",NL,NIW1,Niawier (Wetzens) ni,,
293,53.354800,6.043000,"198,667","596,689",NL,NIW2,Niawier (Wetzens) ni,,
305,53.354800,6.043000,"198,667","596,689",NL,NIW3,Niawier (Wetzens) ni,,
563,53.354800,6.043000,"198,667","596,689",NL,NIW4,Niawier (Wetzens) ni,,
30,51.588800,5.812100,"184,446","400,074",NL,OPLO,Oploo,broadband,3/9/1998
38,52.628900,4.822700,"116,780","515,859",NL,OTL0,Oterleek,borehole,21/4/1995
97,52.628900,4.822700,"116,780","515,859",NL,OTL1,Oterleek niveau 1,,
128,52.628900,4.822700,"116,780","515,859",NL,OTL2,Oterleek niveau 2,,
608,52.628900,4.822700,"116,780","515,859",NL,OTL3,Oterleek niveau 3,,
603,52.628900,4.822700,"116,780","515,859",NL,OTL4,Oterleek niveau 4,,
43,52.652600,4.670000,"106,467","518,587",NL,PPB0,Philisteinsche Polde,borehole,10/2/1995
8,52.652600,4.670000,"106,467","518,587",NL,PPB1,Philisteinsche Polde,,
17,52.652600,4.670000,"106,467","518,587",NL,PPB2,Philisteinsche Polde,,
208,52.652600,4.670000,"106,467","518,587",NL,PPB3,Philisteinsche Polde,,
117,52.652600,4.670000,"106,467","518,587",NL,PPB4,Philisteinsche Polde,,
420,50.869400,6.084700,"204,102","320,188",NL,ROLD,Rolduc,broadband,16/4/2015
412,52.855100,4.868300,"120,048","541,005",NL,SL01,Anna Paulowna,borehole,12/5/2017
641,52.855091,4.868278,"120,046","541,004",NL,SL010,Anna Paulowna,,
340,52.855091,4.868278,"120,046","541,004",NL,SL011,Anna Paulowna,,
529,52.855091,4.868278,"120,046","541,004",NL,SL012,Anna Paulowna,,
634,52.855091,4.868278,"120,046","541,004",NL,SL013,Anna Paulowna,,
593,52.855091,4.868278,"120,046","541,004",NL,SL014,Anna Paulowna,,
384,53.409800,6.783800,"247,872","603,512",NL,SPY0,Spijk (Roodeschool),borehole,8/7/2010
542,53.409800,6.783800,"247,872","603,512",NL,SPY1,Spijk (Roodeschool),,
211,53.409800,6.783800,"247,872","603,512",NL,SPY2,Spijk (Roodeschool),,
535,53.409800,6.783800,"247,872","603,512",NL,SPY3,Spijk (Roodeschool),,
183,53.409800,6.783800,"247,872","603,512",NL,SPY4,Spijk (Roodeschool),,
388,53.211300,6.211000,"210,036","580,834",NL,SUH0,Surhuizum,borehole,26/8/2009
309,53.211300,6.211000,"210,036","580,834",NL,SUH1,Surhuizum niveau 1,,
226,53.211300,6.211000,"210,036","580,834",NL,SUH2,Surhuizum niveau 2,,
58,53.211300,6.211000,"210,036","580,834",NL,SUH3,Surhuizum niveau 3,,
564,53.211300,6.211000,"210,036","580,834",NL,SUH4,Surhuizum niveau 4,,
419,52.464300,6.740100,"246,939","498,254",NL,T010,Langeveen,borehole,8/12/2015
182,52.464256,6.740072,"246,937","498,249",NL,T011,Langeveen (niveau 1),,
546,52.464256,6.740072,"246,937","498,249",NL,T012,Langeveen (niveau 2),,
217,52.464256,6.740072,"246,937","498,249",NL,T013,Langeveen (niveau 3),,
126,52.464256,6.740072,"246,937","498,249",NL,T014,Langeveen (niveau 4),,
416,52.463400,6.978700,"263,154","498,483",NL,T020,Breklenkamp,borehole,13/1/2016
120,52.463356,6.978702,"263,154","498,479",NL,T021,Breklenkamp (niveau,,
137,52.463356,6.978702,"263,154","498,479",NL,T022,Breklenkamp (niveau,,
636,52.463356,6.978702,"263,154","498,479",NL,T023,Breklenkamp (niveau,,
131,52.463356,6.978702,"263,154","498,479",NL,T024,Breklenkamp (niveau,,
418,52.429700,6.791800,"250,526","494,471",NL,T030,Mander,borehole,8/12/2015
584,52.429680,6.791780,"250,525","494,469",NL,T031,Mander (niveau 1),,
329,52.429680,6.791780,"250,525","494,469",NL,T032,Mander (niveau 2),,
101,52.429680,6.791780,"250,525","494,469",NL,T033,Mander (niveau 3),,
551,52.429680,6.791780,"250,525","494,469",NL,T034,Mander (niveau 4),,
415,52.437500,6.890400,"257,213","495,474",NL,T040,Hezingen,borehole,13/1/2016
289,52.437466,6.890450,"257,217","495,470",NL,T041,Hezingen (niveau 1),,
315,52.437466,6.890450,"257,217","495,470",NL,T042,Hezingen (niveau 2),,
7,52.437466,6.890450,"257,217","495,470",NL,T043,Hezingen (niveau 3),,
630,52.437466,6.890450,"257,217","495,470",NL,T044,Hezingen (niveau 4),,
417,52.380600,6.905700,"258,386","489,166",NL,T050,Agelo,borehole,8/12/2015
64,52.380554,6.905661,"258,384","489,160",NL,T051,Agelo (niveau 1),,
78,52.380554,6.905661,"258,384","489,160",NL,T052,Agelo (niveau 2),,
254,52.380554,6.905661,"258,384","489,160",NL,T053,Agelo (niveau 3),,
336,52.380554,6.905661,"258,384","489,160",NL,T054,Agelo (niveau 4),,
414,52.343200,6.909700,"258,746","485,011",NL,T060,Weerselo,borehole,4/2/2016
95,52.343227,6.909716,"258,747","485,014",NL,T061,Weerselo (niveau 1),,
242,52.343227,6.909716,"258,747","485,014",NL,T062,Weerselo (niveau 2),,
250,52.343227,6.909716,"258,747","485,014",NL,T063,Weerselo (niveau 3),,
312,52.343227,6.909716,"258,747","485,014",NL,T064,Weerselo (niveau 4),,
413,52.389300,6.996500,"264,546","490,267",NL,T080,Denekamp,borehole,7/4/2016
238,52.389330,6.996486,"264,545","490,270",NL,T081,Denekamp (niveau 1),,
11,52.389330,6.996486,"264,545","490,270",NL,T082,Denekamp (niveau 2),,
256,52.389330,6.996486,"264,545","490,270",NL,T083,Denekamp (niveau 3),,
571,52.389330,6.996486,"264,545","490,270",NL,T084,Denekamp (niveau 4),,
36,52.544000,6.669300,"241,970","507,033",NL,VBG0,Venebrugge,borehole,28/4/1995
351,52.544000,6.669300,"241,970","507,033",NL,VBG1,Venebrugge niveau 1,,
257,52.544000,6.669300,"241,970","507,033",NL,VBG2,Venebrugge niveau 2,,
550,52.544000,6.669300,"241,970","507,033",NL,VBG3,Venebrugge niveau 3,,
132,52.544000,6.669300,"241,970","507,033",NL,VBG4,Venebrugge niveau 4,,
369,51.428300,6.093700,"204,134","382,370",NL,VEN2,Grubbenvorst,broadband,
225,50.866900,5.784700,"182,984","319,752",NL,VKB,"Valkenburg, Netherla",,
383,50.866900,5.784700,"182,984","319,752",NL,VKB0,Valkenburg,broadband,1/6/2011
34,52.968200,7.097200,"269,876","554,827",NL,VLW0,Vlagtwedde,borehole,23/5/1995
515,52.968200,7.097200,"269,876","554,827",NL,VLW1,Vlagtwedde niveau 1,,
89,52.968200,7.097200,"269,876","554,827",NL,VLW2,Vlagtwedde niveau 2,,
74,52.968200,7.097200,"269,876","554,827",NL,VLW3,Vlagtwedde niveau 3,,
16,52.968200,7.097200,"269,876","554,827",NL,VLW4,Vlagtwedde niveau 4,,
425,53.036000,6.604600,"236,659","561,700",NL,VRS,Vries,accelerometer,2/18/2019
41,53.208300,6.735500,"245,080","581,028",NL,WDB0,Woudbloem,borehole,12/4/1995
1,53.208300,6.735500,"245,080","581,028",NL,WDB1,Woudbloem niveau 1,,
648,53.208300,6.735500,"245,080","581,028",NL,WDB2,Woudbloem niveau 2,,
219,53.208300,6.735500,"245,080","581,028",NL,WDB3,Woudbloem niveau 3,,
266,53.208300,6.735500,"245,080","581,028",NL,WDB4,Woudbloem niveau 4,,
628,52.813500,6.669500,"241,452","537,018",NL,WIT,WIT,,
37,52.709600,4.749800,"111,923","524,879",NL,WMH0,Warmenhuizen,borehole,21/4/1995
192,52.709600,4.749800,"111,923","524,879",NL,WMH1,Warmenhuizen niveau,,
524,52.709600,4.749800,"111,923","524,879",NL,WMH2,Warmenhuizen niveau,,
604,52.709600,4.749800,"111,923","524,879",NL,WMH3,Warmenhuizen niveau,,
317,52.709600,4.749800,"111,923","524,879",NL,WMH4,Warmenhuizen niveau,,
26,51.966300,6.798900,"252,013","442,929",NL,WTSB,Winterswijk,broadband,21/2/2000
386,53.199500,5.457800,"159,717","579,208",NL,WYN0,Wijnaldum,borehole,3/3/2010
206,53.199500,5.457800,"159,717","579,208",NL,WYN1,Wijnaldum niveau 1,,
282,53.199500,5.457800,"159,717","579,208",NL,WYN2,Wijnaldum niveau 2,,
159,53.199500,5.457800,"159,717","579,208",NL,WYN3,Wijnaldum niveau 3,,
156,53.199500,5.457800,"159,717","579,208",NL,WYN4,Wijnaldum niveau 4,,
429,51.913700,4.288100,"79,379","436,706",NL,ZH01,Vlaardingen,borehole,12/14/2018
40,53.092100,6.753300,"246,514","568,121",NL,ZL20,Zuidlaarderveen 2,borehole,12/4/1995
71,53.092100,6.753300,"246,514","568,121",NL,ZL21,Zuidlaarderveen 2 ni,,
198,53.092100,6.753300,"246,514","568,121",NL,ZL22,Zuidlaarderveen 2 ni,,
549,53.092100,6.753300,"246,514","568,121",NL,ZL23,Zuidlaarderveen 2 ni,,
61,53.092100,6.753300,"246,514","568,121",NL,ZL24,Zuidlaarderveen 2 ni,,
39,53.092100,6.753300,"246,514","568,121",NL,ZLV0,Zuidlaarderveen 1,borehole,12/4/1995
98,53.092100,6.753300,"246,514","568,121",NL,ZLV1,Zuidlaarderveen 1 ni,,
68,53.092100,6.753300,"246,514","568,121",NL,ZLV2,Zuidlaarderveen 1 ni,,
334,53.092100,6.753300,"246,514","568,121",NL,ZLV3,Zuidlaarderveen 1 ni,,
160,53.092100,6.753300,"246,514","568,121",NL,ZLV4,Zuidlaarderveen 1 ni,,
276,53.092100,6.753300,"246,514","568,121",NL,ZLV5,Zuidlaarderveen 1 op,,
385,53.188500,5.604500,"169,525","578,004",NL,ZWE0,Zweins,borehole,24/3/2010
104,53.188500,5.604500,"169,525","578,004",NL,ZWE1,Zweins niveau 1,,
557,53.188500,5.604500,"169,525","578,004",NL,ZWE2,Zweins niveau 2,,
498,53.188500,5.604500,"169,525","578,004",NL,ZWE3,Zweins niveau 3,,
83,53.188500,5.604500,"169,525","578,004",NL,ZWE4,Zweins niveau 4,,
,53.1151,6.839,252203,570792,NL,VNDM,Veendam,borehole,28/5/2019
,53.0143,6.5706,234418,559247,NL,ASS2,"Assen - Borgstee
",accelerometer,24/04/2020
,53.0791,6.7026,243145,566611,NL,ZDL,Zuidlaren,accelerometer,01/03/2021
,53.0797,6.8116,250447,566816,NL,EVK,Eesterveenschekanaal,accelerometer,25/03/2022
,53.0844,6.8336,251910,567369,NL,VDM2,Wildervank,borehole,22/04/2022
,53.1005,6.5429,232406,568809,NL,DON,Donderen,accelerometer,25/01/2021
,53.3061,6.8546,252815,592066,NL,TK0,Appingedam,broadband,30/11/2021
,53.3067,6.8474,252333,592123,NL,TK0,Appingedam,broadband,30/11/2021
,53.3116,6.8843,254781,592719,NL,TK0,Appingedam,broadband,30/11/2021
,,,,,,,,,
,,,,,,,,,
Differences between 2020 NAM list and current KNMI list (as given on KNMI web page) ,,,,,,,,,
Obsolete,,,,,,,,,
403,53.229200,6.709000,"243,266","583,316",NL,BHAR,Harkstede,accelerometer,17/9/2014
619,53.347300,6.642300,"238,581","596,379",NL,BMD1,,,
402,53.400100,6.754800,"245,966","602,400",NL,BONL,,,
20,53.407000,6.672700,"240,487","603,067",NL,BUHZ,Uithuizen,accelerometer,7/10/2013
406,53.311200,6.748400,"245,724","592,495",NL,BWIN,Winneweer,accelerometer,17/9/2014
21,53.365700,6.775100,"247,389","598,590",NL,BZN1,t Zandt 1,accelerometer,24/10/2013
503,53.356800,6.754700,"246,051","597,580",NL,BZN2,t Zandt 2,accelerometer,23/9/2013
174,53.353500,6.862600,"253,242","597,354",NL,G150,,,
New,,,,,,,,,
,53.0143,6.5706,234418,559247,NL,ASS2,"Assen - Borgstee
",accelerometer,24/04/2020
,53.0791,6.7026,243145,566611,NL,ZDL,Zuidlaren,accelerometer,01/03/2021
,53.0797,6.8116,250447,566816,NL,EVK,Eesterveenschekanaal,accelerometer,25/03/2022
,53.0844,6.8336,251910,567369,NL,VDM2,Wildervank,borehole,22/04/2022
,53.1005,6.5429,232406,568809,NL,DON,Donderen,accelerometer,25/01/2021
,53.3061,6.8546,252815,592066,NL,TK0,Appingedam,broadband,30/11/2021
,53.3067,6.8474,252333,592123,NL,TK0,Appingedam,broadband,30/11/2021
,53.3116,6.8843,254781,592719,NL,TK0,Appingedam,broadband,30/11/2021
