YYMMDD,TIME,LOCATION,LAT,LON,DEPTH,MAG,EVALMODE
19861226,74751,Assen,52.992,6.548,1,2.8,manual
19871214,204948,Hooghalen,52.928,6.552,1.5,2.5,manual
19891201,200916.8,Kwadijk,52.529,4.971,1.2,2.7,manual
19910215,21116.54,Emmen,52.771,6.914,3,2.2,manual
19910425,102631.58,Eleveld,52.952,6.575,3,2.6,manual
19910808,40114.22,Assen,52.965,6.573,3,2.7,manual
19911205,2455,Middelstum,53.358,6.657,3,2.4,manual
19920523,152911.43,Geelbroek,52.953,6.572,3,2.6,manual
19920524,180005.95,Assen,52.956,6.562,3,1.6,manual
19920611,170937,Roswinkel,52.831,7.032,1.5,2.7,manual
19920722,232313.2,Assen,52.961,6.57,3,2.6,manual
19921206,203432.01,Loppersum,53.32,6.74,3,1.3,manual
19921211,130050.05,Froombosch,53.21,6.747,3,1.4,manual
19930212,114600.91,Tjuchem,53.294,6.868,3,1,manual
19930305,222725.22,Langelo,53.084,6.465,3,1.5,manual
19930312,221241.52,Sappemeer,53.16,6.805,3,0.9,manual
19930326,183421.16,Overschild,53.285,6.795,3,1.1,manual
19930505,200832.79,Westerbroek,53.177,6.685,3,1.5,manual
19930514,193942,Wirdum,53.305,6.793,3,1.1,manual
19930627,20851.8,Westerwijtwerd,53.316,6.65,3,1.4,manual
19930627,25710.06,Stedum,53.315,6.66,3,1,manual
19930710,2234.51,Oosterwijtwerd,53.333,6.837,3,1.4,manual
19930727,133918.07,Oosterwijtwerd,53.336,6.808,3,0.8,manual
19930823,5121.69,Appingedam,53.332,6.848,3,0.7,manual
19930904,22450.15,'t Zandt,53.363,6.765,3,1.4,manual
19930922,173703.82,Eppenhuizen,53.368,6.675,3,2,manual
19930925,2133.46,Slochteren,53.208,6.812,3,0.9,manual
19931123,123147.68,Slochteren,53.202,6.82,3,2.2,manual
19931222,20442.79,Ten Post,53.294,6.753,3,1.6,manual
19940204,213238.91,Garrelsweer,53.306,6.777,3,1.3,manual
19940205,151005.8,Roswinkel,52.833,7.045,1.5,2.9,manual
19940228,210016.59,Garsthuizen,53.37,6.72,3,0.6,manual
19940302,103638.09,Overschild,53.279,6.807,3,1.5,manual
19940306,200231.23,Appingedam,53.323,6.805,3,1,manual
19940314,93101.18,Leermens,53.345,6.808,3,1.3,manual
19940314,104400,Zandeweer,53.39,6.68,3,1.6,manual
19940314,223209.67,Kolham,53.17,6.747,3,1.1,manual
19940324,52903.8,Farmsum,53.316,6.962,3,0.8,manual
19940404,184611.65,Overschild,53.275,6.828,3,1.3,manual
19940507,200853.67,Froombosch,53.194,6.798,3,1,manual
19940510,13411.97,Schildwolde,53.226,6.835,3,0.8,manual
19940605,21450.79,Meedhuizen,53.294,6.95,3,1,manual
19940606,40826.16,Zuidbroek,53.156,6.823,3,1,manual
19940608,222024.55,Huizinge,53.359,6.682,3,1.5,manual
19940626,174438.88,Appingedam,53.335,6.852,3,1,manual
19940627,205853.88,Roodeschool,53.423,6.77,3,1.7,manual
19940701,62742.61,Onderdendam,53.324,6.613,3,2.7,manual
19940719,81729.67,Garsthuizen,53.372,6.743,3,2,manual
19940730,91820.78,Toornwerd,53.351,6.628,1,2.7,manual
19940730,95329.68,Warffum,53.365,6.577,1,1.3,manual
19940806,180219.2,Bergen,52.654,4.711,2.5,3,manual
19940816,143739.85,Anloo,53.061,6.698,3,2.3,manual
19940907,220604.3,Warffum,53.402,6.575,3,1.4,manual
19940909,155654.38,Erica,52.714,6.915,3,1.7,manual
19940921,11258.13,Bergen,52.658,4.708,2.5,3.2,manual
19940923,195000,Schoonebeek,52.67,6.88,3,1.3,manual
19941026,214101.83,Luddeweer,53.246,6.737,3,1.2,manual
19941213,215046.58,Overschild,53.282,6.815,3,1,manual
19950124,93839.19,Delfzijl,53.316,6.897,3,1.3,manual
19950131,194755.62,Annen,53.063,6.72,3,2,manual
19950201,3132,Nieuw Annerveen,53.079,6.775,3,1.2,manual
19950321,163744.34,Eems-Dollard (nabij Eemshaven),53.438,6.913,3,1.1,manual
19950406,80343.45,Huizinge,53.36,6.68,3,2,manual
19950426,173549.64,Zuidlaren,53.084,6.668,3,0.7,manual
19950515,95239.35,Meedhuizen,53.309,6.945,3,1.8,manual
19950603,220638.2,Tolbert,53.19,6.358,3,0.9,manual
19950620,85940.12,Roswinkel,52.832,7.03,2,2.7,manual
19950715,160539.14,Slochteren,53.206,6.823,3,1,manual
19950721,232440.48,Farmsum,53.276,6.963,3,1.1,manual
19950913,213436.83,Loppersum,53.335,6.728,3,1.1,manual
19951018,3427.36,Peize,53.129,6.492,3,1.3,manual
19951102,10700.71,Westeremden,53.352,6.718,3,1.6,manual
19951104,55043.21,Uithuizermeeden,53.47,6.722,3,1.8,manual
19951120,22054.73,Garrelsweer,53.315,6.762,3,1.1,manual
19951224,132634.16,Jisp,52.511,4.847,3,2.3,manual
19951230,20408.94,Roswinkel,52.845,7.048,3,1.2,manual
19960212,140224.24,Overschild,53.256,6.767,3,0.9,manual
19960224,33107.56,Emmen,52.761,6.908,3,1.8,manual
19960225,135509.3,Roswinkel,52.838,7.062,1.5,0.9,manual
19960229,80734.42,Middelstum,53.343,6.64,3,2,manual
19960306,92050.2,Roswinkel,52.838,7.062,1.5,1.6,manual
19960312,5144.67,Nieuw Annerveen,53.064,6.79,3,1.1,manual
19960312,121348.17,Roswinkel,52.838,7.059,2,2.6,manual
19960312,183412.68,Zeegse,53.072,6.653,3,0.8,manual
19960314,222358.3,Roswinkel,52.838,7.064,2,1.1,manual
19960316,41632.77,Appingedam,53.298,6.848,3,1.4,manual
19960321,181905.48,Roswinkel,52.833,7.054,2,1.8,manual
19960401,185345.19,Amen,52.94,6.608,3,0.6,manual
19960401,232818.39,Nieuw Annerveen,53.067,6.79,3,0.1,manual
19960409,135834.43,Eexterveen,53.059,6.798,3,1.1,manual
19960415,34131.2,Ten Boer,53.289,6.688,3,0.9,manual
19960417,190512.18,Holwierde,53.357,6.883,3,0.9,manual
19960421,213602.32,Rottum,53.376,6.595,3,0.5,manual
19960425,232220.44,Holwierde,53.356,6.863,3,0.9,manual
19960607,42056.64,Annerveenschekanaal,53.085,6.78,3,1.2,manual
19960607,83407.01,Garrelsweer,53.309,6.778,3,1.3,manual
19960607,145910.82,Wildervank,53.082,6.832,3,0.7,manual
19960616,25327.88,Geelbroek,52.947,6.568,3,1.7,manual
19960703,214007.16,Eexterveen,53.053,6.803,3,0.8,manual
19960804,4217.83,Wachtum,52.724,6.738,3,1.6,manual
19960806,133827.76,Emmen,52.755,6.917,3,1.6,manual
19960809,23145.71,Schipborg,53.057,6.688,3,0.3,manual
19960809,63847.14,Farmsum,53.287,6.958,3,1.6,manual
19960811,11016.25,Laar (Duitsland),52.601,6.782,3,0.7,manual
19960825,222411.14,Geelbroek,52.945,6.57,3,1.7,manual
19960902,52051.92,Roden,53.147,6.422,3,2.1,manual
19961016,50900.1,Amen,52.941,6.61,3,1.3,manual
19961116,33349.87,Zeerijp,53.355,6.755,3,1.3,manual
19961117,45952.05,Wachtum,52.724,6.732,3,2.2,manual
19961130,202657.95,Nietap,53.165,6.41,3,1,manual
19961206,164648,Roswinkel,52.835,7.053,1.5,1.6,manual
19961216,160115.16,Wildervank,53.072,6.815,3,0.5,manual
19961216,160650.21,Wildervank,53.078,6.822,3,-0.1,manual
19961226,195205.57,Overschild,53.261,6.765,3,-0.2,manual
19961228,5408.57,Bunne,53.107,6.505,3,1.9,manual
19961228,181656.58,Roswinkel,52.834,7.043,2,2.7,manual
19961228,233946.9,Bunne,53.111,6.502,3,1.8,manual
19970108,12054.49,Westeremden,53.338,6.713,3,1.5,manual
19970114,211340.62,Ekehaar,52.943,6.577,3,0.7,manual
19970116,1247.39,Roswinkel,52.835,7.046,2,2.4,manual
19970124,40004.54,Zuidlaren,53.079,6.678,3,0.6,manual
19970217,72055.23,Zijldijk,53.387,6.752,3,1.6,manual
19970217,111600.47,Geelbroek,52.947,6.568,3,1.2,manual
19970219,215350.81,Roswinkel,52.832,7.038,2,3.4,manual
19970226,193122.43,Laar (Duitsland),52.642,6.803,3,1.2,manual
19970302,152532.54,Pieterzijl,53.288,6.267,3,1.3,manual
19970308,142904.28,Borgercompagnie,53.106,6.815,3,-0.8,manual
19970325,1307.74,Overschild,53.252,6.748,3,-0.2,manual
19970401,3419.04,Emmen,52.768,6.873,3,1.4,manual
19970409,222143.97,Noordbroek,53.2,6.865,3,0.5,manual
19970417,202802.9,Roswinkel,52.834,7.053,2,0.8,manual
19970429,181646.34,Schildwolde,53.249,6.803,3,1.4,manual
19970504,24239.74,Meedhuizen,53.3,6.93,3,1.1,manual
19970504,42909.85,Hoogezand,53.144,6.737,3,0.8,manual
19970519,154359.09,Roswinkel,52.836,7.053,2,1.3,manual
19970606,193918.88,Tjuchem,53.292,6.875,3,1.2,manual
19970619,231925.56,Zeerijp,53.364,6.753,3,1.8,manual
19970620,4537.7,Roswinkel,52.831,7.055,2,1.8,manual
19970621,3033.08,Zuidlaarderveen,53.094,6.752,3.5,1.9,manual
19970709,62312.06,Roswinkel,52.833,7.053,2,1.2,manual
19970717,25629.71,Annen,53.061,6.717,3,-0.7,manual
19970723,64436.04,Overschild,53.247,6.753,3,1.2,manual
19970818,44228.77,Roswinkel,52.834,7.05,2,1.6,manual
19970818,51732.25,Roswinkel,52.834,7.05,2,2.1,manual
19970822,102708.85,Eexterveen,53.063,6.813,3,0.2,manual
19970823,156.53,Eexterveen,53.063,6.813,3,0.6,manual
19970823,193935.04,Lageland,53.239,6.683,3,1.6,manual
19970913,213041.02,Loppersum,53.338,6.747,3,1.1,manual
19970914,193902.59,Annen,53.045,6.74,3,0.4,manual
19971101,225625.87,Uithuizen,53.427,6.705,3,1.4,manual
19971103,181248.77,Donderen,53.108,6.513,3,1.4,manual
19971104,195501.94,Wirdum,53.328,6.793,3,1.7,manual
19971115,162232.14,Borgercompagnie,53.104,6.822,3,0.3,manual
19971120,173521.04,Slochteren,53.206,6.792,3,1.2,manual
19971126,23537.01,Overschild,53.254,6.765,3,0.2,manual
19971203,144719.71,Tjuchem,53.279,6.897,3,1.8,manual
19971203,150103.65,Siddeburen,53.244,6.858,3,1.3,manual
19971207,70244.49,Zuidlaren,53.075,6.702,3,0.3,manual
19971223,62132.11,Farmsum,53.316,7.015,3,1.3,manual
19980108,81145.26,Amen,52.937,6.597,3,1.2,manual
19980122,103155.15,Assen,52.984,6.547,3.5,1.1,manual
19980128,213303.84,Roswinkel,52.833,7.042,2,2.7,manual
19980128,223404.37,Roswinkel,52.833,7.037,2,2,manual
19980131,83939.26,Overschild,53.236,6.745,3,0.7,manual
19980205,211149.34,Meedhuizen,53.291,6.935,3,1.1,manual
19980215,72416.42,Zeerijp,53.356,6.773,3,2.6,manual
19980329,60640.52,Loppersum,53.345,6.73,3,1.3,manual
19980419,80012.08,Loppersum,53.339,6.723,3,1.5,manual
19980419,153235.72,Uithuizen,53.425,6.682,3,1.6,manual
19980428,20225.27,Veendam,53.107,6.865,3,0.4,manual
19980430,10841.72,Scharmer,53.197,6.707,3,0.9,manual
19980518,220342.46,Uithuizermeeden,53.404,6.732,3,1.3,manual
19980530,94315.14,Froombosch,53.203,6.777,3,0.9,manual
19980714,121202.23,Roswinkel,52.833,7.053,2,3.3,manual
19980814,192516.89,Froombosch,53.192,6.803,3,1.1,manual
19980824,42858,Wirdum,53.298,6.81,3,2.4,manual
19980905,203611.24,Emmen,52.742,6.875,3,1.9,manual
19981004,32832.97,Zeerijp,53.353,6.748,3,1,manual
19981020,213205,Deurze,52.974,6.607,3,0.8,manual
19981101,174829.5,Eleveld,52.955,6.572,3,1.3,manual
19981212,75139.52,Zandeweer,53.392,6.698,3,2,manual
19981226,234802.19,Schildwolde,53.215,6.83,3,1.6,manual
19990111,93541.53,Roswinkel,52.837,7.057,2,1.1,manual
19990113,193637.03,'t Zandt,53.359,6.777,3,2.1,manual
19990131,45300.59,Steendam,53.255,6.825,3,0.4,manual
19990305,190040.23,Kiel-Windeweer,53.101,6.792,3,1,manual
19990306,55639.96,Wirdum,53.325,6.778,3,1.6,manual
19990312,190642.97,Roswinkel,52.833,7.051,2,1.3,manual
19990317,231425.46,Roswinkel,52.832,7.052,2,1.5,manual
19990421,105956.44,Appingedam,53.312,6.84,3,1.4,manual
19990422,225802.9,Ureterp,53.111,6.152,3,1,manual
19990506,181356.32,Roswinkel,52.836,7.055,2,1.4,manual
19990508,204018.93,Stedum,53.325,6.7,3,1.6,manual
19990514,183020.73,Roswinkel,52.834,7.052,2,1.7,manual
19990515,192830.36,Roswinkel,52.834,7.052,2,1.4,manual
19990521,938.86,Sappemeer,53.164,6.815,3,0.7,manual
19990607,202031.38,Steenbergen,53.097,6.402,3,1.1,manual
19990707,90311.36,Grolloo,52.95,6.627,3,1.3,manual
19990810,232418.31,Startenhuizen,53.382,6.727,3,1.4,manual
19990811,11800.96,Westeremden,53.346,6.702,3,0.7,manual
19990907,171623.54,Nieuw Annerveen,53.068,6.795,3,1.5,manual
19990907,194751.09,Eexterveen,53.057,6.813,3,0.5,manual
19991018,185609.54,Zuidlaren,53.078,6.718,3,0.4,manual
19991018,185755.4,Schipborg,53.06,6.678,3,0.3,manual
19991022,131916.77,Ekehaar,52.941,6.592,3,1.7,manual
19991208,53928.47,Sappemeer,53.179,6.802,3,0.3,manual
19991209,93800.05,Schildwolde,53.246,6.803,3,1.1,manual
19991209,95212.96,Froombosch,53.183,6.798,3,1,manual
19991210,61332.01,Sappemeer,53.175,6.792,3,1.4,manual
19991220,122929.69,Westeremden,53.352,6.71,3,1.5,manual
19991221,45237.74,Froombosch,53.19,6.765,3,1,manual
19991224,235241.12,Farmsum,53.32,6.947,3,1.8,manual
19991231,110055.33,Roswinkel,52.835,7.048,2,2.8,manual
20000107,141906.76,Roswinkel,52.834,7.043,2,1.1,manual
20000110,41807.46,Schipborg,53.077,6.655,3,0.6,manual
20000212,194810.61,Appingedam,53.321,6.822,3.5,1.7,manual
20000319,161336.08,Westeremden,53.343,6.698,3,1.6,manual
20000327,102322.03,Roswinkel,52.835,7.045,2,0.8,manual
20000401,31351.38,Dalen,52.685,6.75,3,1.3,manual
20000408,110729.68,Groningen,53.205,6.632,3,1.2,manual
20000408,211317.8,Losdorp,53.37,6.845,3,1.1,manual
20000414,230747.79,Garrelsweer,53.308,6.772,3,1.2,manual
20000516,11114.73,Eppenhuizen,53.38,6.71,3,1.9,manual
20000609,170347.28,Wildervank,53.087,6.813,3,1.1,manual
20000611,41220.13,Zeerijp,53.348,6.763,3,2,manual
20000612,154823.01,Loppersum,53.34,6.742,3,2.5,manual
20000615,14224.95,Steendam,53.28,6.847,3,2.5,manual
20000706,230956.72,Zeerijp,53.34,6.752,3,1.2,manual
20000710,150549.12,Vries,53.064,6.575,3,1,manual
20000713,84152.43,Vries,53.079,6.565,3,1.1,manual
20000716,13412,'t Zandt,53.367,6.782,3,1.5,manual
20000922,170516.77,Wildervank,53.076,6.82,3,1,manual
20000922,205206.4,Nieuw Annerveen,53.082,6.793,3,2.2,manual
20000923,34747.43,Nieuw Annerveen,53.081,6.788,2.7,1,manual
20001025,181034.79,Roswinkel,52.832,7.052,2.3,3.2,manual
20001112,21636.27,Deurze,52.977,6.608,3,0.3,manual
20001129,160648.39,Laar (Duitsland),52.626,6.742,3,1.6,manual
20001223,52006.17,Borgercompagnie,53.108,6.812,3,0.4,manual
20001226,163357.64,Meedhuizen,53.294,6.91,3,1.4,manual
20010226,113907.31,Wildervank,53.072,6.822,3,0.8,manual
20010318,41420.68,Lageland,53.243,6.692,3,1.6,manual
20010428,100008.29,Geelbroek,52.948,6.567,3,1.5,manual
20010428,100055.51,Eleveld,52.959,6.575,3,1.1,manual
20010428,230015.88,Roswinkel,52.833,7.053,2,2.4,manual
20010517,74815.47,Haren,53.173,6.612,3,1.4,manual
20010610,33533.2,Annen,53.049,6.753,3,0.5,manual
20010619,64955.57,Wildervank,53.079,6.82,3,1,manual
20010621,35049.05,Garrelsweer,53.295,6.8,3,1.7,manual
20010807,170901.5,Veendam,53.097,6.845,3,0.3,manual
20010909,65812.52,Bergen,52.651,4.713,2,3.5,manual
20010910,43015.43,Bergen,52.653,4.712,2,3.2,manual
20011010,64109.36,Schoorl,52.682,4.648,2.9,2.7,manual
20011010,140643.35,Slochteren,53.239,6.763,3,1,manual
20011010,140657.24,Slochteren,53.24,6.763,3,0.8,manual
20011112,143315.37,Waddenzee (nabij Dornum),53.694,7.377,3,1.4,manual
20011204,190831.06,Froombosch,53.204,6.785,3,0.2,manual
20011204,190837.83,Froombosch,53.204,6.785,3,0,manual
20011204,223337.96,Froombosch,53.21,6.743,3,1,manual
20011211,151717.62,Slochteren,53.217,6.788,3,0.7,manual
20011220,12542.98,Wildervank,53.081,6.838,3,0.5,manual
20011225,232811.71,Uithuizen,53.397,6.682,3,1.1,manual
20011226,123653.07,Eexterveen,53.056,6.805,3,-0.2,manual
20020205,103039.74,Stedum,53.319,6.717,3,2.2,manual
20020214,170104.74,Roswinkel,52.831,7.035,2,2.1,manual
20020227,35214.03,Oosterwijtwerd,53.337,6.827,3,1.1,manual
20020317,21627.9,Donderen,53.093,6.543,3,0.4,manual
20020414,11144.49,Nieuw Annerveen,53.072,6.787,3,1.7,manual
20020510,103348.95,Bierum,53.378,6.857,3,1.7,manual
20020511,100723.22,Ekehaar,52.943,6.58,3,1.5,manual
20020522,133813.04,Eleveld,52.956,6.585,3,1,manual
20020628,30647.38,Smilde,52.968,6.45,3,1.8,manual
20020718,53116.83,Froombosch,53.188,6.783,3,1.6,manual
20020727,150108.63,Geelbroek,52.947,6.565,3,1.6,manual
20020805,192810.16,Gasteren,53.055,6.657,3,0.9,manual
20020829,211322.74,Luddeweer,53.247,6.747,3,0,manual
20020905,21.45,Beerze,52.508,6.563,3,0.9,manual
20020906,60705.5,Borgercompagnie,53.112,6.842,3,0.6,manual
20020922,71333.43,Schipborg,53.056,6.68,3,0.6,manual
20020922,73013.81,Taarlo,53.035,6.638,3,0.5,manual
20021012,23213.63,Borgercompagnie,53.106,6.815,3,0.9,manual
20021014,234522.51,Roswinkel,52.834,7.045,2,0.9,manual
20021019,180339.43,Nieuw Annerveen,53.068,6.768,1.8,1.3,manual
20021214,1324.62,Dalerveen,52.676,6.832,3,1.4,manual
20021216,122339.09,Zuidlaren,53.092,6.718,3,1.4,manual
20021217,2318.74,Tjuchem,53.291,6.86,3,0.9,manual
20021218,203109.15,Zuidbroek,53.175,6.847,3,0.8,manual
20021224,25722.58,Roswinkel,52.833,7.042,2,1.4,manual
20030101,191615.31,Loppersum,53.337,6.743,3,1,manual
20030113,24545.5,Ravenswoud,52.971,6.413,3,1.7,manual
20030118,181243.32,Ten Post,53.287,6.77,3,1,manual
20030123,74616.66,Garrelsweer,53.307,6.752,3,1.6,manual
20030130,12730.24,Leermens,53.342,6.793,3,1.5,manual
20030131,152047.78,Slochteren,53.232,6.782,3,0.3,manual
20030202,93223.69,Ekehaar,52.95,6.588,3,2,manual
20030206,192524.91,Overschild,53.259,6.768,3,0.3,manual
20030211,192949.56,Zeerijp,53.352,6.773,3,1.3,manual
20030212,62220.02,Hellum,53.262,6.812,3,0.8,manual
20030214,65424.14,Boelenslaan,53.146,6.122,3,1.8,manual
20030228,215418.19,Loppersum,53.355,6.73,3,0.7,manual
20030303,205121.89,Middelstum,53.36,6.662,3,2.2,manual
20030306,201518.67,Kiel-Windeweer,53.141,6.753,3,0.9,manual
20030309,53126.7,Kantens,53.372,6.64,3,1.1,manual
20030323,160003.1,Uithuizermeeden,53.457,6.783,3,1.5,manual
20030329,210901.44,Lageland,53.237,6.682,3,0.4,manual
20030401,2552.09,Krewerd,53.364,6.852,3,0.3,manual
20030402,201948.74,Westeremden,53.34,6.718,3,1.9,manual
20030405,164948.33,Groningen,53.209,6.63,3,0.3,manual
20030406,750.7,Overschild,53.272,6.795,3,0.1,manual
20030406,5727.9,Froombosch,53.205,6.75,3,1,manual
20030406,230204.37,Froombosch,53.206,6.763,3,0.7,manual
20030416,162042.53,Overschild,53.281,6.775,3,0.7,manual
20030418,235955,Slochteren,53.238,6.753,3,0,manual
20030420,1939.19,Overschild,53.246,6.75,3,0.1,manual
20030428,215611.33,Woltersum,53.283,6.727,3,1,manual
20030429,25504.92,Woltersum,53.284,6.73,3,1.3,manual
20030514,205215.91,Siddeburen,53.254,6.865,3,0.8,manual
20030514,222346.52,Hellum,53.257,6.847,3,0.8,manual
20030521,45709.24,Annen,53.072,6.765,3,1.1,manual
20030523,25950.86,Wildervank,53.084,6.823,3,0.6,manual
20030531,231225.73,Siddeburen,53.247,6.875,3,0.8,manual
20030603,161538.91,Westeremden,53.337,6.683,3,1.5,manual
20030606,142716.47,Harkstede,53.225,6.682,3,0.7,manual
20030608,53047.24,Froombosch,53.192,6.788,3,1,manual
20030608,81416.55,Woltersum,53.271,6.737,3,1.5,manual
20030616,4417.12,Ravenswoud,52.963,6.407,2.6,2.3,manual
20030805,184508.49,Assen,52.975,6.558,3,1.1,manual
20030807,82421.12,Zeerijp,53.349,6.758,3,1.7,manual
20030807,105639.85,Zeerijp,53.345,6.748,3,1.3,manual
20030820,84614.99,Borgercompagnie,53.106,6.815,3,0.5,manual
20030825,42455,Kiel-Windeweer,53.108,6.792,3,0.7,manual
20030825,100535.89,Hoogezand,53.108,6.795,3,0.9,manual
20030922,175011.5,Uithuizen,53.395,6.688,3,2.4,manual
20030927,135754.15,Westeremden,53.348,6.697,3,2.7,manual
20031011,114408.34,Roswinkel,52.835,7.055,2,1.6,manual
20031024,15241.16,Garrelsweer,53.295,6.792,3,3,manual
20031026,91700.14,Garrelsweer,53.304,6.788,3,1.2,manual
20031029,143009.26,Froombosch,53.192,6.783,3,1,manual
20031110,2238.03,Stedum,53.325,6.69,3,3,manual
20031110,24055.01,Westeremden,53.349,6.71,3,1.4,manual
20031116,200411.48,Westeremden,53.344,6.702,3,2.7,manual
20031226,100958.93,Wirdum,53.32,6.802,3,1.4,manual
20031226,170510.76,Oud Annerveen,53.084,6.755,3,-0.6,manual
20031228,42918.29,Oud Annerveen,53.08,6.762,3,-0.3,manual
20031229,130959.31,Delfzijl,53.343,6.938,3,1.5,manual
20040112,10547.91,Kolham,53.189,6.745,3,1.6,manual
20040124,135344.54,Woltersum,53.271,6.72,3,1,manual
20040130,114740.99,Appingedam,53.314,6.868,3,1.2,manual
20040307,71830.45,Veendam,53.103,6.845,3,0.2,manual
20040308,14116.41,Meedhuizen,53.292,6.895,3,0.4,manual
20040316,234941.24,Veendam,53.09,6.88,3,1,manual
20040321,170544.58,Wagenborgen,53.255,6.918,3,1.4,manual
20040326,23245.52,Siddeburen,53.273,6.862,3,0.5,manual
20040415,45023.62,Eexterzandvoort,53.041,6.8,3,1,manual
20040430,221243.89,Scharmer,53.23,6.712,3,0.5,manual
20040524,50313.44,Wetsinge,53.31,6.525,3,1.4,manual
20040529,210642.27,Winsum,53.308,6.508,3,0.8,manual
20040531,5919.96,Winsum,53.313,6.518,3,0.3,manual
20040610,11326.72,Zandeweer,53.391,6.663,3,2.1,manual
20040621,233202.76,Geelbroek,52.944,6.568,3,2.8,manual
20040727,224945.94,Appingedam,53.343,6.875,3,1.2,manual
20040821,10632.82,Sappemeer,53.163,6.793,3,1.8,manual
20040822,25601.13,Ekehaar,52.946,6.585,3,1,manual
20040906,203120.28,Roswinkel,52.834,7.048,2,1,manual
20040910,15644.91,Schipborg,53.064,6.67,3,0.4,manual
20040918,33312.38,Uithuizermeeden,53.416,6.703,3,1.2,manual
20040922,124433,Winneweer,53.311,6.743,3,1.5,manual
20041008,132342.72,Wildervank,53.076,6.833,2.5,1.3,manual
20041030,114052.88,'t Zandt,53.356,6.778,3,1.4,manual
20041031,172721.88,Marwijksoord,52.952,6.633,3,0.9,manual
20041113,121557.32,Overschild,53.291,6.802,3,1.2,manual
20041123,221310.36,Borgercompagnie,53.116,6.82,3,0.3,manual
20041124,181857.95,Ten Post,53.289,6.753,3,1.9,manual
20041125,142554.43,Froombosch,53.194,6.772,3,0.6,manual
20041126,65801.52,Loppersum,53.314,6.737,3,1.6,manual
20041216,211430.2,Harkstede,53.231,6.652,3,0.8,manual
20050109,235938.53,Wirdum,53.323,6.797,3,1.7,manual
20050117,55.58,Appingedam,53.317,6.808,3,1.1,manual
20050130,23134.04,Ten Boer,53.277,6.692,3,1,manual
20050208,132033.86,Middelstum,53.316,6.638,3,2.3,manual
20050215,192111.01,Ekehaar,52.955,6.605,3,1,manual
20050216,104617.86,Roodeschool,53.404,6.793,3,1.3,manual
20050218,112629.87,Zuidlaren,53.081,6.673,3,0.6,manual
20050218,125546.58,Loppersum,53.34,6.735,3,1.3,manual
20050218,184925.65,Woudbloem,53.231,6.75,3,0.5,manual
20050218,220552.17,Lageland,53.239,6.727,3,1.6,manual
20050220,60324.65,Sappemeer,53.176,6.795,3,0,manual
20050225,34609.86,Oosterwijtwerd,53.336,6.812,3,1.6,manual
20050301,163159.41,Delfzijl,53.326,6.922,3,1.2,manual
20050308,230058.53,Wagenborgen,53.261,6.915,3,0.9,manual
20050310,20439.78,Oosterwijtwerd,53.342,6.81,3,2,manual
20050321,105833.93,Overschild,53.257,6.767,3,0.9,manual
20050321,232119.98,Buren,53.457,5.85,3,1.8,manual
20050402,232108.74,Overschild,53.27,6.798,3,1.2,manual
20050418,191116.59,Schildwolde,53.264,6.803,3,1,manual
20050421,204921.64,Tjuchem,53.291,6.885,3,0.9,manual
20050422,1449.67,Appingedam,53.334,6.858,3,0.8,manual
20050430,192802.72,Huizinge,53.359,6.7,3,1,manual
20050517,85014.19,Siddeburen,53.232,6.893,3,1,manual
20050525,213346.22,Noordbroek,53.194,6.85,3,1.1,manual
20050528,195757.64,Morra,53.374,6.088,3,1.4,manual
20050530,153645.87,Westeremden,53.343,6.71,3,2.3,manual
20050622,160202.05,Oosterwijtwerd,53.33,6.818,3,1.5,manual
20050709,170137.49,Lageland,53.238,6.685,3,1.1,manual
20050717,180707.83,Garrelsweer,53.319,6.747,3,1.8,manual
20050725,32158.98,Scharmer,53.212,6.712,3,0.8,manual
20050805,192302.02,Sappemeer,53.17,6.81,3,2.2,manual
20050910,20511.67,Garrelsweer,53.316,6.772,3,1.2,manual
20051005,91602.95,Westerwijtwerd,53.331,6.642,3,1.7,manual
20051012,160642.53,Smilde,52.963,6.45,3,2.5,manual
20051023,170338.08,Middelstum,53.366,6.675,3,1.9,manual
20051111,170229.54,Harkstede,53.224,6.697,3,1.4,manual
20060102,120045.67,Lageland,53.236,6.695,3,1.1,manual
20060110,234106.14,Eleveld,52.956,6.572,3,2.6,manual
20060114,222954.76,Sappemeer,53.177,6.767,3,0.3,manual
20060118,81246.65,Ten Post,53.29,6.765,3,1.5,manual
20060118,220815.79,Overschild,53.274,6.773,3,1.6,manual
20060120,202250.1,Loppersum,53.336,6.74,3,1.3,manual
20060123,111739.96,Lageland,53.237,6.697,3,1.9,manual
20060128,30042.03,Godlinze,53.38,6.818,3,1.1,manual
20060129,182653.14,Eleveld,52.952,6.58,3,1.1,manual
20060211,200135.92,Hellum,53.256,6.847,3,1.3,manual
20060212,143638.63,Garrelsweer,53.297,6.795,3,1.5,manual
20060224,45030.03,Wirdum,53.312,6.788,3,1.3,manual
20060304,43233.96,Hoogezand,53.144,6.742,3,1.8,manual
20060321,145033.7,Garrelsweer,53.302,6.755,3,2.4,manual
20060323,31223.91,Overschild,53.283,6.778,3,2.2,manual
20060325,135438.14,Roswinkel,52.834,7.045,2,2.1,manual
20060325,135551.17,Roswinkel,52.834,7.043,2,1.7,manual
20060405,14109.76,Delfzijl,53.344,6.89,3,1.4,manual
20060412,52029.14,Steendam,53.27,6.837,3,1.2,manual
20060413,73851.89,Garmerwolde,53.24,6.647,3,1.5,manual
20060416,135152.5,Wirdum,53.31,6.783,3,1.9,manual
20060416,184454.42,Garrelsweer,53.313,6.77,3,1.1,manual
20060419,173915.34,Westeremden,53.336,6.685,3,1.6,manual
20060422,34154.26,Loppersum,53.325,6.752,3,1.5,manual
20060422,170313.41,Rottum,53.382,6.598,3,0.4,manual
20060423,11818.28,Delfzijl,53.338,6.883,3,0.9,manual
20060423,150207.76,Warffum,53.389,6.537,3,1.1,manual
20060502,165201.31,Wirdum,53.314,6.797,3,1,manual
20060503,191637.31,Ten Post,53.29,6.767,3,1.2,manual
20060507,161132.06,Westeremden,53.345,6.717,3,1.4,manual
20060522,202340.85,Lageland,53.241,6.698,3,0.9,manual
20060606,31734.01,Schildwolde,53.238,6.81,3,1.4,manual
20060608,233106.38,Lageland,53.24,6.69,3,0.8,manual
20060616,210646.76,Ten Post,53.292,6.77,3,1.6,manual
20060617,24308.64,Garrelsweer,53.297,6.768,3,1.2,manual
20060617,131621.58,Appingedam,53.33,6.852,3,1.4,manual
20060623,223543.14,Garrelsweer,53.317,6.763,3,1.7,manual
20060624,164219.5,Oosterwijtwerd,53.341,6.823,3,1.2,manual
20060712,1356.33,Godlinze,53.369,6.813,3,0.9,manual
20060712,225623.84,Appingedam,53.309,6.868,3,1.3,manual
20060716,81039.15,Appingedam,53.303,6.867,3,1.5,manual
20060808,50400.05,Westeremden,53.35,6.697,3,3.5,manual
20060808,94923.38,Westeremden,53.349,6.707,3,2.5,manual
20060811,62123.03,Harkstede,53.219,6.672,3,1.1,manual
20060826,224118.56,Westeremden,53.343,6.712,3,2.3,manual
20060906,13732.17,Eelderwolde,53.189,6.522,3,1.8,manual
20060927,233044.28,Eppenhuizen,53.367,6.687,3,1.6,manual
20061006,1028.98,Garrelsweer,53.302,6.79,3,1.6,manual
20061015,201800.95,Emmen,52.767,6.885,3,1.6,manual
20061023,133805.84,Garsthuizen,53.372,6.738,3,2.3,manual
20061025,94541.93,Delfzijl,53.325,6.923,3,1.4,manual
20061026,25747.24,Laar (Duitsland),52.642,6.803,3,0.8,manual
20061026,135937.83,Oldenzijl,53.394,6.705,3,1.4,manual
20061104,210448.48,Ekehaar,52.934,6.578,3,1.3,manual
20061105,150025.43,Overschild,53.273,6.792,3,1.2,manual
20061225,45718.51,Leens,53.34,6.403,3,1.3,manual
20070110,183628.54,Appingedam,53.34,6.883,3,1.5,manual
20070118,222944.29,Overschild,53.274,6.767,3,0.9,manual
20070126,2009.1,Zeerijp,53.352,6.755,3,2.3,manual
20070131,10335.87,Eppenhuizen,53.368,6.672,3,1.2,manual
20070204,44735.16,Middelstum,53.346,6.658,3,0.6,manual
20070216,111409.06,Harkstede,53.228,6.702,3,1.5,manual
20070217,14114.01,Harkstede,53.227,6.703,3,2.6,manual
20070217,22108.02,Harkstede,53.228,6.683,3,0.9,manual
20070217,195801.45,Krewerd,53.351,6.857,3,0.9,manual
20070303,64333.49,Lageland,53.235,6.708,3,1.1,manual
20070311,10814.36,Wirdum,53.326,6.78,3,1.1,manual
20070321,230436.36,Lageland,53.24,6.722,3,1.2,manual
20070329,202814.25,Schipborg,53.068,6.693,3,0.7,manual
20070330,162505.67,Lageland,53.236,6.707,3,1.2,manual
20070401,154237.31,Harkstede,53.23,6.69,3,0.7,manual
20070413,145728.17,Woudbloem,53.226,6.743,3,1.2,manual
20070514,121924.02,Westeremden,53.331,6.702,3,2,manual
20070519,53322.59,Zuidbroek,53.163,6.828,3,0.4,manual
20070609,200733.63,Zeerijp,53.353,6.747,3,2.1,manual
20070610,172740.31,Middelstum,53.326,6.613,3,1.7,manual
20070611,21812.25,Westerwijtwerd,53.321,6.653,3,1.1,manual
20070623,20145.22,Stedum,53.317,6.703,3,1.2,manual
20070702,205703.35,Emmen,52.767,6.875,3,1.4,manual
20070815,54924.24,Garsthuizen,53.369,6.732,3,1.5,manual
20070917,50120.88,Leermens,53.344,6.8,3,1.5,manual
20070918,61633.81,Schildwolde,53.236,6.8,3,0.9,manual
20070928,52640.03,Middelstum,53.338,6.623,3,1.2,manual
20070930,141735.63,Froombosch,53.194,6.788,3,2.1,manual
20071027,15751.45,Loppersum,53.333,6.748,3,2,manual
20071113,102605.83,Overschild,53.293,6.823,3,1.7,manual
20071130,213745.84,Ubbena,53.053,6.568,3,1.5,manual
20071210,35913.85,Sauwerd,53.297,6.535,3,0.7,manual
20080102,33615.85,Hooghalen,52.939,6.56,3,1.4,manual
20080105,203149.73,Nieuw Annerveen,53.065,6.782,3,1.7,manual
20080107,215316.8,Garmerwolde,53.243,6.658,3,1.1,manual
20080124,192101.7,Froombosch,53.196,6.773,3,1.5,manual
20080212,24849.96,Wirdum,53.311,6.783,3,0.9,manual
20080217,163515.19,Zuidlaren,53.082,6.682,3,1.8,manual
20080219,154451.34,Kolham,53.183,6.762,3,0.9,manual
20080319,170210.02,Tinallinge,53.348,6.565,3,1.2,manual
20080329,165722.03,Appingedam,53.292,6.842,3,1.4,manual
20080331,70602.5,Westeremden,53.346,6.7,3,1.2,manual
20080402,11531.7,Ekehaar,52.946,6.592,3,1.9,manual
20080402,12837.19,Ekehaar,52.947,6.595,3,2.5,manual
20080407,43222.73,Meedhuizen,53.294,6.897,3,1.2,manual
20080411,225126.22,Tjuchem,53.283,6.875,3,1.1,manual
20080415,45403.21,Wetsinge,53.312,6.557,3,0.9,manual
20080422,114602.53,Nieuw Annerveen,53.068,6.77,3,1.8,manual
20080428,24701.09,Siddeburen,53.258,6.86,3,1.3,manual
20080505,195608.31,Onderdendam,53.333,6.59,3,1,manual
20080509,213303.07,Ten Post,53.286,6.725,3,1.3,manual
20080510,232035.31,Loppersum,53.327,6.728,3,1.2,manual
20080518,132346.14,Garsthuizen,53.375,6.728,2.8,2.2,manual
20080519,150729.55,Loppersum,53.325,6.74,3,1.9,manual
20080530,144808.51,Usquert,53.408,6.633,3,1.3,manual
20080601,110058.77,Garrelsweer,53.308,6.782,3,1.3,manual
20080610,205105.76,Wirdum,53.31,6.785,3,0.9,manual
20080615,62927.02,Noordzee,52.864,4.362,3.5,2.1,manual
20080622,210615.53,Hellum,53.248,6.842,3,0.9,manual
20080623,135214.53,Veendam,53.109,6.855,3,1.1,manual
20080710,65733.9,Holwierde,53.35,6.882,3,2.5,manual
20080723,200512.97,Harkstede,53.212,6.663,3,1.2,manual
20080805,23551.14,Emmen,52.761,6.908,3,2,manual
20080823,194907.37,Loppersum,53.33,6.725,3,0.9,manual
20080826,225552.65,Geelbroek,52.949,6.565,3,2.3,manual
20080914,203212.48,Middelstum,53.331,6.622,3,1.1,manual
20080915,222657.62,Eexterveen,53.053,6.803,3,1,manual
20080920,84558.68,Lageland,53.238,6.707,3,1.3,manual
20080929,102044.81,Rottum,53.379,6.602,3,1.8,manual
20081011,81939.9,Noordzee,52.7,4.372,3,2.6,manual
20081026,24850.06,Schildwolde,53.243,6.805,3,1.1,manual
20081026,74952.41,Hooghalen,52.944,6.553,3,1.7,manual
20081029,163621.82,Loppersum,53.33,6.71,3,1.4,manual
20081030,55429.08,Loppersum,53.337,6.72,3,3.2,manual
20081107,164001.27,Garsthuizen,53.381,6.735,3,2.2,manual
20081110,105506.9,Oud Annerveen,53.083,6.763,3,0.7,manual
20081116,225109.67,Eexterveen,53.048,6.792,3,1.2,manual
20081210,32238.9,Overschild,53.279,6.828,3,1.1,manual
20081215,204117.08,Middelstum,53.336,6.6,3,1.5,manual
20081223,151658.84,Uithuizermeeden,53.403,6.71,3,1.4,manual
20081224,32710.95,Vries,53.065,6.582,3,1.2,manual
20090101,83439.08,Zuidlaren,53.095,6.718,3,1.5,manual
20090101,93546.69,Delfzijl,53.33,6.902,3,1.2,manual
20090101,165446.91,'t Zandt,53.366,6.772,3,1.7,manual
20090108,11701.76,Westeremden,53.348,6.717,3,1.7,manual
20090109,201658.44,Westeremden,53.341,6.713,3,1.9,manual
20090115,124113.36,Appingedam,53.339,6.872,3,1,manual
20090117,60503.64,Sappemeer,53.17,6.795,3,1.1,manual
20090201,42324.16,Zeerijp,53.36,6.74,3,2.2,manual
20090203,65352.07,Appingedam,53.315,6.875,3,1.2,manual
20090204,122350.02,Garsthuizen,53.376,6.742,3,1.7,manual
20090205,115612.95,Delfzijl,53.328,6.923,3,1.1,manual
20090216,92455.58,Wirdum,53.298,6.8,3,1.4,manual
20090222,115626.65,Noordlaren,53.118,6.647,3,0.8,manual
20090223,180315.49,Tripscompagnie,53.132,6.83,3,1,manual
20090226,12149.58,Noordlaren,53.119,6.65,3,0.5,manual
20090226,30315.25,Noordlaren,53.118,6.647,3,1.1,manual
20090305,233634.62,Noordlaren,53.119,6.647,3,0.8,manual
20090312,43655.26,Noordlaren,53.117,6.645,3,0.6,manual
20090312,50022.29,Noordlaren,53.117,6.645,3,0.5,manual
20090312,145600.62,Noordlaren,53.117,6.647,3,0.8,manual
20090312,170751.79,Noordlaren,53.117,6.647,3,0.6,manual
20090313,143332.82,Holwierde,53.35,6.902,3,1.2,manual
20090314,153216.31,Noordlaren,53.119,6.652,3,1,manual
20090314,153227.7,Noordlaren,53.118,6.643,3,1,manual
20090314,201051.95,Noordlaren,53.116,6.637,3,0.5,manual
20090317,615.04,Noordlaren,53.121,6.652,3,0.4,manual
20090317,33407.36,Noordlaren,53.12,6.648,3,0.5,manual
20090317,43827.41,Noordlaren,53.119,6.648,3,1.4,manual
20090317,63252.22,Noordlaren,53.12,6.648,3,1.1,manual
20090317,163455.07,Noordlaren,53.118,6.652,3,0.5,manual
20090317,183957.72,Noordlaren,53.119,6.653,3,0.5,manual
20090317,184009.26,Noordlaren,53.119,6.645,3,0.6,manual
20090317,191016.55,Noordlaren,53.12,6.648,3,0.9,manual
20090317,191033.6,Noordlaren,53.12,6.648,3,0.9,manual
20090317,191049.31,Noordlaren,53.12,6.647,3,0.9,manual
20090317,191112.38,Noordlaren,53.121,6.648,3,1,manual
20090317,191535.8,Noordlaren,53.12,6.648,3,1,manual
20090317,191615.04,Noordlaren,53.12,6.648,3,1,manual
20090317,192736.41,Noordlaren,53.12,6.65,3,0.7,manual
20090317,192841.32,Noordlaren,53.12,6.65,3,0.7,manual
20090317,212851.49,Noordlaren,53.12,6.652,3,1.1,manual
20090317,224206.79,Noordlaren,53.119,6.652,3,0.8,manual
20090318,142639.47,Noordlaren,53.12,6.653,3,0.9,manual
20090318,181645.08,Noordlaren,53.119,6.65,3,0.9,manual
20090318,182718.77,Noordlaren,53.12,6.652,3,0.6,manual
20090320,210748.86,Noordlaren,53.119,6.642,3,0.5,manual
20090320,212154.82,Noordlaren,53.118,6.645,3,0.6,manual
20090320,213022.62,Noordlaren,53.12,6.647,3,0.5,manual
20090320,213748.46,Noordlaren,53.12,6.648,3,0.6,manual
20090320,224815.16,Noordlaren,53.12,6.655,3,0.4,manual
20090320,224929.96,Noordlaren,53.117,6.638,3,0.5,manual
20090321,43135.7,Noordlaren,53.122,6.648,3,0.2,manual
20090321,51106.51,Noordlaren,53.12,6.652,3,0.5,manual
20090322,3219.11,Noordlaren,53.12,6.648,3,1.2,manual
20090322,3453.49,Noordlaren,53.119,6.648,3,0.6,manual
20090327,25128.16,Wirdum,53.308,6.81,3,1,manual
20090414,210525.88,Huizinge,53.345,6.68,3,2.6,manual
20090414,233502.87,'t Zandt,53.358,6.78,3,0.9,manual
20090416,171215.91,Appingedam,53.313,6.845,3,2.6,manual
20090420,144251.49,Wirdum,53.296,6.808,3,1.5,manual
20090501,141301.73,Scharmer,53.222,6.72,3,1.2,manual
20090504,113116.56,'t Zandt,53.356,6.782,3,1.8,manual
20090507,12023.54,'t Zandt,53.379,6.778,3,1.4,manual
20090507,34212.64,Stedum,53.316,6.728,3,1.6,manual
20090507,131442.56,Lageland,53.253,6.723,3,1.2,manual
20090508,52311.95,Zeerijp,53.354,6.762,3,3,manual
20090508,155422.87,Kropswolde,53.142,6.715,3,0.9,manual
20090522,14029.53,Wildervank,53.076,6.835,3,1.3,manual
20090526,759.58,Meedhuizen,53.302,6.93,3,1.3,manual
20090526,110036.74,Farmsum,53.314,6.928,3,1.3,manual
20090601,23225.49,Siddeburen,53.23,6.878,3,0.9,manual
20090615,153250.85,Overschild,53.286,6.813,3,1,manual
20090705,104246.26,Garrelsweer,53.307,6.755,3,1.8,manual
20090705,185242.27,Schildwolde,53.226,6.835,3,1.2,manual
20090714,161114.14,Noordzee,52.773,4.308,3,2.7,manual
20090722,0.11,Ten Post,53.29,6.765,3,1.7,manual
20090819,14938.13,Groningen,53.231,6.632,3,0.7,manual
20090914,3251.39,Steendam,53.278,6.845,3,1.3,manual
20090929,22310.19,Wirdum,53.314,6.802,3,1.6,manual
20091102,20005.65,Emmen,52.79,6.863,3,1.4,manual
20091118,51749.39,Hoogezand,53.145,6.748,3,1.6,manual
20091119,10930.84,Wildervank,53.071,6.817,3.5,1.1,manual
20091119,132009.42,Assen,52.972,6.588,3,0.9,manual
20091120,92732.46,Garrelsweer,53.321,6.747,3,1.2,manual
20091126,125414.03,De Hoeve,52.892,6.113,3,2.8,manual
20091202,85331.22,Appingedam,53.291,6.833,3,1.1,manual
20091204,41232.14,Ten Post,53.284,6.743,3,2.3,manual
20091207,2459.87,Waddenzee (nabij Eemshaven),53.451,6.923,3,1.3,manual
20091221,45528.14,Woudbloem,53.224,6.743,3,1.5,manual
20091223,183825.41,Garrelsweer,53.309,6.76,3,1.5,manual
20091225,233752.17,Woudbloem,53.227,6.75,3,0.7,manual
20100109,123112.38,Eppenhuizen,53.367,6.665,3,1.7,manual
20100114,171222.65,Overschild,53.293,6.817,3,1.2,manual
20100211,71412.6,Oud Annerveen,53.084,6.767,3,0.3,manual
20100217,155501.98,Froombosch,53.192,6.792,3,1.2,manual
20100219,231251.58,Overschild,53.288,6.802,3,1.8,manual
20100304,195957.89,Leermens,53.342,6.792,3,1.4,manual
20100331,151502.77,Froombosch,53.19,6.777,3,2.4,manual
20100403,115056.76,Middelstum,53.346,6.658,3,1.4,manual
20100425,4600.4,Wirdum,53.318,6.8,3,1.6,manual
20100425,131317.17,Zuidbroek,53.157,6.85,3,1,manual
20100503,92616.07,Godlinze,53.387,6.81,3,2.3,manual
20100505,33803.03,Zijldijk,53.404,6.775,3,1.6,manual
20100507,82635.78,Waddenzee (nabij Usquert),53.491,6.617,3,2.5,manual
20100508,233607.21,Tjuchem,53.278,6.865,3,1,manual
20100509,170509.55,Wagenborgen,53.247,6.927,3,1.7,manual
20100521,23409.18,Tjuchem,53.281,6.87,3,0.9,manual
20100526,125359.07,Hellum,53.235,6.833,3,0.9,manual
20100530,185836.12,Lageland,53.238,6.678,3,1.5,manual
20100530,185857.99,Lageland,53.238,6.678,3,1.2,manual
20100608,22028.86,Noordbroek,53.199,6.847,3,1,manual
20100609,191922.46,Froombosch,53.182,6.775,3,2,manual
20100610,195735.18,Slochteren,53.226,6.652,3,1.1,manual
20100616,10757.96,Krewerd,53.358,6.853,3,1.5,manual
20100621,4007.48,Luddeweer,53.249,6.745,3,1.3,manual
20100621,40258.42,Groningen,53.218,6.62,3,1.5,manual
20100621,80603.7,Wildervank,53.074,6.835,3,1.7,manual
20100704,15804.72,Schildwolde,53.251,6.8,3,0.8,manual
20100724,4643.62,Ten Post,53.28,6.735,3,1.8,manual
20100814,74320.25,Uithuizen,53.403,6.703,3,2.5,manual
20100829,181330.57,Slochteren,53.209,6.828,3,1.6,manual
20100831,175456.58,Zandeweer,53.376,6.683,3,1.4,manual
20100903,105404.27,Schildwolde,53.227,6.813,3,1,manual
20101006,202223.96,Slochteren,53.218,6.775,3,0.9,manual
20101022,193111.37,Kolham,53.18,6.732,3,1,manual
20101031,144638.98,Appingedam,53.312,6.872,3,1,manual
20101115,114245.95,Westeremden,53.348,6.703,3,1.4,manual
20101124,41025.18,Farmsum,53.281,6.955,3,0.6,manual
20101202,134439.79,Usquert,53.423,6.58,3,1.2,manual
20101207,144250.06,Appingedam,53.313,6.862,3,1.2,manual
20101208,150205.55,Loppersum,53.317,6.735,3,1.1,manual
20101230,95658.47,Eems-Dollard (nabij Emden),53.335,7.005,3,0.9,manual
20110106,61736.34,Garrelsweer,53.295,6.78,3,1.3,manual
20110107,213437.32,Nieuwolda,53.245,6.967,3,1.7,manual
20110116,15617.92,Annen,53.057,6.762,3,1.8,manual
20110119,193931.66,Westerwijtwerd,53.319,6.645,3,2.4,manual
20110122,92817.93,Sappemeer,53.166,6.793,3,1.1,manual
20110128,150702.24,Lellens,53.301,6.712,3,1.5,manual
20110130,92804.07,Ten Post,53.302,6.722,3,1.4,manual
20110208,41625.01,Overschild,53.258,6.763,3,1.3,manual
20110311,43241.55,Siddeburen,53.263,6.863,3,1.4,manual
20110313,201610.68,Overschild,53.271,6.775,3,1.5,manual
20110314,200245.92,Sappemeer,53.176,6.812,3,0.8,manual
20110319,23439.44,Nieuwe Pekela,53.066,6.933,3,0.9,manual
20110326,23148.91,Hellum,53.253,6.82,3,1.2,manual
20110326,204554.34,Loppersum,53.335,6.732,3,1.5,manual
20110328,31448.65,Sappemeer,53.168,6.805,3,2,manual
20110408,10459.75,Eemshaven,53.446,6.843,3,1.3,manual
20110412,165840.48,Gieterveen,53.035,6.838,3,0.9,manual
20110413,202822.71,Overschild,53.288,6.8,3,0.9,manual
20110415,43853.89,Noordbroek,53.2,6.837,3,1.5,manual
20110420,202944.67,Veendam,53.083,6.902,3,0.8,manual
20110424,64008.96,Zuidbroek,53.156,6.853,3,0.5,manual
20110428,24104.04,Steendam,53.285,6.848,3,1.4,manual
20110428,84841.37,Stedum,53.312,6.727,3,1.4,manual
20110502,234410.44,Meeden,53.127,6.937,3,1.2,manual
20110505,418.06,Scheemda,53.174,6.932,3,0.8,manual
20110507,124410.55,Wirdum,53.328,6.772,3,1.1,manual
20110508,134023.27,Overschild,53.278,6.802,3,0.9,manual
20110510,33815.7,Krewerd,53.35,6.863,3,1,manual
20110510,172011.9,Harkstede,53.224,6.657,3,1.2,manual
20110512,164429.83,Kolham,53.195,6.757,3,1.8,manual
20110512,165105.76,Hellum,53.239,6.828,3,1.1,manual
20110518,226.51,Wirdum,53.32,6.77,3,0.8,manual
20110518,174825.84,Hellum,53.248,6.845,3,1.9,manual
20110519,904.96,Eems-Dollard (nabij Eemshaven),53.422,6.893,3,0.9,manual
20110519,181604.3,Krewerd,53.359,6.843,3,1.2,manual
20110519,194152.19,Zijldijk,53.396,6.777,3,1.4,manual
20110523,51513.59,Zuidbroek,53.155,6.818,3,0.9,manual
20110523,74931.21,Overschild,53.27,6.767,3,1.2,manual
20110526,155608.13,Zijldijk,53.407,6.775,3,1.9,manual
20110527,230412.35,Onnen,53.182,6.647,3,1.7,manual
20110602,1940.19,Garsthuizen,53.376,6.737,3,1,manual
20110602,164317.14,Overschild,53.274,6.822,3,0.8,manual
20110605,94030.82,Haren,53.176,6.612,3,1.5,manual
20110605,230837.82,Usquert,53.522,6.485,3,1.4,manual
20110610,5900,Thesinge,53.271,6.647,3,1,manual
20110618,154219.71,Noordbroek,53.199,6.845,3,1.3,manual
20110619,202209,Zuidlaren,53.072,6.705,3,1.1,manual
20110619,205035.19,Zuidlaren,53.075,6.703,3,0.3,manual
20110623,91446.29,Wirdum,53.321,6.775,3,1.7,manual
20110624,4947.26,Zeerijp,53.359,6.735,3,1.1,manual
20110627,41028.35,Ten Post,53.285,6.743,3,1,manual
20110627,154809.71,Garrelsweer,53.303,6.787,3,3.2,manual
20110627,162736.5,Garrelsweer,53.295,6.777,3,1.4,manual
20110627,225534.33,Wirdum,53.305,6.802,3,1.1,manual
20110705,114430.48,Noordzee,52.917,4.28,3.5,2.5,manual
20110723,191419.5,Schildwolde,53.246,6.775,3,1.2,manual
20110727,1714.32,Tjuchem,53.285,6.88,3,1.2,manual
20110727,174422.04,Farmsum,53.286,6.953,3,1.2,manual
20110727,184209.41,Zandeweer,53.387,6.662,3,1.1,manual
20110729,224833.63,Loppersum,53.337,6.728,3,1.8,manual
20110801,112005.2,'t Zandt,53.368,6.798,3,0.9,manual
20110802,164420.38,Zuidlaren,53.074,6.727,3,1.6,manual
20110817,211804.09,Garrelsweer,53.303,6.787,3,1,manual
20110818,214440.61,Woltersum,53.281,6.733,3,1.3,manual
20110820,93942.17,Bedum,53.279,6.625,3,1.5,manual
20110823,150800.64,Sappemeer,53.168,6.817,3,1.6,manual
20110831,45140.24,Eppenhuizen,53.37,6.693,3,1.1,manual
20110831,62357.16,Uithuizen,53.444,6.687,3,2.5,manual
20110904,130056.12,Stedum,53.316,6.678,3,0.8,manual
20110906,214810.98,Leermens,53.337,6.805,3,2.5,manual
20110907,41457.33,Overschild,53.267,6.763,3,1.5,manual
20110915,2029.82,Appingedam,53.323,6.823,3,1.6,manual
20110922,55407.64,Assen,52.969,6.58,3,0.9,manual
20110925,4910.27,Loppersum,53.348,6.728,3,1,manual
20110925,125901.28,Zeerijp,53.363,6.728,3,2,manual
20111004,195239.36,Noordzee,52.822,4.265,3,2.6,manual
20111008,4742.62,Siddeburen,53.261,6.862,3,1.9,manual
20111009,43342.84,Noordzee,53.281,3.885,3,3.1,manual
20111009,214314.08,Thesinge,53.281,6.662,3,1.5,manual
20111024,172727.17,Farmsum,53.316,6.965,3,1.3,manual
20111104,180212.09,Oosterwijtwerd,53.343,6.808,3,1.5,manual
20111106,53742.5,Harkstede,53.226,6.682,3,0.7,manual
20111107,175033.78,Eexterveen,53.058,6.798,3,1,manual
20111107,192631.27,Lageland,53.246,6.685,3,1.2,manual
20111109,150852.55,Nieuwolda,53.255,6.958,3,1.6,manual
20111115,21246.85,Ekehaar,52.953,6.592,3,0.9,manual
20111115,81411.03,Farmsum,53.292,6.967,3,1.5,manual
20111118,212720.97,Froombosch,53.206,6.773,3,0.2,manual
20111127,50000.95,Appingedam,53.313,6.822,3,1.7,manual
20111204,153452.1,Overschild,53.293,6.825,3,1.3,manual
20111220,213539.32,Tripscompagnie,53.145,6.817,3,0.9,manual
20111220,231713.2,Noordzee,52.773,4.288,3,2.2,manual
20111223,113717.13,Groningen,53.203,6.627,3,1.1,manual
20111230,62012.69,Middelstum,53.352,6.657,3,2.2,manual
20120106,171353.09,Middelstum,53.359,6.667,3,1.9,manual
20120107,65712.79,Zuidwolde,53.262,6.628,3,1.6,manual
20120116,211100.81,Wirdum,53.319,6.793,3,1.3,manual
20120121,726.74,Lageland,53.237,6.682,3,1.1,manual
20120124,113538.49,Garrelsweer,53.315,6.755,3,1.3,manual
20120127,61832.98,Oude Pekela,53.103,6.968,3,1.6,manual
20120128,134259.26,Zeerijp,53.349,6.757,3,0.9,manual
20120130,90624.69,Ten Post,53.295,6.745,3,1.5,manual
20120131,193706.26,Tjuchem,53.288,6.872,3,1.4,manual
20120201,4238.48,Sappemeer,53.156,6.803,3,0.9,manual
20120204,95622.9,Zeerijp,53.357,6.722,3,1.8,manual
20120205,165338.43,Eenum,53.329,6.793,3,1.4,manual
20120205,165844.63,Tjuchem,53.276,6.902,3,1.5,manual
20120207,1903.83,Tjuchem,53.295,6.868,3,1.4,manual
20120212,13330.1,Noordzee,52.689,4.37,3,1.3,manual
20120212,70605.7,Noordzee,52.782,4.327,3,1.7,manual
20120216,559.19,Stedum,53.307,6.692,3,1.9,manual
20120217,80844.15,Garsthuizen,53.358,6.708,3,1.7,manual
20120217,171749.95,Nieuwediep,53.033,6.87,3,1,manual
20120219,185710.12,Siddeburen,53.259,6.872,3,1.8,manual
20120304,172939.14,Groningen,53.241,6.633,3,0.9,manual
20120307,95116.59,Siddeburen,53.23,6.882,3,1.3,manual
20120307,172226.91,Overschild,53.293,6.825,3,1,manual
20120308,35456.8,Schildwolde,53.264,6.798,3,0.5,manual
20120308,110335.98,Sappemeer,53.168,6.785,3,1,manual
20120316,82846.45,Noordzee (nabij Schoorl),52.702,4.613,3,1,manual
20120318,182827.91,Meedhuizen,53.303,6.902,3,0.9,manual
20120323,34656.88,Froombosch,53.21,6.748,3,0.4,manual
20120327,144011.91,Stedum,53.313,6.735,3,1,manual
20120331,25803.39,Wagenborgen,53.249,6.917,3,1.6,manual
20120404,211633.16,Tjuchem,53.288,6.872,3,1.7,manual
20120407,22547.97,Garrelsweer,53.295,6.798,3,1.5,manual
20120413,11449.53,Hellum,53.261,6.838,3,0.7,manual
20120414,203928.37,Waddenzee (nabij Uithuizen),53.487,6.695,3,0.9,manual
20120416,210147.17,Wirdum,53.309,6.787,3,1.1,manual
20120418,120705.43,Loppersum,53.341,6.733,3,1.2,manual
20120418,222449.48,Noordzee (nabij Schoorl),52.7,4.625,3,1.8,manual
20120421,213911.77,Krewerd,53.352,6.833,3,0.3,manual
20120425,172524.55,Sappemeer,53.178,6.818,3,2,manual
20120506,42333.11,Overschild,53.273,6.823,3,0.8,manual
20120510,210721.44,Siddeburen,53.247,6.878,3,0.8,manual
20120511,2325.76,Delfzijl,53.331,6.885,3,0.9,manual
20120513,162244.53,Appingedam,53.298,6.835,3,0.9,manual
20120515,141052.72,Siddeburen,53.249,6.893,3,0.8,manual
20120517,25419.04,Hellum,53.248,6.852,3,0.9,manual
20120524,155239.81,Middelstum,53.359,6.67,3,1.5,manual
20120528,74137.26,Overschild,53.278,6.815,3,0.6,manual
20120602,11222.94,Sappemeer,53.184,6.817,3,0.7,manual
20120608,55432.15,Kolham,53.183,6.76,3,0.9,manual
20120614,30508.38,Wagenborgen,53.254,6.922,3,1.7,manual
20120615,52337.12,Siddeburen,53.246,6.863,3,1.5,manual
20120621,80136.67,Wirdum,53.322,6.783,3,1.7,manual
20120621,234422.79,Appingedam,53.319,6.813,3,1.1,manual
20120622,133143.88,Ten Post,53.296,6.755,3,1.4,manual
20120622,151028.9,Ten Post,53.29,6.753,3,0.8,manual
20120627,3157.62,Muntendam,53.151,6.85,3,0.5,manual
20120627,3912.66,Muntendam,53.151,6.852,3,0.3,manual
20120627,194459.37,Eext,53.045,6.762,3,0.4,manual
20120627,194548.06,Eexterzandvoort,53.046,6.762,3,0.2,manual
20120703,165505.77,Overschild,53.269,6.768,3,1.1,manual
20120707,1305.08,Overschild,53.289,6.8,3,0.8,manual
20120707,2808.85,Loppersum,53.331,6.773,3,0.7,manual
20120710,180909.03,Lettelbert,53.196,6.403,3,0.9,manual
20120712,170202.63,Steendam,53.278,6.85,3,1,manual
20120716,202129.97,Garrelsweer,53.319,6.768,3,0.6,manual
20120719,124257.52,Sappemeer,53.177,6.802,3,0.9,manual
20120725,181215.05,Overschild,53.293,6.823,3,0.8,manual
20120727,171253.5,Stedum,53.315,6.68,3,1.2,manual
20120730,113646.9,Loppersum,53.34,6.73,3,1.3,manual
20120730,131411.43,Wirdum,53.323,6.787,3,1,manual
20120730,210902.99,Sappemeer,53.177,6.783,3,0.5,manual
20120801,32411.14,Oosterwijtwerd,53.333,6.8,3,0.7,manual
20120808,141123.14,Harkstede,53.211,6.67,3,0.8,manual
20120809,232349.83,Haren,53.183,6.613,3,1.5,manual
20120814,30159.81,Garrelsweer,53.305,6.785,3,1,manual
20120815,191736.49,Leermens,53.353,6.805,3,2.4,manual
20120816,75451.64,Zeerijp,53.362,6.752,3,1.2,manual
20120816,203033.28,Huizinge,53.345,6.672,3,3.6,manual
20120817,2641.75,Toornwerd,53.36,6.653,3,0.6,manual
20120817,63452.46,Siddeburen,53.238,6.898,3,0.8,manual
20120823,210649.74,Appingedam,53.3,6.833,3,0.7,manual
20120828,232717.96,Appingedam,53.308,6.835,3,0.9,manual
20120923,45419.39,Middelstum,53.346,6.645,3,0.9,manual
20120928,103223.49,Schildwolde,53.219,6.83,3,1.2,manual
20120930,10922.96,Froombosch,53.208,6.752,3,0.6,manual
20120930,163524.9,Grolloo,52.939,6.62,3,0.7,manual
20121007,24443.71,Annen,53.053,6.768,3,1,manual
20121013,223646.24,Steendam,53.279,6.85,3,0.9,manual
20121016,190036.92,Kollum,53.297,6.133,3,1.1,manual
20121023,170529.05,Garrelsweer,53.311,6.777,3,1.3,manual
20121027,105523.79,Groningen,53.239,6.613,3,1,manual
20121030,210510.85,Garrelsweer,53.297,6.763,3,0.7,manual
20121113,164751.86,Uithuizen,53.408,6.695,3,1,manual
20121114,134500.91,Steendam,53.278,6.838,3,0.9,manual
20121117,75739.7,Garrelsweer,53.29,6.79,3,1.1,manual
20121118,11806.2,Tjuchem,53.272,6.89,3,0.7,manual
20121122,222011.71,Appingedam,53.315,6.87,3,1.1,manual
20121127,200111.16,Froombosch,53.209,6.785,3,1.4,manual
20121127,200259.91,Schildwolde,53.23,6.805,3,0.5,manual
20121130,161750.46,Hellum,53.261,6.833,3,1,manual
20121130,161753.46,Steendam,53.254,6.83,3,1.1,manual
20121130,200203.07,Steendam,53.267,6.845,3,0.9,manual
20121217,91357.87,Loppersum,53.323,6.73,3,1.2,manual
20121220,202520.16,Zuidbroek,53.169,6.855,3,0.6,manual
20121225,203629.64,'t Zandt,53.377,6.783,3,1.2,manual
20130105,40841.45,Appingedam,53.306,6.823,3,0.9,manual
20130105,231458.98,Noordzee,52.824,4.258,3,2.6,manual
20130109,175725.05,Houwerzijl,53.316,6.327,3,1,manual
20130111,125147.1,Eems-Dollard (nabij Delfzijl),53.346,6.96,3,1.4,manual
20130111,223650.57,Usquert,53.407,6.602,3,1.8,manual
20130111,223857.18,Siddeburen,53.265,6.852,3,0.8,manual
20130112,12824.64,Zuidbroek,53.168,6.872,3,0.5,manual
20130112,162440.74,Holwierde,53.345,6.862,3,0.9,manual
20130112,223732.54,Tjuchem,53.273,6.85,3,0.9,manual
20130118,164400.6,Zandeweer,53.389,6.663,3,1.2,manual
20130119,201006.48,Overschild,53.285,6.79,3,2.4,manual
20130127,84938.37,Froombosch,53.186,6.773,3,1.2,manual
20130128,174353.79,Meedhuizen,53.275,6.912,3,1.5,manual
20130203,141324.78,Harkstede,53.23,6.703,3,1.4,manual
20130204,42040.87,Slochteren,53.202,6.79,3,0.9,manual
20130205,145308.58,Groningen,53.222,6.643,3,1.5,manual
20130207,223158.38,Zandeweer,53.375,6.667,3,2.7,manual
20130207,231908.97,Zandeweer,53.389,6.667,3,3.2,manual
20130209,52610.05,Zeerijp,53.366,6.758,3,2.7,manual
20130210,81508.25,Tjuchem,53.289,6.855,3,1.5,manual
20130210,81641,Tjuchem,53.292,6.878,3,1.1,manual
20130211,60852.15,Garrelsweer,53.297,6.783,3,2,manual
20130211,80708.15,Ten Post,53.292,6.768,3,1.8,manual
20130211,120145.36,Woudbloem,53.218,6.758,3,1.8,manual
20130213,51646.61,Losdorp,53.368,6.845,3,1.8,manual
20130215,142842.53,Wirdum,53.319,6.795,3,2,manual
20130216,40631.41,Eems-Dollard (nabij Farmsum),53.328,6.993,3,0.8,manual
20130216,74250.23,Steendam,53.252,6.833,3,0.8,manual
20130218,646.22,Wagenborgen,53.266,6.973,3,1.9,manual
20130218,55400.17,Zeerijp,53.349,6.782,3,0.7,manual
20130221,211408.44,Zeerijp,53.364,6.753,3,0.7,manual
20130225,13640.52,Garrelsweer,53.303,6.782,3,1,manual
20130227,234913.85,Froombosch,53.206,6.768,3,0.4,manual
20130302,53114.97,Westerwijtwerd,53.335,6.648,3,0.9,manual
20130306,112527.83,Alkmaar,52.646,4.713,2,0.7,manual
20130313,15710.54,Overschild,53.285,6.83,3,0.8,manual
20130314,30918.61,Farmsum,53.315,6.942,3,1,manual
20130316,130653.76,Waddenzee (nabij Eemshaven),53.474,6.792,3,2,manual
20130329,142806.77,Scharmer,53.233,6.717,3,0.9,manual
20130402,134915.44,Siddeburen,53.223,6.872,3,1.1,manual
20130415,225603.71,Garsthuizen,53.375,6.74,3,0.9,manual
20130423,123142.43,Sappemeer,53.157,6.8,3,0.6,manual
20130423,185136.1,Sappemeer,53.175,6.793,3,0.5,manual
20130427,211224.99,Loppersum,53.341,6.76,3,1,manual
20130428,181803.1,Loppersum,53.328,6.733,3,1.3,manual
20130429,203218.14,Harkstede,53.229,6.66,3,0.8,manual
20130430,152800.53,Woltersum,53.274,6.735,3,0.7,manual
20130501,40729.44,Groningen,53.245,6.637,3,0.9,manual
20130502,211108.11,Eenum,53.335,6.793,3,0.7,manual
20130510,42524.2,Siddeburen,53.259,6.853,3,1.4,manual
20130513,34656.29,Wagenborgen,53.247,6.922,3,1.1,manual
20130519,121516.05,Appingedam,53.3,6.858,3,0.8,manual
20130522,83518.92,Sappemeer,53.177,6.777,3,1.2,manual
20130522,113807.26,Overschild,53.287,6.812,3,1.2,manual
20130524,111002.41,Westeremden,53.33,6.705,3,1.2,manual
20130525,140751.06,Harkstede,53.229,6.693,3,1.1,manual
20130525,161829.52,Loppersum,53.331,6.713,3,1,manual
20130525,164439.26,Usquert,53.411,6.61,3,0.9,manual
20130525,195409.35,Geelbroek,52.953,6.57,3,1.1,manual
20130530,235113.51,Steendam,53.282,6.838,3,1.2,manual
20130531,14024.2,Steendam,53.278,6.838,3,1,manual
20130603,180736.3,Appingedam,53.318,6.867,3,1.2,manual
20130605,175128.01,Garrelsweer,53.292,6.78,3,0.7,manual
20130605,221056.24,Groningen,53.243,6.637,3,0.9,manual
20130607,63349.27,Farmsum,53.283,6.985,3,1.3,manual
20130608,232135.67,Harkstede,53.209,6.702,3,0.7,manual
20130614,222012.99,Appingedam,53.319,6.833,3,0.7,manual
20130614,223604.28,Siddeburen,53.23,6.872,3,0.6,manual
20130618,213920.69,Scharmer,53.23,6.72,3,0.7,manual
20130623,92118.96,Appingedam,53.3,6.867,3,1.1,manual
20130627,204503.94,Westerwijtwerd,53.331,6.643,3,1.3,manual
20130630,12748.33,Schildwolde,53.227,6.818,3,0.8,manual
20130630,215511.24,Garrelsweer,53.317,6.758,3,0.8,manual
20130630,225210.31,Loppersum,53.326,6.753,3,0.7,manual
20130702,230355.5,Garrelsweer,53.294,6.785,3,3,manual
20130703,51041.87,Toornwerd,53.355,6.637,3,0.9,manual
20130708,75404.62,Wetsinge,53.305,6.542,3,1.6,manual
20130713,132312.39,Appingedam,53.332,6.87,3,0.9,manual
20130714,210159.43,Eenum,53.333,6.785,3,1.1,manual
20130720,33313.25,Wirdum,53.323,6.803,3,2.4,manual
20130720,50518.33,Wirdum,53.323,6.775,3,1.9,manual
20130721,24447.04,Steendam,53.269,6.83,3,1.3,manual
20130721,82957.26,Garrelsweer,53.287,6.778,3,0.7,manual
20130726,153618.22,Groningen,53.243,6.638,3,0.9,manual
20130730,182340.54,Schildwolde,53.215,6.828,3,0.7,manual
20130731,110109.34,Scharmer,53.221,6.718,3,1,manual
20130807,11346.2,Sappemeer,53.179,6.782,3,0.6,manual
20130807,225244.81,Schildwolde,53.263,6.803,3,0.9,manual
20130808,150856.14,Schildwolde,53.256,6.798,3,1,manual
20130809,175230.13,Waddenzee (nabij Buren),53.443,5.913,3,1.8,manual
20130814,131742.41,Harkstede,53.233,6.653,3,1.1,manual
20130816,113502.93,Lageland,53.244,6.697,3,2.1,manual
20130821,155011.1,Overschild,53.278,6.793,3,0.9,manual
20130825,20604.53,Garrelsweer,53.313,6.775,3,1.3,manual
20130827,50548.88,Appingedam,53.301,6.865,3,1.1,manual
20130901,130437.64,Westeremden,53.343,6.715,3,1.5,manual
20130904,13332.17,Zeerijp,53.344,6.772,3,2.8,manual
20130918,34225.73,Appingedam,53.292,6.83,3,0.9,manual
20130922,22553.75,Garmerwolde,53.245,6.665,3,1.7,manual
20130922,24418.46,Lageland,53.249,6.68,3,1,manual
20130922,145019.62,Lageland,53.236,6.67,3,1.6,manual
20130924,220935.66,Zuidlaren,53.081,6.715,3,1.1,manual
20130925,71611.03,Garrelsweer,53.289,6.787,3,1.1,manual
20130925,195534.41,Tjuchem,53.282,6.862,3,1.2,manual
20130928,22041.88,Startenhuizen,53.383,6.727,3,1.9,manual
20130929,181130.91,Garmerwolde,53.248,6.648,3,1.3,manual
20130930,145635.23,Scharmer,53.222,6.715,3,1.2,manual
20131001,5951.65,Scharmer,53.22,6.717,3,1.1,manual
20131001,214951.28,Scharmer,53.232,6.713,3,1.2,manual
20131002,85744.74,Wirdum,53.312,6.787,3,1.4,manual
20131002,202426.87,Wirdum,53.317,6.792,3,1.9,manual
20131002,223221.94,Borgsweer,53.301,7.013,3,0.9,manual
20131003,4221.18,Garrelsweer,53.314,6.777,3,1.2,manual
20131010,183105.71,Startenhuizen Lopp,53.37,6.713,3,1.5,manual
20131022,210145.28,Noordzee (nabij Castricum),52.551,4.588,3,2.5,manual
20131023,5946.25,Lageland,53.262,6.733,3,1.1,manual
20131023,174503.09,Noordzee (nabij Castricum),52.555,4.585,3,2,manual
20131023,235737.36,Siddeburen,53.257,6.863,3,1.1,manual
20131027,85405.97,Noordzee (nabij Egmond aan Zee),52.559,4.548,3,1.8,manual
20131105,165114.86,Noordzee (nabij Egmond aan Zee),52.567,4.533,3,1.7,manual
20131107,12300.14,Tjuchem,53.281,6.878,3,1.5,manual
20131109,11903.54,Annen,53.052,6.755,3,2.4,manual
20131110,14740.98,Garrelsweer,53.298,6.772,3,1.2,manual
20131115,174636.24,Stedum,53.318,6.715,3,1.6,manual
20131118,133102.74,Loppersum,53.322,6.747,3,1.4,manual
20131126,235453.09,Appingedam,53.327,6.845,3,2,manual
20131128,190200.69,Noordzee (nabij Egmond aan Zee),52.57,4.548,3,1.7,manual
20131128,202428.07,Noordzee (nabij Egmond aan Zee),52.57,4.55,3,1.4,manual
20131206,81224.7,Scharmer,53.226,6.725,3,1.3,manual
20131208,33248.89,Meedhuizen,53.282,6.922,3,1.1,manual
20131220,51237.76,Slochteren,53.213,6.823,3,1.3,manual
20131222,215144.5,Schildwolde,53.23,6.813,3,1,manual
20131223,4812.54,Westeremden,53.348,6.692,3,1.2,manual
20140102,40006.8,Froombosch,53.206,6.755,3,1.4,manual
20140104,233842.8,Harkstede,53.23,6.647,3,1.1,manual
20140109,4935.02,Onderdendam,53.315,6.578,3,1.1,manual
20140112,233300.16,Garrelsweer,53.295,6.77,3,0.9,manual
20140116,194832.91,Farmsum,53.277,6.973,3,1.2,manual
20140121,11205.1,Noordwolde,53.271,6.568,3,1,manual
20140123,35026.39,Garsthuizen,53.377,6.737,3,0.6,manual
20140123,161810.2,Zuidbroek,53.182,6.887,3,1.1,manual
20140126,142117.57,Lageland,53.236,6.678,3,1.5,manual
20140203,63048.47,Loppersum,53.334,6.757,3,1.5,manual
20140205,181134.11,Schildwolde,53.25,6.787,3,0.9,manual
20140205,212546.87,Assen,52.96,6.568,3,2,manual
20140206,213909.75,Froombosch,53.185,6.785,3,1.3,manual
20140211,11813.04,Meedhuizen,53.294,6.953,3,0.8,manual
20140213,21314.32,'t Zandt,53.357,6.782,3,3,manual
20140217,45412.1,Ten Post,53.304,6.742,3,0.8,manual
20140218,50332.71,Huizinge,53.337,6.662,3,1.7,manual
20140228,43852.92,Ten Post,53.279,6.75,3,1.2,manual
20140304,31718.34,Wildervank,53.083,6.828,3,0.8,manual
20140304,32141.06,Wildervank,53.085,6.828,3,0.8,manual
20140304,32546.5,Wildervank,53.077,6.83,3,1.1,manual
20140310,33910.05,Zeerijp,53.351,6.768,3,0.9,manual
20140311,90533.14,Noordbroek,53.197,6.82,3,1.1,manual
20140311,90823.39,Schildwolde,53.228,6.822,3,2.3,manual
20140312,745.65,Ekehaar,52.949,6.59,3,1.3,manual
20140314,35928.13,Groningen,53.211,6.652,3,0.8,manual
20140314,222515.61,Appingedam,53.31,6.828,3,1,manual
20140315,190924.14,Appingedam,53.306,6.873,3,1.9,manual
20140318,211518.25,Rottum,53.39,6.618,3,2.1,manual
20140321,162229.3,Slochteren,53.209,6.828,3,1.1,manual
20140323,102848.66,Sappemeer,53.166,6.798,3,1.6,manual
20140327,82518.7,Siddeburen,53.259,6.863,3,1.4,manual
20140328,212813.25,Waddenzee (nabij Uithuizermeeden),53.48,6.758,3,1.3,manual
20140330,205847.82,Farmsum,53.282,6.993,3,1.4,manual
20140331,190117.65,Lageland,53.238,6.672,3,0.7,manual
20140402,54736.89,Sappemeer,53.161,6.808,3,1.1,manual
20140402,54851.68,Sappemeer,53.163,6.802,3,1.2,manual
20140403,12741.87,Sappemeer,53.179,6.817,3,1,manual
20140404,73900.07,Garmerwolde,53.25,6.667,3,1.2,manual
20140409,44343.67,Tjuchem,53.264,6.903,3,1.1,manual
20140417,201835.63,Loppersum,53.327,6.723,3,1.3,manual
20140420,83603.63,Zeerijp,53.351,6.743,3,1.4,manual
20140426,85055.99,Schildwolde,53.237,6.813,3,1.3,manual
20140427,214925.25,Westerbroek,53.184,6.702,3,0.5,manual
20140512,221823.14,Woudbloem,53.212,6.732,3,1.3,manual
20140513,181605.94,Westerwijtwerd,53.333,6.64,3,1.4,manual
20140517,23504.7,Kolham,53.192,6.745,3,1.6,manual
20140519,172550.18,Meedhuizen,53.277,6.94,3,1,manual
20140612,71332.02,Froombosch,53.207,6.763,3,1.2,manual
20140612,221029.13,Kolham,53.191,6.752,3,0.8,manual
20140616,151640.51,Westeremden,53.349,6.71,3,1.8,manual
20140629,134023.12,Slochteren,53.213,6.822,3,0.7,manual
20140702,70651.77,Meedhuizen,53.275,6.917,3,1.3,manual
20140702,173416.67,Slochteren,53.214,6.79,3,2.1,manual
20140706,30706.58,Haren,53.185,6.618,3,0.9,manual
20140707,195654.27,Lageland,53.24,6.688,3,1.2,manual
20140707,231344.37,Overschild,53.269,6.752,3,1,manual
20140708,113716.22,Lageland,53.244,6.707,3,1.2,manual
20140715,162451.15,Slochteren,53.215,6.827,3,0.7,manual
20140722,174507.51,Siddeburen,53.249,6.862,3,0.9,manual
20140809,155459.75,Appingedam,53.323,6.835,3,1.3,manual
20140809,155532.91,Appingedam,53.325,6.835,3,2,manual
20140819,192524.29,Garsthuizen,53.376,6.725,3,1.2,manual
20140821,110355,Garsthuizen,53.373,6.727,3,1.2,manual
20140825,102714.65,Slochteren,53.23,6.782,3,0.8,manual
20140901,14014.36,Groningen,53.236,6.625,3,0.5,manual
20140901,71742.91,Froombosch,53.194,6.787,3,2.6,manual
20140901,75358.99,Slochteren,53.197,6.813,3,1.6,manual
20140923,163254.51,Lageland,53.24,6.72,3,1.4,manual
20140923,173448.31,Luddeweer,53.242,6.728,3,1,manual
20140924,234936.44,Westeremden,53.351,6.693,3,1,manual
20140925,204909.46,Meedhuizen,53.276,6.937,3,1.5,manual
20140930,114203.41,Garmerwolde,53.258,6.655,3,2.8,manual
20141021,64915.08,Zeerijp,53.358,6.747,3,1.5,manual
20141105,11234.46,Zandeweer,53.374,6.678,3,2.9,manual
20141111,132727.05,Amen,52.937,6.602,3,2,manual
20141116,4151.45,Siddeburen,53.228,6.863,3,0.9,manual
20141116,195416.38,Woudbloem,53.228,6.762,3,0.6,manual
20141122,40903.97,Westeremden,53.355,6.698,3,1.3,manual
20141129,202331.22,Appingedam,53.331,6.84,3,1,manual
20141130,10348.96,Middelstum,53.36,6.672,3,1.4,manual
20141203,41236.31,Noordbroek,53.19,6.832,3,0.9,manual
20141205,24611.24,Lageland,53.237,6.672,3,1.1,manual
20141228,151306.98,Zeerijp,53.35,6.753,3,1.3,manual
20141230,23736.66,Scharmer,53.208,6.728,3,2.8,manual
20141230,64642.44,Slochteren,53.239,6.753,3,0.8,manual
20150106,65528.2,Wirdum,53.324,6.768,3,2.7,manual
20150106,182644.09,Farmsum,53.322,6.937,3,1,manual
20150111,230524.48,Sappemeer,53.171,6.797,3,1.5,manual
20150114,115456.92,Hellum,53.257,6.848,3,1.1,manual
20150118,105410.25,Scharmer,53.233,6.72,3,1.5,manual
20150122,34416.55,Hellum,53.245,6.822,3,0.6,manual
20150123,114537.29,Sappemeer,53.175,6.797,3,1.2,manual
20150126,180723.98,Wirdum,53.319,6.8,3,1.1,manual
20150127,151142.85,Sappemeer,53.178,6.793,3,0.5,manual
20150131,52929.65,Sappemeer,53.172,6.792,3,0.8,manual
20150131,162148.89,Eems-Dollard (nabij Holwierde),53.371,6.942,3,1.6,manual
20150202,231533.76,Overschild,53.268,6.743,3,0.9,manual
20150203,222.56,Wildervank,53.067,6.863,3,1.6,manual
20150204,223447.67,Oosterwijtwerd,53.328,6.832,3,1.1,manual
20150205,35714.43,Noordzee,52.894,4.248,3,1.8,manual
20150210,74252.08,Loppersum,53.349,6.728,3,0.9,manual
20150211,20200,Godlinze,53.374,6.808,3,0.4,manual
20150212,160553.96,Hoogezand,53.143,6.752,3,1.9,manual
20150213,40900.27,Overschild,53.281,6.83,3,0.8,manual
20150222,60850.2,Siddeburen,53.264,6.855,3,0.8,manual
20150222,62133.64,Sappemeer,53.183,6.805,3,0.6,manual
20150222,190052.82,Meedhuizen,53.291,6.94,3,1.4,manual
20150224,173409.01,Schildwolde,53.237,6.82,3,0.8,manual
20150225,100256.92,Appingedam,53.323,6.857,3,2.3,manual
20150301,101630.48,Overschild,53.272,6.81,3,1.2,manual
20150301,163247.39,Houwerzijl,53.334,6.343,3,1.4,manual
20150301,194249.06,Kommerzijl,53.288,6.33,3,1.5,manual
20150314,192659.73,Onnen,53.166,6.667,3,0.7,manual
20150316,235729.47,Overschild,53.279,6.79,3,0.6,manual
20150324,32335.99,Scharmer,53.234,6.718,3,1.1,manual
20150324,132756.75,Appingedam,53.322,6.855,3,2.3,manual
20150325,64602.92,Uithuizermeeden,53.433,6.743,3,1.2,manual
20150405,222853.66,Emmen,52.759,6.903,3,1.9,manual
20150406,131026.64,Farmsum,53.291,6.975,3,1.3,manual
20150406,173110.48,Harkstede,53.216,6.662,3,0.7,manual
20150415,2310.65,Appingedam,53.306,6.885,3,0.9,manual
20150415,33303.46,Siddeburen,53.231,6.872,3,0.8,manual
20150422,3355.81,Slochteren,53.221,6.803,3,0.8,manual
20150503,165008.51,Meedhuizen,53.276,6.922,3,1.1,manual
20150507,131722.01,Froombosch,53.193,6.792,3,1.1,manual
20150507,191117.96,Zeerijp,53.347,6.743,3,1,manual
20150508,190121.15,Onnen,53.167,6.647,3,1.1,manual
20150513,10951.67,Siddeburen,53.262,6.9,3,1.2,manual
20150516,141449.14,Appingedam,53.306,6.847,3,1.6,manual
20150521,210847.7,Schildwolde,53.244,6.81,3,1.8,manual
20150527,105210,Uithuizen,53.404,6.668,3,2,manual
20150602,233738.89,Appingedam,53.313,6.834,3,0.7,manual
20150604,201125.69,Zuidbroek,53.168,6.856,3,1,manual
20150606,233915.8,Zeerijp,53.34,6.75,3,1.9,manual
20150607,135436.89,Garrelsweer,53.319,6.757,3,0.5,manual
20150610,22607.29,Zeerijp,53.344,6.753,3,1.8,manual
20150610,91807.09,Westeremden,53.343,6.713,3,0.4,manual
20150610,142127.5,Westeremden,53.345,6.713,3,0.8,manual
20150610,143618.89,Eppenhuizen,53.372,6.677,3,0.8,manual
20150623,4816.39,Anna Paulowna,52.858,4.821,3,1.5,manual
20150623,4918.6,Anna Paulowna,52.853,4.807,3,2.3,manual
20150626,220642.39,Scharmer,53.226,6.721,3,0,manual
20150629,113154.39,Woudbloem,53.227,6.733,3,0.6,manual
20150630,5300.1,Ten Boer,53.276,6.685,3,0.5,manual
20150702,155359.6,Scharmer,53.209,6.72,3,0.5,manual
20150704,41802.29,Sappemeer,53.151,6.802,3,0.5,manual
20150704,110547,Zuidwolde,53.261,6.617,3,0.6,manual
20150704,180758.39,Westeremden,53.351,6.694,3,1.1,manual
20150706,42508.59,Noordbroek,53.183,6.831,3,0.5,manual
20150707,30900.8,Zuidwolde,53.262,6.631,3,2.1,manual
20150708,24732.89,Appingedam,53.3,6.835,3,0.4,manual
20150710,154922.3,Zuidbroek,53.173,6.866,3,0.5,manual
20150716,22714.8,Overschild,53.295,6.817,3,0.8,manual
20150716,85819.6,Westeremden,53.341,6.715,3,0.4,manual
20150718,73714.69,Siddeburen,53.268,6.865,3,0.7,manual
20150718,234729.1,Kolham,53.193,6.761,3,0.5,manual
20150719,200644.79,Appingedam,53.323,6.851,3,0.6,manual
20150720,220608.19,Thesinge,53.281,6.66,3,0.4,manual
20150721,21804.9,Oosterwijtwerd,53.332,6.803,3,1.3,manual
20150721,95411,Garmerwolde,53.242,6.656,3,0.6,manual
20150724,22922.89,Noordzee,53.674,4.497,3,2.5,manual
20150730,153452.39,Froombosch,53.184,6.772,3,0.7,manual
20150802,13243.5,Thesinge,53.277,6.637,3,0.6,manual
20150807,122743.2,Loppersum,53.339,6.759,3,0.8,manual
20150811,100833.89,Scharmer,53.205,6.729,3,0.9,manual
20150812,230131.89,Oosterwijtwerd,53.329,6.812,3,0.3,manual
20150813,54747.2,Oosterwijtwerd,53.333,6.818,3,0.6,manual
20150817,1012.59,Zeerijp,53.35,6.761,3,0.6,manual
20150818,70612.59,Kolham,53.185,6.754,3,2,manual
20150822,1230.8,Woudbloem,53.231,6.745,3,1.4,manual
20150822,101110.19,Usquert,53.395,6.602,3,1.6,manual
20150823,70832.6,Sappemeer,53.176,6.807,3,0.3,manual
20150824,203330.8,Wirdum,53.324,6.787,3,0.5,manual
20150826,181634.1,Schildwolde,53.218,6.838,3,0.4,manual
20150827,44824.1,Woudbloem,53.231,6.741,3,0.2,manual
20150828,25233,Meedhuizen,53.294,6.942,3,0.8,manual
20150828,80727.8,Slochteren,53.211,6.826,3,1.3,manual
20150828,172238.79,Usquert,53.392,6.584,3,1.3,manual
20150905,33430.69,Foxhol,53.169,6.727,3,0.5,manual
20150909,200151.89,Harkstede,53.219,6.701,3,1.2,manual
20150910,160808.69,Startenhuizen Lopp,53.372,6.713,3,0.8,manual
20150930,180537.2,Hellum,53.234,6.834,3,3.1,manual
20150930,213412.4,Emmen,52.778,6.88,3,2.3,manual
20151009,2719.39,Appingedam,53.296,6.835,3,0.3,manual
20151010,24406.2,Wagenborgen,53.266,6.926,3,0.2,manual
20151010,55148.6,Schildwolde,53.258,6.8,3,0.2,manual
20151011,44142.39,Zuidbroek,53.17,6.853,3,0.3,manual
20151022,215340.7,Zuidwolde,53.262,6.582,3,0.5,manual
20151024,23533,Noordbroek,53.217,6.881,3,0.7,manual
20151027,154628.3,Garrelsweer,53.318,6.75,3,1.2,manual
20151029,60510.4,Farmsum,53.279,6.958,3,0.8,manual
20151029,80846.1,Farmsum,53.284,6.966,3,1.1,manual
20151030,160718.8,Garrelsweer,53.294,6.776,3,1.7,manual
20151030,184901.1,Meedhuizen,53.285,6.92,3,2.3,manual
20151030,222639.29,Meedhuizen,53.29,6.925,3,0.9,manual
20151109,131737,Nieuwolda,53.249,6.952,3,0.7,manual
20151110,163223.5,Schildwolde,53.235,6.797,3,0.6,manual
20151112,123009,Harkstede,53.207,6.705,3,0.6,manual
20151115,230142.7,Zeerijp,53.357,6.743,3,0.9,manual
20151128,40639,Emmen,52.766,6.924,3,1.2,manual
20151202,64002.7,Hellum,53.24,6.831,3,1.6,manual
20151203,44048.2,Garmerwolde,53.25,6.641,3,0.5,manual
20151208,35422.3,Huizinge,53.336,6.67,3,0.8,manual
20151213,151813.5,Kantens,53.37,6.653,3,0.4,manual
20151214,24745.7,Emmen,52.763,6.919,3,1.4,manual
20151215,150.2,Delfzijl,53.332,6.892,3,1.6,manual
20151215,74355.1,Bedum,53.276,6.604,3,1.7,manual
20151225,41936.6,Loppersum,53.315,6.735,3,1.3,manual
20160102,428.3,Sint Annen,53.3,6.68,3,0.5,manual
20160107,52555.1,Sappemeer,53.168,6.814,3,1.6,manual
20160111,53135.39,Sappemeer,53.185,6.813,3,0.6,manual
20160113,64142.29,Hellum,53.248,6.855,3,1.3,manual
20160117,115733.6,Hellum,53.258,6.84,3,1.5,manual
20160119,131907.4,'t Zandt,53.362,6.77,3,0.6,manual
20160120,35708.19,Lageland,53.242,6.714,3,0.6,manual
20160126,222233.39,Scharmer,53.203,6.72,3,1.5,manual
20160205,211138.6,Harkstede,53.228,6.666,3,0.4,manual
20160217,2052.79,Nieuwolda,53.244,6.953,3,0.9,manual
20160218,81444.2,Winneweer,53.311,6.738,3,0.4,manual
20160218,81944.5,Winneweer,53.31,6.738,3,0.7,manual
20160219,30421.8,Garrelsweer,53.317,6.746,3,0.1,manual
20160219,214837.7,Zuidwolde,53.26,6.617,3,1.3,manual
20160220,34458.79,Toornwerd,53.355,6.627,3,0.7,manual
20160221,50914.3,Zeerijp,53.358,6.739,3,0.2,manual
20160225,222630.89,Froombosch,53.184,6.781,3,2.4,manual
20160229,11957.39,Froombosch,53.182,6.778,3,0.3,manual
20160301,72947.2,Loppersum,53.328,6.714,3,0.3,manual
20160303,195429.1,Froombosch,53.191,6.772,3,0.2,manual
20160304,130029.3,Eppenhuizen,53.372,6.685,3,0.9,manual
20160307,101653,Steendam,53.268,6.826,3,1.2,manual
20160309,225107.2,Schildwolde,53.212,6.839,3,0.4,manual
20160311,113323.8,Noordbroek,53.198,6.833,3,0.9,manual
20160316,145802.7,Overschild,53.264,6.792,3,0.5,manual
20160320,220213.8,Hellum,53.254,6.852,3,0.5,manual
20160324,80035.5,Tjuchem,53.29,6.879,3,0.6,manual
20160325,12659.2,Muntendam,53.151,6.901,3,1.8,manual
20160325,94639.2,Garmerwolde,53.244,6.645,3,0.7,manual
20160331,133342.29,Zuidwolde,53.268,6.624,3,0.7,manual
20160402,4753.39,Garmerwolde,53.249,6.657,3,1.1,manual
20160404,181249.89,Westerwijtwerd,53.315,6.656,3,0.5,manual
20160409,83124.69,Westerbroek,53.199,6.665,3,0.5,manual
20160409,174557.29,Garrelsweer,53.295,6.775,3,0.3,manual
20160413,110045.89,Farmsum,53.272,6.958,3,0.7,manual
20160424,65858.6,Tjuchem,53.29,6.851,3,0.4,manual
20160424,153647.29,Schildwolde,53.231,6.825,3,1.1,manual
20160501,73250.2,Uithuizermeeden,53.405,6.707,3,0.4,manual
20160506,172739.6,Westeremden,53.342,6.694,3,0.7,manual
20160511,71133.7,Bedum,53.295,6.564,3,0.4,manual
20160515,115715.69,Woldendorp,53.268,6.989,3,1,manual
20160516,203841.79,Meedhuizen,53.291,6.916,3,1.1,manual
20160516,222437.6,Meedhuizen,53.285,6.905,3,0.4,manual
20160528,20820.3,Groningen,53.237,6.635,3,1.2,manual
20160529,142754.6,Overschild,53.286,6.835,3,1.1,manual
20160601,80254.5,Zeerijp,53.361,6.75,3,1.2,manual
20160602,184313,Wagenborgen,53.249,6.924,3,1.5,manual
20160616,5616.69,Harkstede,53.226,6.681,3,0.3,manual
20160616,32708,Hellum,53.231,6.833,3,0.5,manual
20160616,201743.7,Siddeburen,53.249,6.863,3,0.2,manual
20160618,111046.7,Leermens,53.345,6.799,3,0.1,manual
20160618,235825.1,Kolham,53.184,6.766,3,1.2,manual
20160622,131010.19,Oosterwijtwerd,53.344,6.811,3,0.7,manual
20160629,4712.69,Wagenborgen,53.267,6.977,3,0.4,manual
20160706,215400.4,Westerwijtwerd,53.337,6.66,3,0.3,manual
20160709,104753.79,Hoogezand,53.135,6.787,3,1.1,manual
20160717,120118.89,Zuidbroek,53.182,6.887,3,0.5,manual
20160718,85811.5,Eppenhuizen,53.378,6.709,3,1.7,manual
20160722,105515.3,Tjuchem,53.28,6.855,3,0.3,manual
20160723,175945,Noordbroek,53.219,6.898,3,0.1,manual
20160726,140210.4,Tjuchem,53.277,6.907,3,0.9,manual
20160728,53213.09,Tjuchem,53.281,6.86,3,0.2,manual
20160728,155728.1,Hellum,53.25,6.824,3,0.8,manual
20160807,204022,Kantens,53.374,6.644,3,1.3,manual
20160808,339.39,Zuidbroek,53.17,6.892,3,0.4,manual
20160810,181625.3,Stedum,53.312,6.669,3,0.5,manual
20160814,15044.89,Oostwold Gem Oldambt,53.234,7.019,3,0.7,manual
20160814,40750.7,Harkstede,53.22,6.678,3,0.2,manual
20160823,21116.1,Oostwold Gem Oldambt,53.224,7.027,3,0.6,manual
20160823,35330.3,Oostwold Gem Oldambt,53.223,7.036,3,1,manual
20160824,130908.4,Meedhuizen,53.305,6.903,3,0.8,manual
20160824,184423.19,Garsthuizen,53.372,6.724,3,0.6,manual
20160824,234403,Eems-Dollard (nabij Delfzijl),53.354,6.95,3,1.1,manual
20160828,32753.1,Uithuizen,53.401,6.636,3,1.3,manual
20160901,752.29,Scharmer,53.205,6.714,3,0.4,manual
20160902,131600.9,Schildwolde,53.218,6.844,3,2.1,manual
20160909,122123.3,Oosterwijtwerd,53.337,6.811,3,0.8,manual
20160911,232255.7,Ten Post,53.278,6.744,3,0.2,manual
20160921,142132.1,Wagenborgen,53.254,6.945,3,1.2,manual
20160927,232214.09,Groningen,53.244,6.616,3,0.9,manual
20161002,14717.19,Wirdum,53.328,6.779,3,0.3,manual
20161004,144619.5,Garrelsweer,53.293,6.784,3,0.5,manual
20161006,25646.5,Schildwolde,53.239,6.813,3,0.4,manual
20161007,1617.5,Eems-Dollard (nabij Bierum),53.403,6.961,3,0.9,manual
20161012,71246.2,Ten Post,53.305,6.725,3,0.5,manual
20161024,94347.39,Tjuchem,53.289,6.862,3,0.6,manual
20161029,143614.19,Steendam,53.288,6.846,3,0.6,manual
20161030,205819,Kollum,53.308,6.152,3,1.5,manual
20161101,1228.6,Wirdum,53.301,6.807,3,1.9,manual
20161101,5746,Wirdum,53.306,6.809,3,2.2,manual
20161105,165815.8,Wagenborgen,53.266,6.94,3,0.8,manual
20161108,112317.69,Eenum,53.331,6.795,3,1.4,manual
20161108,112533.79,Eenum,53.329,6.794,3,0.9,manual
20161110,63542.6,Siddeburen,53.239,6.874,3,0.7,manual
20161120,152007.59,Ten Post,53.299,6.744,3,1,manual
20161120,175840.7,Wirdum,53.3,6.802,3,1.2,manual
20161120,185756.7,Appingedam,53.336,6.838,3,1.6,manual
20161122,124603.7,Woldendorp,53.274,7.011,3,0.6,manual
20161122,173912.69,Bedum,53.299,6.577,3,0.7,manual
20161125,21116.6,Garmerwolde,53.246,6.644,3,0.3,manual
20161126,131835.89,Leermens,53.343,6.805,3,0.6,manual
20161126,170334.5,Siddeburen,53.261,6.909,3,1,manual
20161127,191232.7,Krewerd,53.355,6.849,3,0.9,manual
20161202,85821,Appingedam,53.317,6.869,3,0.8,manual
20161205,121543.7,Wagenborgen,53.257,6.913,3,0.4,manual
20161205,221106.4,Appingedam,53.339,6.838,3,0.1,manual
20161207,15249.6,Loppersum,53.333,6.774,3,1.8,manual
20161211,2542.1,Nieuwolda,53.235,6.935,3,0.2,manual
20161212,112807,Woldendorp,53.264,6.977,3,0.6,manual
20161215,44448.7,Leermens,53.343,6.807,3,0.6,manual
20161215,104530.5,Eems-Dollard (nabij Holwierde),53.378,6.934,3,1.6,manual
20161216,195523.39,Nieuwolda,53.254,6.984,3,0.6,manual
20161217,115647,Groningen,53.211,6.652,3,0.6,manual
20161220,161539.6,Harkstede,53.215,6.696,3,1.1,manual
20161222,234101.19,Holwierde,53.345,6.867,3,0.5,manual
20161223,142949.5,Zuidlaren,53.083,6.712,3,2.4,manual
20161230,30553.79,Wirdum,53.301,6.802,3,1,manual
20161230,30607.5,Overschild,53.292,6.81,3,0.6,manual
20170103,210824.3,Meedhuizen,53.277,6.946,3,0.9,manual
20170114,124719.89,Schildwolde,53.214,6.84,3,0.6,manual
20170117,185310.3,Hellum,53.248,6.839,3,0.7,manual
20170119,224447.6,Wirdum,53.327,6.774,3,0.9,manual
20170120,223018.69,Siddeburen,53.254,6.874,3,0.6,manual
20170122,110148.6,Sappemeer,53.18,6.781,3,0.5,manual
20170127,51120.69,Zuidbroek,53.156,6.851,3,0.7,manual
20170127,234159.7,Garrelsweer,53.302,6.776,3,0.1,manual
20170204,25652.89,Garsthuizen,53.371,6.739,3,0.9,manual
20170204,31126.8,Kantens,53.368,6.657,3,0.8,manual
20170204,32737.39,Garsthuizen,53.371,6.736,3,0.6,manual
20170205,154933.79,Kantens,53.374,6.65,3,1.3,manual
20170206,211906.79,Sappemeer,53.143,6.81,3,0.9,manual
20170212,144323.69,Startenhuizen,53.381,6.713,3,1.3,manual
20170214,74544.2,Zandeweer,53.378,6.672,3,0.9,manual
20170214,205204.09,Garsthuizen,53.371,6.718,3,0.8,manual
20170215,120137.1,Startenhuizen,53.377,6.714,3,1.6,manual
20170219,132125.8,Zijldijk,53.393,6.758,3,1.4,manual
20170219,201510.3,Harkstede,53.223,6.672,3,0.5,manual
20170221,231946.7,Garrelsweer,53.304,6.754,3,0.4,manual
20170225,53247.1,Loppersum,53.325,6.735,3,1.3,manual
20170226,62508.5,Zandeweer,53.386,6.675,3,1.2,manual
20170226,213948.79,Wirdum,53.328,6.778,3,1.4,manual
20170228,212651.39,Wirdum,53.32,6.782,3,0.9,manual
20170303,552.1,Appingedam,53.306,6.869,3,0.5,manual
20170306,113513.09,Onderdendam,53.327,6.571,3,1.6,manual
20170311,125248,Zeerijp,53.35,6.761,3,2.1,manual
20170312,233638.6,Wagenborgen,53.251,6.938,3,0.6,manual
20170314,52236.29,Delfzijl,53.319,6.886,3,1.3,manual
20170315,183151,Zuidbroek,53.169,6.888,3,0.6,manual
20170404,100044.29,Woldendorp,53.271,6.991,3,1.8,manual
20170404,223627.69,Garrelsweer,53.29,6.791,3,0.1,manual
20170407,174350.1,Westerbroek,53.169,6.682,3,0.5,manual
20170409,84111.59,Meedhuizen,53.281,6.908,3,0.6,manual
20170410,1719.39,Steendam,53.27,6.838,3,1.3,manual
20170410,214052.1,Froombosch,53.209,6.762,3,0.6,manual
20170410,233713,Woldendorp,53.269,6.989,3,1.1,manual
20170413,103355.39,Uithuizermeeden,53.429,6.75,3,1.4,manual
20170419,171108.9,Loppersum,53.319,6.724,3,0.5,manual
20170426,135649.29,Scharmer,53.21,6.713,3,2,manual
20170503,111554.2,Stedum,53.312,6.727,3,1.5,manual
20170509,181232.1,Emmen,52.767,6.909,3,1.6,manual
20170512,204709.19,Stedum,53.31,6.723,3,0.1,manual
20170512,211603.1,Stedum,53.313,6.725,3,0.3,manual
20170514,94321.1,Rottum,53.388,6.643,3,1.4,manual
20170515,233456.79,Zuidwolde,53.265,6.598,3,1.2,manual
20170516,13125.6,Overschild,53.285,6.805,3,1.7,manual
20170517,71233.39,Appingedam,53.304,6.835,3,0.9,manual
20170520,24052.29,Meedhuizen,53.295,6.909,3,1.1,manual
20170520,182544.1,Meedhuizen,53.296,6.904,3,0.4,manual
20170525,220858.7,Froombosch,53.211,6.754,3,0.4,manual
20170527,152900.6,Slochteren,53.211,6.834,3,2.6,manual
20170530,34428.69,Uithuizermeeden,53.433,6.75,3,1.4,manual
20170601,210440.29,Kropswolde,53.134,6.742,3,0.7,manual
20170606,130453.89,Siddeburen,53.269,6.863,3,1,manual
20170606,151604,Ten Post,53.3,6.74,3,0.7,manual
20170607,2610.4,Harkstede,53.232,6.67,3,1.2,manual
20170619,150603.89,Meedhuizen,53.281,6.94,3,1,manual
20170629,21330.89,Stedum,53.316,6.724,3,0.7,manual
20170629,51853.79,Meeden,53.148,6.938,3,0.3,manual
20170630,172754.5,Woudbloem,53.22,6.746,3,0.4,manual
20170703,214358.89,Siddeburen,53.261,6.851,3,0.8,manual
20170705,231902.79,Bedum,53.276,6.612,3,1,manual
20170707,21936.89,Slochteren,53.21,6.83,3,0.7,manual
20170710,84416.6,Loppersum,53.332,6.741,3,0.7,manual
20170714,75529.1,Borgsweer,53.282,6.994,3,0.6,manual
20170714,93853.39,Schildwolde,53.221,6.841,3,0.6,manual
20170716,210320.5,Bedum,53.278,6.611,3,1.3,manual
20170721,12219.89,Kantens,53.381,6.659,3,1.1,manual
20170722,42318.39,Noordbroek,53.196,6.827,3,0.4,manual
20170725,150008.3,Loppersum,53.352,6.737,3,1,manual
20170725,190416.5,Westeremden,53.339,6.687,3,0.4,manual
20170807,55642.79,Garrelsweer,53.317,6.744,3,0.5,manual
20170810,101029.69,Ten Post,53.298,6.733,3,0.9,manual
20170813,202619.1,Zeerijp,53.358,6.743,3,0.5,manual
20170814,31859.79,Garsthuizen,53.367,6.742,3,1.2,manual
20170814,150250.2,Zeerijp,53.36,6.742,3,0.3,manual
20170816,113146.29,Stedum,53.307,6.673,3,0.3,manual
20170817,53859,Uithuizermeeden,53.423,6.748,3,0.8,manual
20170822,35125.69,Meedhuizen,53.271,6.95,3,0.3,manual
20170824,85629.69,Farmsum,53.289,6.971,3,1,manual
20170829,74013,Appingedam,53.322,6.822,3,1.8,manual
20170830,112556.39,Scharmer,53.193,6.708,3,1.5,manual
20170831,233308.19,Sappemeer,53.179,6.813,3,0.2,manual
20170901,203617.8,Zandeweer,53.376,6.667,3,1.1,manual
20170905,53024.89,Appingedam,53.34,6.865,3,1.3,manual
20170905,60958.5,Appingedam,53.341,6.863,3,1.2,manual
20170905,220827.89,Tjuchem,53.281,6.876,3,1.9,manual
20170911,23031.6,Appingedam,53.32,6.824,3,0.9,manual
20170914,240.89,Zeerijp,53.344,6.741,3,0.5,manual
20170920,35623.19,Haren,53.166,6.618,3,1.4,manual
20170920,52834.6,Appingedam,53.298,6.834,3,1.6,manual
20170923,193642,Wagenborgen,53.244,6.912,3,0.9,manual
20170924,184922.39,Garmerwolde,53.255,6.651,3,0.9,manual
20170927,41851.39,Tjuchem,53.297,6.88,3,0.6,manual
20170927,225448.39,Garrelsweer,53.3,6.761,3,1.2,manual
20170930,171554.5,Lageland,53.241,6.727,3,1.1,manual
20171011,4546.2,Vries,53.07,6.586,3,0.7,manual
20171015,135831.69,Kantens,53.379,6.661,3,1,manual
20171016,225924.69,Zuidwolde,53.268,6.623,3,0.5,manual
20171017,4630.8,Meedhuizen,53.305,6.949,3,0.8,manual
20171029,110429.8,Groningen,53.234,6.538,3,1,manual
20171029,225528.69,Eems-Dollard (nabij Holwierde),53.381,6.923,3,1.2,manual
20171103,1201.5,Sappemeer,53.177,6.821,3,0.8,manual
20171104,10229,Appingedam,53.328,6.873,3,0.6,manual
20171115,21308,Westerwijtwerd,53.328,6.644,3,0.8,manual
20171116,183758.6,Wagenborgen,53.269,6.937,3,0.7,manual
20171119,204901,Emmen,52.755,6.899,3,1.6,manual
20171122,212358.2,Overschild,53.285,6.807,3,1.5,manual
20171125,195231.89,Thesinge,53.268,6.669,3,0.5,manual
20171125,201947.6,Schoonebeek,52.681,6.876,3,1.2,manual
20171128,173357.2,Uithuizermeeden,53.406,6.709,3,0.9,manual
20171130,174624.1,Meedhuizen,53.312,6.892,3,0.8,manual
20171201,113333.29,Zeerijp,53.36,6.736,3,1.7,manual
20171201,210541.79,Zeerijp,53.357,6.757,3,1.3,manual
20171202,90033.29,Appingedam,53.306,6.881,3,1.7,manual
20171202,90946.6,Appingedam,53.308,6.879,3,0.4,manual
20171206,140124.1,Oostwold Gem Oldambt,53.228,7.022,3,0.7,manual
20171206,232859.7,'t Zandt,53.386,6.784,3,1.8,manual
20171210,164833.1,'t Zandt,53.37,6.765,3,2.1,manual
20171215,205543,Wirdum,53.312,6.791,3,0.8,manual
20171221,193859.39,Oostwold Gem Oldambt,53.224,7.021,3,1,manual
20171222,194028.19,Zeerijp,53.366,6.752,3,1.7,manual
20171222,200611.69,Zeerijp,53.357,6.75,3,0.4,manual
20171224,174950.7,Appingedam,53.305,6.833,3,0.7,manual
20171225,125227,Tjuchem,53.287,6.883,3,0.7,manual
20171228,140030.6,Tjuchem,53.287,6.882,3,1.3,manual
20171229,231548.89,Zeerijp,53.357,6.756,3,1.4,manual
20180101,144651.1,Tjuchem,53.287,6.884,3,0.8,manual
20180108,140052.39,Zeerijp,53.363,6.751,3,3.4,manual
20180109,154649.6,Zeerijp,53.355,6.752,3,0.7,manual
20180117,43739.29,Groningen,53.221,6.597,3,1,manual
20180120,81921.8,Groningen,53.22,6.599,3,0.9,manual
20180122,72317.8,Harkstede,53.228,6.691,3,0.9,manual
20180122,154218,Siddeburen,53.248,6.89,3,0.5,manual
20180131,131104,Siddeburen,53.259,6.871,3,1.6,manual
20180205,234959.7,Loppersum,53.336,6.762,3,0.4,manual
20180207,200726.39,Garrelsweer,53.295,6.764,3,0.2,manual
20180208,152530.6,Loppersum,53.335,6.751,3,2,manual
20180210,95839.79,Scharmer,53.228,6.71,3,1.7,manual
20180211,165457,Garrelsweer,53.293,6.78,3,2.2,manual
20180212,104453.2,Garsthuizen,53.371,6.714,3,0.9,manual
20180217,81730.5,Uithuizermeeden,53.427,6.747,3,1,manual
20180218,12654.2,Loppersum,53.335,6.763,3,1,manual
20180218,140518.89,Wagenborgen,53.241,6.933,3,0.5,manual
20180220,182805.2,Noordbroek,53.184,6.827,3,0.4,manual
20180301,130337,Garrelsweer,53.287,6.775,3,1.3,manual
20180301,213426.5,Loppersum,53.326,6.76,3,0.9,manual
20180308,122534.89,Veendam,53.122,6.943,3,0.7,manual
20180309,163508.8,Het Waar,53.223,6.949,3,0.5,manual
20180310,41305.79,Appingedam,53.314,6.861,3,1.3,manual
20180325,110948.79,Garrelsweer,53.288,6.778,3,1.6,manual
20180325,142949.29,Garrelsweer,53.321,6.759,3,0.1,manual
20180325,155416.19,Uithuizen,53.404,6.66,3,1.5,manual
20180327,201458.79,Schildwolde,53.263,6.8,3,0.7,manual
20180331,64403.79,Harkstede,53.231,6.676,3,1.2,manual
20180401,31308.5,Zeerijp,53.35,6.741,3,0.6,manual
20180404,33541.39,Loppersum,53.334,6.75,3,0.9,manual
20180407,71749.39,Lauwerzijl,53.312,6.305,3,1.7,manual
20180407,82505.79,Kommerzijl,53.3,6.325,3,1,manual
20180408,173840.6,Uithuizen,53.408,6.687,3,0.5,manual
20180410,154830.69,Eems-Dollard (nabij Holwierde),53.37,6.946,3,0.9,manual
20180413,213135.39,Garsthuizen,53.371,6.75,3,2.8,manual
20180416,5712,Scharmer,53.205,6.708,3,0.6,manual
20180418,32434.1,Appingedam,53.309,6.862,3,0.1,manual
20180419,93307.59,Tjuchem,53.271,6.868,3,0.5,manual
20180506,163906.79,Garrelsweer,53.286,6.778,3,1.6,manual
20180512,160647.1,Zeerijp,53.355,6.764,3,0.7,manual
20180516,165421.19,Meedhuizen,53.276,6.933,3,0.7,manual
20180519,130528.3,Siddeburen,53.25,6.899,3,0.8,manual
20180521,232749.29,'t Zandt,53.374,6.795,3,1.6,manual
20180604,230102.1,Warder,52.564,5.011,3,2.5,manual
20180605,21232.79,Onderdendam,53.334,6.572,3,0.5,manual
20180606,190721.6,Garmerwolde,53.237,6.643,3,0.7,manual
20180614,235821.19,Tjuchem,53.288,6.877,3,0.7,manual
20180621,164335.6,Harkstede,53.224,6.699,3,0.6,manual
20180627,143252.6,Scharmer,53.204,6.709,3,1.6,manual
20180707,35558.2,Noordbroek,53.186,6.895,3,1,manual
20180707,111040.2,Noordbroek,53.187,6.897,3,0.6,manual
20180711,135211,Siddeburen,53.263,6.85,3,1.1,manual
20180711,231434,Lageland,53.239,6.684,3,0.2,manual
20180713,80505,Sappemeer,53.151,6.803,3,1.1,manual
20180714,83926.1,Zeerijp,53.361,6.744,3,0.3,manual
20180717,95357.39,Dalen,52.711,6.727,3,2,manual
20180719,214535.2,Scharmer,53.207,6.713,3,0.5,manual
20180726,222810.8,Eelde,53.135,6.597,3,0.7,manual
20180728,30948.1,Ten Post,53.304,6.73,3,0.9,manual
20180729,5756.2,Veendam,53.093,6.849,3,0.8,manual
20180729,85040.7,'t Zandt,53.373,6.793,3,0.9,manual
20180805,233510.19,Hellum,53.261,6.812,3,0.3,manual
20180806,73037.29,Overschild,53.275,6.783,3,0.5,manual
20180806,161523.19,Scharmer,53.208,6.712,3,0.9,manual
20180808,25529.5,Appingedam,53.322,6.875,3,1.9,manual
20180809,80155.5,Appingedam,53.324,6.877,3,1.8,manual
20180813,134837.1,Slochteren,53.207,6.838,3,0.7,manual
20180822,143600.5,'t Zandt,53.378,6.754,3,0.5,manual
20180914,210703.5,Hellum,53.233,6.846,3,0.8,manual
20180915,63219.19,Sappemeer,53.181,6.799,3,0.5,manual
20180916,741.79,Samtgemeinde Emlichheim (Duitsland),52.639,6.881,3,1.1,manual
20180917,140136.6,Sappemeer,53.181,6.799,3,1.2,manual
20180917,172925.5,Startenhuizen,53.381,6.713,3,0.6,manual
20180918,22300,Bedum,53.297,6.566,3,0.7,manual
20180920,202452.79,Hoogezand,53.161,6.758,3,0.5,manual
20180926,154955.5,Schildwolde,53.236,6.824,3,0.8,manual
20181010,75043.89,Loppersum,53.347,6.734,3,0.5,manual
20181010,140049.6,Loppersum,53.347,6.732,3,0.5,manual
20181014,121520.19,Garrelsweer,53.295,6.798,3,0.6,manual
20181016,103137.7,Siddeburen,53.252,6.858,3,1.1,manual
20181020,45325.89,Appingedam,53.323,6.875,3,0.8,manual
20181023,141053.89,Appingedam,53.298,6.834,3,0.8,manual
20181029,153745.7,Zandeweer,53.386,6.672,3,0.8,manual
20181107,2325.39,Schildwolde,53.217,6.838,3,0.8,manual
20181109,154112.3,Eppenhuizen,53.367,6.68,3,1.6,manual
20181116,14027.39,Hellum,53.25,6.857,3,0.8,manual
20181116,51602.89,Borgercompagnie,53.09,6.834,3,1.2,manual
20181125,92948.2,Kantens,53.375,6.659,3,0.6,manual
20181125,193737.29,Eppenhuizen,53.385,6.716,3,1.6,manual
20181129,25418.8,Kantens,53.358,6.623,3,0.9,manual
20181202,100938.39,Overschild,53.25,6.763,3,0.9,manual
20181205,64001.6,Oosterwijtwerd,53.328,6.83,3,0.4,manual
20181211,205010.9,Bedum,53.277,6.617,3,0.6,manual
20181217,140859.29,Overschild,53.277,6.825,3,0.4,manual
20181219,185517.39,Bedum,53.296,6.568,3,1,manual
20181222,45411.09,Garrelsweer,53.285,6.776,3,1.2,manual
20181223,150805.59,Kantens,53.354,6.626,3,0.5,manual
20181223,231603.6,Lageland,53.239,6.73,3,1.3,manual
20190107,111249.2,Veendam,53.11,6.863,3,1.3,manual
20190109,24436.5,Veendam,53.088,6.925,1,1,manual
20190119,54.39,Meeden,53.166,6.942,3,0.6,manual
20190201,204102.6,Luddeweer,53.242,6.727,3,1,manual
20190207,133316.39,Westeremden,53.35,6.714,3,0.7,manual
20190209,205413.69,'t Zandt,53.38,6.754,3,0.9,manual
20190210,101250.7,Zandeweer,53.395,6.666,3,0.3,manual
20190216,192259.5,Zeerijp,53.36,6.743,3,1.4,manual
20190219,121527.3,Appingedam,53.291,6.839,3,1.6,manual
20190222,235533.7,Rottum,53.38,6.61,3,0.8,manual
20190224,193853.5,Loppersum,53.339,6.761,3,0.4,manual
20190228,231607.9,Toornwerd,53.357,6.628,3,1.6,manual
20190302,113712.59,Appingedam,53.319,6.853,3,0.4,manual
20190304,151104.9,Wagenborgen,53.257,6.913,3,0.8,manual
20190311,230036.29,'t Zandt,53.367,6.765,3,0.4,manual
20190317,191141.79,Kantens,53.356,6.624,3,0.8,manual
20190329,133720.69,Kantens,53.369,6.654,3,1.5,manual
20190330,15136.39,Appingedam,53.322,6.876,3,0.5,manual
20190407,70733.7,Garrelsweer,53.32,6.753,3,0.9,manual
20190409,192630.19,Spijk,53.384,6.841,3,1.4,manual
20190410,44010.8,Zuidbroek,53.168,6.829,3,1.4,manual
20190415,70343.5,Noordwolde,53.277,6.596,3,1.6,manual
20190416,21507.2,Harkstede,53.228,6.673,3,0.9,manual
20190421,215541,Zeerijp,53.341,6.757,3,0.9,manual
20190425,192706,Ten Post,53.302,6.727,3,1.8,manual
20190503,182118.89,Loppersum,53.33,6.711,3,1,manual
20190505,80151.79,Loppersum,53.318,6.736,3,0.9,manual
20190508,85022.6,Uithuizermeeden,53.428,6.748,3,1,manual
20190511,20116.3,Kantens,53.356,6.623,3,0.5,manual
20190511,102639.29,Kantens,53.357,6.621,3,0.5,manual
20190511,132730.69,Appingedam,53.311,6.833,3,1.3,manual
20190518,151335.7,Meedhuizen,53.294,6.926,3,0.8,manual
20190519,34722.6,Loppersum,53.317,6.739,3,0.6,manual
20190519,173833.29,Wirdum,53.312,6.794,3,0.8,manual
20190519,224211.9,Wirdum,53.311,6.794,3,1,manual
20190520,4942.7,Groningen,53.229,6.663,3,0.5,manual
20190522,34900.5,Westerwijtwerd,53.328,6.652,3,3.4,manual
20190523,15208.69,Groningen,53.229,6.665,3,0.9,manual
20190523,21037.6,Groningen,53.229,6.666,3,1.1,manual
20190524,144821.19,Kantens,53.357,6.622,3,0.8,manual
20190528,142020.5,Zeerijp,53.351,6.738,3,1.1,manual
20190602,185417.69,Meedhuizen,53.285,6.937,3,0.6,manual
20190609,50015,Garrelsweer,53.32,6.767,3,2.5,manual
20190609,53430.3,Garrelsweer,53.321,6.765,3,0.9,manual
20190613,133735.5,Appingedam,53.304,6.833,3,1.9,manual
20190614,143910,Bedum,53.297,6.566,3,0.9,manual
20190625,160931.5,Harkstede,53.227,6.672,3,0.9,manual
20190629,220422.3,Groningen,53.239,6.633,3,0.7,manual
20190630,141718.6,Hoogezand,53.143,6.759,3,1.1,manual
20190703,13857.29,Harkstede,53.219,6.697,3,1,manual
20190706,14841.6,Garrelsweer,53.292,6.78,3,0.9,manual
20190707,153942.2,Tjuchem,53.274,6.892,3,1.1,manual
20190707,221331.6,Tjuchem,53.273,6.895,3,0.4,manual
20190711,164544.2,Garrelsweer,53.322,6.765,3,0.6,manual
20190712,165319.3,Oosterwijtwerd,53.339,6.807,3,0.8,manual
20190714,65439.2,Thesinge,53.252,6.64,3,1.2,manual
20190720,73545.2,Tjuchem,53.269,6.869,3,0.8,manual
20190720,74047.89,Tjuchem,53.269,6.869,3,1.1,manual
20190721,84857.89,Garmerwolde,53.263,6.677,3,0.3,manual
20190728,43627.19,Farmsum,53.287,6.962,3,0.6,manual
20190803,111156.29,Wirdum,53.324,6.781,3,1.3,manual
20190803,200352.7,Krewerd,53.353,6.851,3,1.1,manual
20190804,102629.5,Boerakker,53.19,6.332,3,0.7,manual
20190804,105904.9,Sint Annen,53.303,6.659,3,0.5,manual
20190806,235612.69,Hellum,53.234,6.844,3,1,manual
20190812,42306.7,Stedum,53.314,6.726,3,1,manual
20190818,10735.7,Hellum,53.264,6.812,3,1,manual
20190821,34034.6,Tjuchem,53.276,6.885,3,0.6,manual
20190828,143853.7,Westerwijtwerd,53.336,6.639,3,0.4,manual
20190831,41604.79,Zuidbroek,53.176,6.9,3,0.4,manual
20190909,74522.6,Zeerijp,53.343,6.754,3,1.5,manual
20190920,225930.6,Muntendam,53.149,6.887,3,0.4,manual
20191006,13326.39,Loppersum,53.315,6.733,3,1,manual
20191006,201700.2,Meedhuizen,53.299,6.91,3,1.6,manual
20191008,181931.6,Overschild,53.261,6.781,3,0.4,manual
20191018,3554.79,Appingedam,53.316,6.863,3,0.5,manual
20191020,33642.39,Harkstede,53.236,6.65,3,0.9,manual
20191022,4205.9,Appingedam,53.316,6.863,3,0.8,manual
20191028,173833,Garrelsweer,53.315,6.748,3,1.2,manual
20191109,234721.69,Nieuwolda,53.247,6.998,3,0.5,manual
20191110,211006.2,Sappemeer,53.142,6.805,3,0.8,manual
20191128,235000.3,Ten Boer,53.268,6.704,3,0.5,manual
20191129,192057.39,Siddeburen,53.258,6.909,3,0.4,manual
20191130,41452.7,Zuidlaren,53.08,6.734,3,0.7,manual
20191130,185538.7,Spijk,53.401,6.832,3,1.4,manual
20191203,192355.79,Garrelsweer,53.306,6.761,3,1.9,manual
20191207,3627,Middelstum,53.339,6.632,3,0.5,manual
20191208,225931.5,Noordzee,52.972,4.223,3,2.8,manual
20191212,162742.89,Overschild,53.277,6.78,3,0.6,manual
20191213,4916.6,Laar (Duitsland),52.597,6.769,3,1,manual
20191213,225344.6,Samtgemeinde Emlichheim (Duitsland),52.611,6.833,3,1.2,manual
20191231,181538.2,Farmsum,53.313,6.984,3,0.9,manual
20200103,103629.39,Zuidbroek,53.186,6.85,3,0.6,manual
20200107,91531.3,Harkstede,53.211,6.703,3,0.8,manual
20200110,231021.1,Schildwolde,53.214,6.844,3,1.3,manual
20200123,34805.79,Kommerzijl,53.299,6.298,3,0.4,manual
20200123,101212.69,Lageland,53.237,6.729,3,1.3,manual
20200124,213502.39,Nieuwolda,53.262,6.987,3,1.6,manual
20200126,80316.3,Kolham,53.175,6.735,3,1.4,manual
20200222,181255.2,Opende,53.138,6.176,3,1.4,manual
20200229,24606.4,Scheemda,53.164,6.962,3,0.3,manual
20200302,134118.89,Wagenborgen,53.255,6.914,3,2,manual
20200305,200852.1,Wagenborgen,53.256,6.912,3,0.3,manual
20200317,71833.7,Appingedam,53.307,6.828,3,0.8,manual
20200317,85455,Garsthuizen,53.371,6.73,3,1.4,manual
20200317,124406.59,Froombosch,53.189,6.788,3,1.8,manual
20200322,193312.5,Krewerd,53.359,6.844,3,2.3,manual
20200323,1513.4,Thesinge,53.286,6.64,3,1.1,manual
20200323,10601.19,Krewerd,53.359,6.844,3,1.1,manual
20200330,44940.29,Tjuchem,53.27,6.868,3,1,manual
20200330,235323.1,Zuidbroek,53.165,6.893,3,1.3,manual
20200404,43723.6,Oosterwijtwerd,53.329,6.809,3,0.6,manual
20200423,195431.39,Appingedam,53.319,6.867,3,0.3,manual
20200426,1406.09,Zuidbroek,53.183,6.852,3,0.8,manual
20200427,141457.79,Froombosch,53.187,6.795,3,0.6,manual
20200428,15119.39,Bedum,53.302,6.567,3,0.4,manual
20200428,102014.8,Zeerijp,53.356,6.762,3,1.5,manual
20200501,161357.1,Haren,53.168,6.6,3,0.6,manual
20200502,31315.69,Zijldijk,53.388,6.762,3,2.5,manual
20200502,210422.5,Scharmer,53.235,6.73,3,1.2,manual
20200503,222852.89,Oosterwijtwerd,53.328,6.813,3,0.9,manual
20200504,111111.8,Siddeburen,53.252,6.856,3,1.8,manual
20200505,215955.79,Peize,53.175,6.529,3,0.9,manual
20200508,55427.6,Eems-Dollard (nabij Emden),53.35,6.976,3,0.7,manual
20200510,41556.7,Noordbroek,53.207,6.842,3,0.1,manual
20200511,190728.89,Garrelsweer,53.292,6.786,3,0.3,manual
20200531,113357.5,Garsthuizen,53.372,6.734,3,0.6,manual
20200601,82725.19,Sappemeer,53.182,6.796,3,1.2,manual
20200601,175504,Wirdum,53.31,6.791,3,1.9,manual
20200604,230415.9,Overschild,53.276,6.819,3,1.3,manual
20200610,71912.9,Wirdum,53.309,6.794,3,1,manual
20200613,202845.1,Harkstede,53.223,6.677,3,0.8,manual
20200621,213045.6,Farmsum,53.276,6.988,3,0.2,manual
20200621,232619.1,Overschild,53.269,6.751,3,0.8,manual
20200624,185416,Groningen,53.254,6.588,3,0.7,manual
20200626,145620.69,Woldendorp,53.273,7.003,3,1.3,manual
20200629,201050.5,Tjuchem,53.288,6.876,3,0.7,manual
20200703,64921.89,Loppersum,53.335,6.749,3,0.7,manual
20200714,151847.29,Loppersum,53.342,6.729,3,2.7,manual
20200715,61538.7,Loppersum,53.342,6.731,3,0.6,manual
20200716,4521,Hellum,53.251,6.856,3,1.8,manual
20200719,20752.6,Startenhuizen,53.376,6.713,3,2.3,manual
20200719,21132.6,Startenhuizen,53.376,6.712,3,0.9,manual
20200721,60703.39,Scharmer,53.231,6.711,3,1.1,manual
20200727,151447,Vries,53.069,6.567,3,1,manual
20200821,215836.89,Veendam,53.093,6.934,0,0.7,manual
20200901,43115.59,Uithuizermeeden,53.421,6.753,3,1.9,manual
20200903,52901,Westeremden,53.338,6.703,3,2,manual
20200907,165227.19,Groningen,53.214,6.575,3,0.9,manual
20200908,233424.3,Harkstede,53.228,6.68,3,0.4,manual
20200912,134127.6,Zuidbroek,53.182,6.877,3,0.4,manual
20200913,101644.89,Onderdendam,53.315,6.597,3,0.9,manual
20200926,223138.89,Winde,53.122,6.496,3,0.9,manual
20200927,13945.7,Winde,53.122,6.496,3,1.8,manual
20201007,20716.19,Siddeburen,53.251,6.859,3,0.5,manual
20201016,215221,Loppersum,53.328,6.767,3,1,manual
20201018,122308.9,Zandeweer,53.391,6.676,3,1.7,manual
20201024,235201.6,Garmerwolde,53.251,6.664,3,0.6,manual
20201105,222758.5,Garrelsweer,53.321,6.766,3,0.5,manual
20201116,45359.39,Garsthuizen,53.371,6.731,3,1.1,manual
20201126,132351.79,Westeremden,53.348,6.697,3,1.6,manual
20201128,194441.7,Loppersum,53.332,6.726,3,0.7,manual
20201213,152413.5,Sappemeer,53.147,6.815,3,0.8,manual
20201215,25718.8,Rottum,53.385,6.609,3,1,manual
20201216,10348.89,Rottum,53.383,6.61,3,0.5,manual
20201219,62409.69,Rottum,53.385,6.61,3,1.3,manual
20201221,92931.3,Westeremden,53.34,6.716,3,1.8,manual
20201228,20953.89,Zuidbroek,53.174,6.868,3,0.6,manual
20210110,223907.7,Sappemeer,53.178,6.781,3,1.3,manual
20210124,93504.7,Tjuchem,53.27,6.869,3,1.9,manual
20210127,132649.39,Loppersum,53.335,6.76,3,1.9,manual
20210128,24049.79,Leermens,53.35,6.788,3,0.2,manual
20210131,184751.2,Stedum,53.316,6.726,3,1,manual
20210221,85007,Nieuwolda,53.232,6.993,3,0.7,manual
20210228,141831.5,Munnekezijl,53.335,6.279,3,1.3,manual
20210309,154006.2,Wetsinge,53.31,6.541,3,0.7,manual
20210313,60050,Loppersum,53.334,6.738,3,0.6,manual
20210330,204703.2,Veendam,53.097,6.84,3,1.5,manual
20210331,12459.29,Wirdum,53.295,6.805,3,1,manual
20210402,14112.3,Loppersum,53.32,6.717,3,0.8,manual
20210428,194626.3,Huizinge,53.362,6.682,3,2.3,manual
20210429,124456.7,Huizinge,53.362,6.683,3,1.3,manual
20210501,174329.19,Groningen,53.229,6.619,3,0.8,manual
20210517,122858.5,Loppersum,53.343,6.743,3,1.4,manual
20210526,155742,Wirdum,53.314,6.789,3,0.6,manual
20210529,25520.39,Ten Boer,53.269,6.705,3,1.2,manual
20210529,73451.5,Westeremden,53.346,6.695,3,0.6,manual
20210530,40800.1,Uithuizermeeden,53.426,6.753,3,0.3,manual
20210611,232927.5,Loppersum,53.335,6.759,3,2,manual
20210619,1429.8,Stedum,53.317,6.713,3,0.9,manual
20210619,10355.2,Stedum,53.316,6.711,3,2.3,manual
20210701,153814.09,Wirdum,53.296,6.806,3,2.2,manual
20210701,200730.6,Wirdum,53.297,6.804,3,0.4,manual
20210714,41036.7,Winneweer,53.31,6.748,3,0.2,manual
20210718,65832.89,Muntendam,53.157,6.896,3,0.3,manual
20210805,63340.5,Garsthuizen,53.361,6.712,3,0.6,manual
20210805,71445.89,Hellum,53.231,6.842,3,1.8,manual
20210806,35240.7,Groningen,53.247,6.613,3,0.6,manual
20210809,193530,Meedhuizen,53.281,6.932,3,0.9,manual
20210819,222523.5,Stedum,53.316,6.724,3,0.3,manual
20210826,211942.39,Wirdum,53.311,6.804,3,0.9,manual
20210905,114413.5,Loppersum,53.334,6.755,3,0.3,manual
20210914,12652.1,Delfzijl,53.327,6.915,3,0.4,manual
20210918,190738.6,Zeerijp,53.347,6.748,3,0.9,manual
20210920,205108,Meedhuizen,53.28,6.935,3,1.2,manual
20210929,222033.89,Overschild,53.295,6.807,3,0.8,manual
20211004,25908.5,Zeerijp,53.349,6.747,3,2.5,manual
20211004,133345.5,Appingedam,53.302,6.829,3,1.8,manual
20211004,204742.7,Zeerijp,53.35,6.746,3,2.2,manual
20211006,185756.7,Zeerijp,53.348,6.746,3,1.3,manual
20211007,115320.3,Zeerijp,53.351,6.747,3,0.6,manual
20211015,150421,Zeerijp,53.365,6.737,3,1.1,manual
20211018,165655.1,Sint Annen,53.285,6.676,3,1.1,manual
20211022,211120.6,Zeerijp,53.346,6.746,3,0.8,manual
20211027,2800,Eppenhuizen,53.38,6.704,3,0.5,manual
20211027,91339.29,Zeerijp,53.35,6.739,3,0.4,manual
20211031,213642.79,Garrelsweer,53.305,6.751,3,0.7,manual
20211104,44344.5,Froombosch,53.205,6.761,3,0.3,manual
20211105,223826.69,Scharmer,53.228,6.722,3,1.1,manual
20211108,15216.1,Westeremden,53.332,6.704,3,1.7,manual
20211110,42427,Oldenzijl,53.396,6.748,3,0.9,manual
20211113,90944.5,Zeerijp,53.351,6.745,3,1,manual
20211113,161223.6,Ten Post,53.278,6.746,3,0.9,manual
20211115,12205.29,Westeremden,53.353,6.692,3,0.9,manual
20211115,124152.29,Garrelsweer,53.294,6.776,3,0.6,manual
20211116,4648.39,Garrelsweer,53.309,6.751,3,3.2,manual
20211116,13416.3,Winneweer,53.31,6.749,3,0.6,manual
20211116,25744.29,Garrelsweer,53.307,6.749,3,0.3,manual
20211116,43804.79,Garrelsweer,53.307,6.748,3,0.2,manual
20211117,182528.3,Winneweer,53.311,6.747,3,0.9,manual
20211124,151112.19,Garrelsweer,53.295,6.798,3,0.5,manual
20211128,100520.8,Garrelsweer,53.306,6.752,3,0.6,manual
20211130,32251.6,Groningen,53.229,6.666,3,0.3,manual
20211130,84209.59,Appingedam,53.319,6.88,3,1.1,manual
20211201,2420.6,Toornwerd,53.348,6.631,3,0.7,manual
20211201,191634.1,Noordwolde,53.277,6.598,3,1.1,manual
20211201,202608.5,Steendam,53.276,6.836,3,0.9,manual
20211205,23805.5,Borgsweer,53.285,7.006,3,0.2,manual
20211209,121828.5,Groningen,53.252,6.591,3,1.2,manual
20211218,23325.1,Groningen,53.251,6.618,3,1.3,manual
20211225,223112.09,Oosterwijtwerd,53.33,6.827,3,0.6,manual
20211227,75547.2,Eems-Dollard (nabij Farmsum),53.355,6.964,3,1,manual
20211228,191904.9,Stedum,53.309,6.703,3,0.2,manual
20220101,231727,Wagenborgen,53.248,6.914,3,0.5,manual
20220124,2726.8,Loppersum,53.325,6.752,3,0.6,manual
20220126,35137.2,Siddeburen,53.233,6.868,3,0.3,manual
